Channel,Input_Type,Voltage_Scaling,Temp_A,Temp_B,Temp_C
16,voltage,2,0,0,0
17,voltage,3,0,0,0
18,voltage,2,0,0,0
19,voltage,3,0,0,0
20,temperature,1,1.119349044E-03,2.359019498E-04,7.926382169E-08
21,temperature,1,1.119349044E-03,2.359019498E-04,7.926382169E-08
22,temperature,1,1.119349044E-03,2.359019498E-04,7.926382169E-08
23,temperature,1,1.119349044E-03,2.359019498E-04,7.926382169E-08
24,temperature,1,1.119349044E-03,2.359019498E-04,7.926382169E-08
