2026-09-25 22:55:01 | INFO | Process-4[22648] | equipment | Virtual device connected: Fake Test DMM
2026-09-25 22:55:01 | INFO | Process-6[45972] | equipment | Virtual device connected: Fake Test DMM
2026-09-25 22:55:01 | INFO | Process-5[15204] | equipment | Virtual device connected: Fake Test DMM
2026-09-25 22:55:01 | INFO | Process-2[27176] | equipment | Virtual device connected: Fake Test PSU
2026-09-25 22:55:01 | INFO | Process-3[22260] | equipment | Virtual device connected: Fake Test Eload
2026-09-25 22:55:04 | INFO | Process-11[31056] | equipment | Virtual device connected: Fake Test DMM
2026-09-25 22:55:04 | INFO | Process-9[6440] | equipment | Virtual device connected: Fake Test PSU
2026-09-25 22:55:04 | INFO | Process-10[43440] | equipment | Virtual device connected: Fake Test Eload
2026-09-25 22:55:04 | INFO | Process-13[15416] | equipment | Virtual device connected: Fake Test DMM
2026-09-25 22:55:09 | INFO | Process-18[46404] | equipment | Virtual device connected: Fake Test DMM
2026-09-25 22:55:09 | INFO | Process-19[18704] | equipment | Virtual device connected: Fake Test DMM
2026-09-25 22:55:09 | INFO | Process-16[16204] | equipment | Virtual device connected: Fake Test PSU
2026-09-25 22:55:09 | INFO | Process-17[35036] | equipment | Virtual device connected: Fake Test Eload
2026-09-25 22:55:09 | INFO | Process-20[43384] | equipment | Virtual device connected: Fake Test DMM
2026-09-25 22:55:27 | INFO | Process-5[10048] | equipment | Virtual device connected: Fake Test DMM
2026-09-25 22:55:27 | INFO | Process-2[25312] | equipment | Virtual device connected: Fake Test PSU
2026-09-25 22:55:27 | INFO | Process-3[29868] | equipment | Virtual device connected: Fake Test Eload
2026-09-25 22:55:27 | INFO | Process-6[1288] | equipment | Virtual device connected: Fake Test DMM
2026-09-25 22:55:30 | INFO | Process-9[25856] | equipment | Virtual device connected: Fake Test PSU
2026-09-25 22:55:30 | INFO | Process-11[43492] | equipment | Virtual device connected: Fake Test DMM

2026-09-25 22:55:30 | INFO | Process-12[38416] | equipment | Virtual device connected: Fake Test DMM
2026-09-25 22:55:30 | INFO | Process-13[14628] | equipment | Virtual device connected: Fake Test DMM
2026-09-25 22:55:35 | INFO | Process-16[41092] | equipment | Virtual device connected: Fake Test PSU
2026-09-25 22:55:35 | INFO | Process-17[41996] | equipment | Virtual device connected: Fake Test Eload
2026-09-25 22:55:35 | INFO | Process-18[16332] | equipment | Virtual device connected: Fake Test DMM
2026-09-25 22:55:35 | INFO | Process-20[4912] | equipment | Virtual device connected: Fake Test DMM
2026-09-25 22:55:35 | INFO | Process-19[32944] | equipment | Virtual device connected: Fake Test DMM
2026-09-25 22:56:29 | INFO | Process-8[34484] | equipment | Virtual device connected: Fake Test DMM
2026-09-25 22:56:29 | INFO | Process-7[25696] | equipment | Virtual device connected: Fake Test Eload
2026-09-25 22:56:29 | INFO | Process-9[24220] | equipment | Virtual device connected: Fake Test DMM
2026-09-25 22:56:29 | INFO | Process-10[42780] | equipment | Virtual device connected: Fake Test DMM
2026-09-25 22:56:31 | INFO | Process-16[45660] | equipment | Virtual device connected: Fake Test DMM
2026-09-25 22:56:31 | INFO | Process-15[33108] | equipment | Virtual device connected: Fake Test DMM
2026-09-25 22:56:31 | INFO | Process-13[37436] | equipment | Virtual device connected: Fake Test PSU

2026-09-25 22:56:31 | INFO | Process-17[44788] | equipment | Virtual device connected: Fake Test DMM
2026-09-25 22:56:34 | INFO | Process-21[33664] | equipment | Virtual device connected: Fake Test Eload
2026-09-25 22:56:34 | INFO | Process-20[45680] | equipment | Virtual device connected: Fake Test PSU
2026-09-25 22:56:34 | INFO | Process-22[36276] | equipment | Virtual device connected: Fake Test DMM
2026-09-25 22:56:34 | INFO | Process-23[25828] | equipment | Virtual device connected: Fake Test DMM
2026-09-25 22:56:34 | INFO | Process-24[24928] | equipment | Virtual device connected: Fake Test DMM
2026-09-25 22:56:53 | INFO | Process-5[41028] | equipment | Virtual device connected: Fake Test DMM
2026-09-25 22:56:53 | INFO | Process-4[46152] | equipment | Virtual device connected: Fake Test DMM
2026-09-25 22:56:53 | INFO | Process-2[44260] | equipment | Virtual device connected: Fake Test PSU
2026-09-25 22:56:53 | INFO | Process-3[32464] | equipment | Virtual device connected: Fake Test Eload
2026-09-25 22:56:56 | INFO | Process-11[45612] | equipment | Virtual device connected: Fake Test DMM
2026-09-25 22:56:56 | INFO | Process-9[27876] | equipment | Virtual device connected: Fake Test PSU
2026-09-25 22:56:56 | INFO | Process-10[27068] | equipment | Virtual device connected: Fake Test Eload
2026-09-25 22:56:56 | INFO | Process-12[33916] | equipment | Virtual device connected: Fake Test DMM
2026-09-25 22:56:56 | INFO | Process-13[15916] | equipment | Virtual device connected: Fake Test DMM
2026-09-25 22:57:01 | INFO | Process-18[44232] | equipment | Virtual device connected: Fake Test DMM
2026-09-25 22:57:01 | INFO | Process-16[19872] | equipment | Virtual device connected: Fake Test PSU
2026-09-25 22:57:01 | INFO | Process-17[26556] | equipment | Virtual device connected: Fake Test Eload
2026-09-25 22:57:01 | INFO | Process-19[37044] | equipment | Virtual device connected: Fake Test DMM
2026-09-25 22:57:01 | INFO | Process-20[36192] | equipment | Virtual device connected: Fake Test DMM
2026-09-25 22:57:42 | INFO | Process-2[33968] | equipment | Virtual device connected: Fake Test PSU
2026-09-25 22:57:42 | INFO | Process-3[32984] | equipment | Virtual device connected: Fake Test Eload
2026-09-25 22:57:42 | INFO | Process-4[43472] | equipment | Virtual device connected: Fake Test DMM
2026-09-25 22:57:42 | INFO | Process-5[29648] | equipment | Virtual device connected: Fake Test DMM
2026-09-25 22:57:42 | INFO | Process-6[41080] | equipment | Virtual device connected: Fake Test DMM
2026-09-25 22:57:45 | INFO | Process-9[27276] | equipment | Virtual device connected: Fake Test PSU
2026-09-25 22:57:45 | INFO | Process-10[37524] | equipment | Virtual device connected: Fake Test Eload
2026-09-25 22:57:45 | INFO | Process-13[10380] | equipment | Virtual device connected: Fake Test DMM
2026-09-25 22:57:45 | INFO | Process-11[24000] | equipment | Virtual device connected: Fake Test DMM
2026-09-25 22:57:45 | INFO | Process-12[36084] | equipment | Virtual device connected: Fake Test DMM
2026-09-25 22:57:45 | WARNING | Process-14[42056] | pint.util | Redefining 'ampere_hour' (<class 'pint.delegates.txt_defparser.plain.UnitDefinition'>)
2026-09-25 22:57:45 | WARNING | Process-14[42056] | pint.util | Redefining 'Ah' (<class 'pint.delegates.txt_defparser.plain.UnitDefinition'>)
2026-09-25 22:57:45 | WARNING | Process-14[42056] | pint.util | Redefining 'watt_hour' (<class 'pint.delegates.txt_defparser.plain.UnitDefinition'>)
2026-09-25 22:57:45 | WARNING | Process-14[42056] | pint.util | Redefining 'Wh' (<class 'pint.delegates.txt_defparser.plain.UnitDefinition'>)
2026-09-25 22:57:47 | INFO | Process-14[42056] | charge_discharge.cycle_executor | CH0 - Cycle 1 starting
2026-09-25 22:57:47 | INFO | Process-14[42056] | charge_discharge.cycle_executor | CH0 - Cycle settings: [{'cycle_type': 'step', 'cycle_display': 'Discharge', 'drive_style': 'current_a', 'drive_value': -10.0, 'drive_value_other': 0.0, 'end_style': 'time_s', 'end_condition': 'greater', 'end_value': 0.05, 'meas_log_int_s': 0.01, 'safety_min_voltage_v': 2.0, 'safety_max_voltage_v': 4.3, 'safety_min_current_a': -10.0, 'safety_max_current_a': 10.0, 'safety_max_time_s': 2.0}]
2026-09-25 22:57:47 | INFO | Process-14[42056] | charge_discharge.cycle_executor | CH0 - Cycle 1 step 0 starting
2026-09-25 22:57:47 | INFO | Process-14[42056] | charge_discharge.cycle_executor | CH0 - Step settings: {'cycle_type': 'step', 'cycle_display': 'Discharge', 'drive_style': 'current_a', 'drive_value': -10.0, 'drive_value_other': 0.0, 'end_style': 'time_s', 'end_condition': 'greater', 'end_value': 0.05, 'meas_log_int_s': 0.01, 'safety_min_voltage_v': 2.0, 'safety_max_voltage_v': 4.3, 'safety_min_current_a': -10.0, 'safety_max_current_a': 10.0, 'safety_max_time_s': 2.0}
2026-09-25 22:57:47 | INFO | Process-14[42056] | charge_discharge.runner | Voltage measurement equipment chosen
2026-09-25 22:57:47 | INFO | Process-14[42056] | charge_discharge.runner | Current measurement equipment chosen
2026-09-25 22:57:47 | INFO | Process-14[42056] | charge_discharge.runner | Current-driven step setup
2026-09-25 22:57:47 | INFO | Process-14[42056] | charge_discharge.runner | Start step successful
2026-09-25 22:57:47 | INFO | Process-14[42056] | charge_discharge.runner | End condition before measurement loop: none
2026-09-25 22:57:47 | INFO | Process-14[42056] | charge_discharge.cycle_executor | CH0 - Cycle 1 step 0 ending; reason: end_condition
2026-09-25 22:57:47 | INFO | Process-14[42056] | charge_discharge.cycle_executor | CH0 - Cycle 1 ending
2026-09-25 22:57:47 | INFO | Process-14[42056] | charge_discharge.cycle_executor | CH0 - Cycle 2 starting
2026-09-25 22:57:47 | INFO | Process-14[42056] | charge_discharge.cycle_executor | CH0 - Cycle settings: [{'cycle_type': 'step', 'cycle_display': 'Discharge', 'drive_style': 'current_a', 'drive_value': -10.0, 'drive_value_other': 0.0, 'end_style': 'time_s', 'end_condition': 'greater', 'end_value': 0.05, 'meas_log_int_s': 0.01, 'safety_min_voltage_v': 2.0, 'safety_max_voltage_v': 4.3, 'safety_min_current_a': -10.0, 'safety_max_current_a': 10.0, 'safety_max_time_s': 2.0}]
2026-09-25 22:57:47 | INFO | Process-14[42056] | charge_discharge.cycle_executor | CH0 - Cycle 2 step 0 starting
2026-09-25 22:57:47 | INFO | Process-14[42056] | charge_discharge.cycle_executor | CH0 - Step settings: {'cycle_type': 'step', 'cycle_display': 'Discharge', 'drive_style': 'current_a', 'drive_value': -10.0, 'drive_value_other': 0.0, 'end_style': 'time_s', 'end_condition': 'greater', 'end_value': 0.05, 'meas_log_int_s': 0.01, 'safety_min_voltage_v': 2.0, 'safety_max_voltage_v': 4.3, 'safety_min_current_a': -10.0, 'safety_max_current_a': 10.0, 'safety_max_time_s': 2.0}
2026-09-25 22:57:47 | INFO | Process-14[42056] | charge_discharge.runner | Voltage measurement equipment chosen
2026-09-25 22:57:47 | INFO | Process-14[42056] | charge_discharge.runner | Current measurement equipment chosen
2026-09-25 22:57:47 | INFO | Process-14[42056] | charge_discharge.runner | Current-driven step setup
2026-09-25 22:57:47 | INFO | Process-14[42056] | charge_discharge.runner | Start step successful
2026-09-25 22:57:48 | INFO | Process-14[42056] | charge_discharge.runner | End condition before measurement loop: none
2026-09-25 22:57:48 | INFO | Process-14[42056] | charge_discharge.cycle_executor | CH0 - Cycle 2 step 0 ending; reason: end_condition
2026-09-25 22:57:48 | INFO | Process-14[42056] | charge_discharge.cycle_executor | CH0 - Cycle 2 ending
2026-09-25 22:57:48 | INFO | Process-14[42056] | charge_discharge.cycle_executor | CH0 - All cycles completed
2026-09-25 22:57:50 | INFO | Process-20[35208] | equipment | Virtual device connected: Fake Test DMM
2026-09-25 22:57:50 | INFO | Process-17[41816] | equipment | Virtual device connected: Fake Test Eload
2026-09-25 22:57:50 | INFO | Process-18[33476] | equipment | Virtual device connected: Fake Test DMM
2026-09-25 22:57:50 | INFO | Process-19[40772] | equipment | Virtual device connected: Fake Test DMM
2026-09-25 22:57:50 | INFO | Process-16[42872] | equipment | Virtual device connected: Fake Test PSU
2026-09-25 22:57:51 | WARNING | Process-21[41940] | pint.util | Redefining 'ampere_hour' (<class 'pint.delegates.txt_defparser.plain.UnitDefinition'>)
2026-09-25 22:57:51 | WARNING | Process-21[41940] | pint.util | Redefining 'Ah' (<class 'pint.delegates.txt_defparser.plain.UnitDefinition'>)
2026-09-25 22:57:51 | WARNING | Process-21[41940] | pint.util | Redefining 'watt_hour' (<class 'pint.delegates.txt_defparser.plain.UnitDefinition'>)
2026-09-25 22:57:51 | WARNING | Process-21[41940] | pint.util | Redefining 'Wh' (<class 'pint.delegates.txt_defparser.plain.UnitDefinition'>)
2026-09-25 22:57:53 | INFO | Process-21[41940] | charge_discharge.cycle_executor | CH0 - Cycle 3 starting
2026-09-25 22:57:53 | INFO | Process-21[41940] | charge_discharge.cycle_executor | CH0 - Cycle settings: [{'cycle_type': 'step', 'cycle_display': 'Discharge', 'drive_style': 'current_a', 'drive_value': -10.0, 'drive_value_other': 0.0, 'end_style': 'time_s', 'end_condition': 'greater', 'end_value': 0.05, 'meas_log_int_s': 0.01, 'safety_min_voltage_v': 2.0, 'safety_max_voltage_v': 4.3, 'safety_min_current_a': -10.0, 'safety_max_current_a': 10.0, 'safety_max_time_s': 2.0}]
2026-09-25 22:57:53 | INFO | Process-21[41940] | charge_discharge.cycle_executor | CH0 - Cycle 3 step 0 starting
2026-09-25 22:57:53 | INFO | Process-21[41940] | charge_discharge.cycle_executor | CH0 - Step settings: {'cycle_type': 'step', 'cycle_display': 'Discharge', 'drive_style': 'current_a', 'drive_value': -10.0, 'drive_value_other': 0.0, 'end_style': 'time_s', 'end_condition': 'greater', 'end_value': 0.05, 'meas_log_int_s': 0.01, 'safety_min_voltage_v': 2.0, 'safety_max_voltage_v': 4.3, 'safety_min_current_a': -10.0, 'safety_max_current_a': 10.0, 'safety_max_time_s': 2.0}
2026-09-25 22:57:53 | INFO | Process-21[41940] | charge_discharge.runner | Voltage measurement equipment chosen
2026-09-25 22:57:53 | INFO | Process-21[41940] | charge_discharge.runner | Current measurement equipment chosen
2026-09-25 22:57:53 | INFO | Process-21[41940] | charge_discharge.runner | Current-driven step setup
2026-09-25 22:57:53 | INFO | Process-21[41940] | charge_discharge.runner | Start step successful
2026-09-25 22:57:53 | INFO | Process-21[41940] | charge_discharge.runner | End condition before measurement loop: none
2026-09-25 22:57:53 | INFO | Process-21[41940] | charge_discharge.cycle_executor | CH0 - Cycle 3 step 0 ending; reason: end_condition
2026-09-25 22:57:53 | INFO | Process-21[41940] | charge_discharge.cycle_executor | CH0 - Cycle 3 ending
2026-09-25 22:57:53 | INFO | Process-21[41940] | charge_discharge.cycle_executor | CH0 - All cycles completed
2026-09-25 23:02:15 | INFO | Process-5[39356] | equipment | Virtual device connected: Fake Test DMM
2026-09-25 23:02:15 | INFO | Process-6[45424] | equipment | Virtual device connected: Fake Test DMM
2026-09-25 23:02:15 | INFO | Process-4[40772] | equipment | Virtual device connected: Fake Test DMM
2026-09-25 23:02:15 | INFO | Process-2[26056] | equipment | Virtual device connected: Fake Test PSU
2026-09-25 23:02:15 | INFO | Process-3[17836] | equipment | Virtual device connected: Fake Test Eload
2026-09-25 23:02:17 | INFO | Process-9[39436] | equipment | Virtual device connected: Fake Test PSU
2026-09-25 23:02:17 | INFO | Process-11[34364] | equipment | Virtual device connected: Fake Test DMM

2026-09-25 23:02:17 | INFO | Process-13[25828] | equipment | Virtual device connected: Fake Test DMM
2026-09-25 23:02:17 | INFO | Process-12[38552] | equipment | Virtual device connected: Fake Test DMM
2026-09-25 23:02:18 | WARNING | Process-14[27276] | pint.util | Redefining 'ampere_hour' (<class 'pint.delegates.txt_defparser.plain.UnitDefinition'>)
2026-09-25 23:02:18 | WARNING | Process-14[27276] | pint.util | Redefining 'Ah' (<class 'pint.delegates.txt_defparser.plain.UnitDefinition'>)
2026-09-25 23:02:18 | WARNING | Process-14[27276] | pint.util | Redefining 'watt_hour' (<class 'pint.delegates.txt_defparser.plain.UnitDefinition'>)
2026-09-25 23:02:18 | WARNING | Process-14[27276] | pint.util | Redefining 'Wh' (<class 'pint.delegates.txt_defparser.plain.UnitDefinition'>)
2026-09-25 23:02:20 | INFO | Process-14[27276] | charge_discharge.cycle_executor | CH0 - Cycle 1 starting
2026-09-25 23:02:20 | INFO | Process-14[27276] | charge_discharge.cycle_executor | CH0 - Cycle settings: [{'cycle_type': 'step', 'cycle_display': 'Discharge', 'drive_style': 'current_a', 'drive_value': -10.0, 'drive_value_other': 0.0, 'end_style': 'time_s', 'end_condition': 'greater', 'end_value': 0.05, 'meas_log_int_s': 0.01, 'safety_min_voltage_v': 2.0, 'safety_max_voltage_v': 4.3, 'safety_min_current_a': -10.0, 'safety_max_current_a': 10.0, 'safety_max_time_s': 2.0}]
2026-09-25 23:02:20 | INFO | Process-14[27276] | charge_discharge.cycle_executor | CH0 - Cycle 1 step 0 starting
2026-09-25 23:02:20 | INFO | Process-14[27276] | charge_discharge.cycle_executor | CH0 - Step settings: {'cycle_type': 'step', 'cycle_display': 'Discharge', 'drive_style': 'current_a', 'drive_value': -10.0, 'drive_value_other': 0.0, 'end_style': 'time_s', 'end_condition': 'greater', 'end_value': 0.05, 'meas_log_int_s': 0.01, 'safety_min_voltage_v': 2.0, 'safety_max_voltage_v': 4.3, 'safety_min_current_a': -10.0, 'safety_max_current_a': 10.0, 'safety_max_time_s': 2.0}
2026-09-25 23:02:20 | INFO | Process-14[27276] | charge_discharge.runner | Voltage measurement equipment chosen
2026-09-25 23:02:20 | INFO | Process-14[27276] | charge_discharge.runner | Current measurement equipment chosen
2026-09-25 23:02:20 | INFO | Process-14[27276] | charge_discharge.runner | Current-driven step setup
2026-09-25 23:02:20 | INFO | Process-14[27276] | charge_discharge.runner | Start step successful
2026-09-25 23:02:20 | INFO | Process-14[27276] | charge_discharge.runner | End condition before measurement loop: none
2026-09-25 23:02:20 | INFO | Process-14[27276] | charge_discharge.cycle_executor | CH0 - Cycle 1 step 0 ending; reason: end_condition
2026-09-25 23:02:20 | INFO | Process-14[27276] | charge_discharge.cycle_executor | CH0 - Cycle 1 ending
2026-09-25 23:02:20 | INFO | Process-14[27276] | charge_discharge.cycle_executor | CH0 - Cycle 2 starting
2026-09-25 23:02:20 | INFO | Process-14[27276] | charge_discharge.cycle_executor | CH0 - Cycle settings: [{'cycle_type': 'step', 'cycle_display': 'Discharge', 'drive_style': 'current_a', 'drive_value': -10.0, 'drive_value_other': 0.0, 'end_style': 'time_s', 'end_condition': 'greater', 'end_value': 0.05, 'meas_log_int_s': 0.01, 'safety_min_voltage_v': 2.0, 'safety_max_voltage_v': 4.3, 'safety_min_current_a': -10.0, 'safety_max_current_a': 10.0, 'safety_max_time_s': 2.0}]
2026-09-25 23:02:20 | INFO | Process-14[27276] | charge_discharge.cycle_executor | CH0 - Cycle 2 step 0 starting
2026-09-25 23:02:20 | INFO | Process-14[27276] | charge_discharge.cycle_executor | CH0 - Step settings: {'cycle_type': 'step', 'cycle_display': 'Discharge', 'drive_style': 'current_a', 'drive_value': -10.0, 'drive_value_other': 0.0, 'end_style': 'time_s', 'end_condition': 'greater', 'end_value': 0.05, 'meas_log_int_s': 0.01, 'safety_min_voltage_v': 2.0, 'safety_max_voltage_v': 4.3, 'safety_min_current_a': -10.0, 'safety_max_current_a': 10.0, 'safety_max_time_s': 2.0}
2026-09-25 23:02:20 | INFO | Process-14[27276] | charge_discharge.runner | Voltage measurement equipment chosen
2026-09-25 23:02:20 | INFO | Process-14[27276] | charge_discharge.runner | Current measurement equipment chosen
2026-09-25 23:02:20 | INFO | Process-14[27276] | charge_discharge.runner | Current-driven step setup
2026-09-25 23:02:20 | INFO | Process-14[27276] | charge_discharge.runner | Start step successful
2026-09-25 23:02:20 | INFO | Process-14[27276] | charge_discharge.runner | End condition before measurement loop: none
2026-09-25 23:02:20 | INFO | Process-14[27276] | charge_discharge.cycle_executor | CH0 - Cycle 2 step 0 ending; reason: end_condition
2026-09-25 23:02:20 | INFO | Process-14[27276] | charge_discharge.cycle_executor | CH0 - Cycle 2 ending
2026-09-25 23:02:20 | INFO | Process-14[27276] | charge_discharge.cycle_executor | CH0 - All cycles completed
2026-09-25 23:02:23 | INFO | Process-16[33384] | equipment | Virtual device connected: Fake Test PSU
2026-09-25 23:02:23 | INFO | Process-17[29168] | equipment | Virtual device connected: Fake Test Eload
2026-09-25 23:02:23 | INFO | Process-19[40756] | equipment | Virtual device connected: Fake Test DMM
2026-09-25 23:02:23 | INFO | Process-20[41920] | equipment | Virtual device connected: Fake Test DMM
2026-09-25 23:02:24 | WARNING | Process-21[20120] | pint.util | Redefining 'ampere_hour' (<class 'pint.delegates.txt_defparser.plain.UnitDefinition'>)
2026-09-25 23:02:24 | WARNING | Process-21[20120] | pint.util | Redefining 'Ah' (<class 'pint.delegates.txt_defparser.plain.UnitDefinition'>)
2026-09-25 23:02:24 | WARNING | Process-21[20120] | pint.util | Redefining 'watt_hour' (<class 'pint.delegates.txt_defparser.plain.UnitDefinition'>)
2026-09-25 23:02:24 | WARNING | Process-21[20120] | pint.util | Redefining 'Wh' (<class 'pint.delegates.txt_defparser.plain.UnitDefinition'>)
2026-09-25 23:02:26 | INFO | Process-21[20120] | charge_discharge.cycle_executor | CH0 - Cycle 3 starting
2026-09-25 23:02:26 | INFO | Process-21[20120] | charge_discharge.cycle_executor | CH0 - Cycle settings: [{'cycle_type': 'step', 'cycle_display': 'Discharge', 'drive_style': 'current_a', 'drive_value': -10.0, 'drive_value_other': 0.0, 'end_style': 'time_s', 'end_condition': 'greater', 'end_value': 0.05, 'meas_log_int_s': 0.01, 'safety_min_voltage_v': 2.0, 'safety_max_voltage_v': 4.3, 'safety_min_current_a': -10.0, 'safety_max_current_a': 10.0, 'safety_max_time_s': 2.0}]
2026-09-25 23:02:26 | INFO | Process-21[20120] | charge_discharge.cycle_executor | CH0 - Cycle 3 step 0 starting
2026-09-25 23:02:26 | INFO | Process-21[20120] | charge_discharge.cycle_executor | CH0 - Step settings: {'cycle_type': 'step', 'cycle_display': 'Discharge', 'drive_style': 'current_a', 'drive_value': -10.0, 'drive_value_other': 0.0, 'end_style': 'time_s', 'end_condition': 'greater', 'end_value': 0.05, 'meas_log_int_s': 0.01, 'safety_min_voltage_v': 2.0, 'safety_max_voltage_v': 4.3, 'safety_min_current_a': -10.0, 'safety_max_current_a': 10.0, 'safety_max_time_s': 2.0}
2026-09-25 23:02:26 | INFO | Process-21[20120] | charge_discharge.runner | Voltage measurement equipment chosen
2026-09-25 23:02:26 | INFO | Process-21[20120] | charge_discharge.runner | Current measurement equipment chosen
2026-09-25 23:02:26 | INFO | Process-21[20120] | charge_discharge.runner | Current-driven step setup
2026-09-25 23:02:26 | INFO | Process-21[20120] | charge_discharge.runner | Start step successful
2026-09-25 23:02:26 | INFO | Process-21[20120] | charge_discharge.runner | End condition before measurement loop: none
2026-09-25 23:02:26 | INFO | Process-21[20120] | charge_discharge.cycle_executor | CH0 - Cycle 3 step 0 ending; reason: end_condition
2026-09-25 23:02:26 | INFO | Process-21[20120] | charge_discharge.cycle_executor | CH0 - Cycle 3 ending
2026-09-25 23:02:26 | INFO | Process-21[20120] | charge_discharge.cycle_executor | CH0 - All cycles completed
2026-09-25 23:02:45 | INFO | Process-4[41268] | equipment | Virtual device connected: Fake Test DMM
2026-09-25 23:02:45 | INFO | Process-5[35420] | equipment | Virtual device connected: Fake Test DMM
2026-09-25 23:02:45 | INFO | Process-3[44108] | equipment | Virtual device connected: Fake Test Eload
2026-09-25 23:02:45 | INFO | Process-2[11756] | equipment | Virtual device connected: Fake Test PSU
2026-09-25 23:02:45 | INFO | Process-6[43576] | equipment | Virtual device connected: Fake Test DMM
2026-09-25 23:02:48 | INFO | Process-12[24152] | equipment | Virtual device connected: Fake Test DMM

2026-09-25 23:02:48 | INFO | Process-11[32000] | equipment | Virtual device connected: Fake Test DMM
2026-09-25 23:02:48 | INFO | Process-13[25264] | equipment | Virtual device connected: Fake Test DMM
2026-09-25 23:02:48 | INFO | Process-9[17360] | equipment | Virtual device connected: Fake Test PSU
2026-09-25 23:02:48 | WARNING | Process-14[27176] | pint.util | Redefining 'ampere_hour' (<class 'pint.delegates.txt_defparser.plain.UnitDefinition'>)
2026-09-25 23:02:48 | WARNING | Process-14[27176] | pint.util | Redefining 'Ah' (<class 'pint.delegates.txt_defparser.plain.UnitDefinition'>)
2026-09-25 23:02:48 | WARNING | Process-14[27176] | pint.util | Redefining 'watt_hour' (<class 'pint.delegates.txt_defparser.plain.UnitDefinition'>)
2026-09-25 23:02:48 | WARNING | Process-14[27176] | pint.util | Redefining 'Wh' (<class 'pint.delegates.txt_defparser.plain.UnitDefinition'>)
2026-09-25 23:02:50 | INFO | Process-14[27176] | charge_discharge.cycle_executor | CH0 - Cycle 1 starting
2026-09-25 23:02:50 | INFO | Process-14[27176] | charge_discharge.cycle_executor | CH0 - Cycle settings: [{'cycle_type': 'step', 'cycle_display': 'Discharge', 'drive_style': 'current_a', 'drive_value': -10.0, 'drive_value_other': 0.0, 'end_style': 'time_s', 'end_condition': 'greater', 'end_value': 0.05, 'meas_log_int_s': 0.01, 'safety_min_voltage_v': 2.0, 'safety_max_voltage_v': 4.3, 'safety_min_current_a': -10.0, 'safety_max_current_a': 10.0, 'safety_max_time_s': 2.0}]
2026-09-25 23:02:50 | INFO | Process-14[27176] | charge_discharge.cycle_executor | CH0 - Cycle 1 step 0 starting
2026-09-25 23:02:50 | INFO | Process-14[27176] | charge_discharge.cycle_executor | CH0 - Step settings: {'cycle_type': 'step', 'cycle_display': 'Discharge', 'drive_style': 'current_a', 'drive_value': -10.0, 'drive_value_other': 0.0, 'end_style': 'time_s', 'end_condition': 'greater', 'end_value': 0.05, 'meas_log_int_s': 0.01, 'safety_min_voltage_v': 2.0, 'safety_max_voltage_v': 4.3, 'safety_min_current_a': -10.0, 'safety_max_current_a': 10.0, 'safety_max_time_s': 2.0}
2026-09-25 23:02:50 | INFO | Process-14[27176] | charge_discharge.runner | Voltage measurement equipment chosen
2026-09-25 23:02:50 | INFO | Process-14[27176] | charge_discharge.runner | Current measurement equipment chosen
2026-09-25 23:02:50 | INFO | Process-14[27176] | charge_discharge.runner | Current-driven step setup
2026-09-25 23:02:50 | INFO | Process-14[27176] | charge_discharge.runner | Start step successful
2026-09-25 23:02:50 | INFO | Process-14[27176] | charge_discharge.runner | End condition before measurement loop: none
2026-09-25 23:02:50 | INFO | Process-14[27176] | charge_discharge.cycle_executor | CH0 - Cycle 1 step 0 ending; reason: end_condition
2026-09-25 23:02:50 | INFO | Process-14[27176] | charge_discharge.cycle_executor | CH0 - Cycle 1 ending
2026-09-25 23:02:50 | INFO | Process-14[27176] | charge_discharge.cycle_executor | CH0 - Cycle 2 starting
2026-09-25 23:02:50 | INFO | Process-14[27176] | charge_discharge.cycle_executor | CH0 - Cycle settings: [{'cycle_type': 'step', 'cycle_display': 'Discharge', 'drive_style': 'current_a', 'drive_value': -10.0, 'drive_value_other': 0.0, 'end_style': 'time_s', 'end_condition': 'greater', 'end_value': 0.05, 'meas_log_int_s': 0.01, 'safety_min_voltage_v': 2.0, 'safety_max_voltage_v': 4.3, 'safety_min_current_a': -10.0, 'safety_max_current_a': 10.0, 'safety_max_time_s': 2.0}]
2026-09-25 23:02:50 | INFO | Process-14[27176] | charge_discharge.cycle_executor | CH0 - Cycle 2 step 0 starting
2026-09-25 23:02:50 | INFO | Process-14[27176] | charge_discharge.cycle_executor | CH0 - Step settings: {'cycle_type': 'step', 'cycle_display': 'Discharge', 'drive_style': 'current_a', 'drive_value': -10.0, 'drive_value_other': 0.0, 'end_style': 'time_s', 'end_condition': 'greater', 'end_value': 0.05, 'meas_log_int_s': 0.01, 'safety_min_voltage_v': 2.0, 'safety_max_voltage_v': 4.3, 'safety_min_current_a': -10.0, 'safety_max_current_a': 10.0, 'safety_max_time_s': 2.0}
2026-09-25 23:02:50 | INFO | Process-14[27176] | charge_discharge.runner | Voltage measurement equipment chosen
2026-09-25 23:02:50 | INFO | Process-14[27176] | charge_discharge.runner | Current measurement equipment chosen
2026-09-25 23:02:50 | INFO | Process-14[27176] | charge_discharge.runner | Current-driven step setup
2026-09-25 23:02:51 | INFO | Process-14[27176] | charge_discharge.runner | Start step successful
2026-09-25 23:02:51 | INFO | Process-14[27176] | charge_discharge.runner | End condition before measurement loop: none
2026-09-25 23:02:51 | INFO | Process-14[27176] | charge_discharge.cycle_executor | CH0 - Cycle 2 step 0 ending; reason: end_condition
2026-09-25 23:02:51 | INFO | Process-14[27176] | charge_discharge.cycle_executor | CH0 - Cycle 2 ending
2026-09-25 23:02:51 | INFO | Process-14[27176] | charge_discharge.cycle_executor | CH0 - All cycles completed
2026-09-25 23:02:53 | INFO | Process-17[38024] | equipment | Virtual device connected: Fake Test Eload
2026-09-25 23:02:53 | INFO | Process-20[37968] | equipment | Virtual device connected: Fake Test DMM
2026-09-25 23:02:53 | INFO | Process-16[45036] | equipment | Virtual device connected: Fake Test PSU
2026-09-25 23:02:53 | INFO | Process-19[39276] | equipment | Virtual device connected: Fake Test DMM
2026-09-25 23:02:53 | INFO | Process-18[44972] | equipment | Virtual device connected: Fake Test DMM
2026-09-25 23:02:54 | WARNING | Process-21[43044] | pint.util | Redefining 'ampere_hour' (<class 'pint.delegates.txt_defparser.plain.UnitDefinition'>)
2026-09-25 23:02:54 | WARNING | Process-21[43044] | pint.util | Redefining 'Ah' (<class 'pint.delegates.txt_defparser.plain.UnitDefinition'>)
2026-09-25 23:02:54 | WARNING | Process-21[43044] | pint.util | Redefining 'watt_hour' (<class 'pint.delegates.txt_defparser.plain.UnitDefinition'>)
2026-09-25 23:02:54 | WARNING | Process-21[43044] | pint.util | Redefining 'Wh' (<class 'pint.delegates.txt_defparser.plain.UnitDefinition'>)
2026-09-25 23:02:56 | INFO | Process-21[43044] | charge_discharge.cycle_executor | CH0 - Cycle 3 starting
2026-09-25 23:02:56 | INFO | Process-21[43044] | charge_discharge.cycle_executor | CH0 - Cycle settings: [{'cycle_type': 'step', 'cycle_display': 'Discharge', 'drive_style': 'current_a', 'drive_value': -10.0, 'drive_value_other': 0.0, 'end_style': 'time_s', 'end_condition': 'greater', 'end_value': 0.05, 'meas_log_int_s': 0.01, 'safety_min_voltage_v': 2.0, 'safety_max_voltage_v': 4.3, 'safety_min_current_a': -10.0, 'safety_max_current_a': 10.0, 'safety_max_time_s': 2.0}]
2026-09-25 23:02:56 | INFO | Process-21[43044] | charge_discharge.cycle_executor | CH0 - Cycle 3 step 0 starting
2026-09-25 23:02:56 | INFO | Process-21[43044] | charge_discharge.cycle_executor | CH0 - Step settings: {'cycle_type': 'step', 'cycle_display': 'Discharge', 'drive_style': 'current_a', 'drive_value': -10.0, 'drive_value_other': 0.0, 'end_style': 'time_s', 'end_condition': 'greater', 'end_value': 0.05, 'meas_log_int_s': 0.01, 'safety_min_voltage_v': 2.0, 'safety_max_voltage_v': 4.3, 'safety_min_current_a': -10.0, 'safety_max_current_a': 10.0, 'safety_max_time_s': 2.0}
2026-09-25 23:02:56 | INFO | Process-21[43044] | charge_discharge.runner | Voltage measurement equipment chosen
2026-09-25 23:02:56 | INFO | Process-21[43044] | charge_discharge.runner | Current measurement equipment chosen
2026-09-25 23:02:56 | INFO | Process-21[43044] | charge_discharge.runner | Current-driven step setup
2026-09-25 23:02:56 | INFO | Process-21[43044] | charge_discharge.runner | Start step successful
2026-09-25 23:02:56 | INFO | Process-21[43044] | charge_discharge.runner | End condition before measurement loop: none
2026-09-25 23:02:56 | INFO | Process-21[43044] | charge_discharge.cycle_executor | CH0 - Cycle 3 step 0 ending; reason: end_condition
2026-09-25 23:02:56 | INFO | Process-21[43044] | charge_discharge.cycle_executor | CH0 - Cycle 3 ending
2026-09-25 23:02:56 | INFO | Process-21[43044] | charge_discharge.cycle_executor | CH0 - All cycles completed
2026-09-25 23:03:49 | INFO | Process-7[37436] | equipment | Virtual device connected: Fake Test Eload
2026-09-25 23:03:49 | INFO | Process-10[3140] | equipment | Virtual device connected: Fake Test DMM
2026-09-25 23:03:49 | INFO | Process-6[37404] | equipment | Virtual device connected: Fake Test PSU
2026-09-25 23:03:49 | INFO | Process-8[876] | equipment | Virtual device connected: Fake Test DMM
2026-09-25 23:03:51 | INFO | Process-16[45508] | equipment | Virtual device connected: Fake Test DMM

2026-09-25 23:03:51 | INFO | Process-15[31452] | equipment | Virtual device connected: Fake Test DMM
2026-09-25 23:03:51 | INFO | Process-13[29560] | equipment | Virtual device connected: Fake Test PSU
2026-09-25 23:03:51 | INFO | Process-17[20116] | equipment | Virtual device connected: Fake Test DMM
2026-09-25 23:03:52 | WARNING | Process-18[34920] | pint.util | Redefining 'ampere_hour' (<class 'pint.delegates.txt_defparser.plain.UnitDefinition'>)
2026-09-25 23:03:52 | WARNING | Process-18[34920] | pint.util | Redefining 'Ah' (<class 'pint.delegates.txt_defparser.plain.UnitDefinition'>)
2026-09-25 23:03:52 | WARNING | Process-18[34920] | pint.util | Redefining 'watt_hour' (<class 'pint.delegates.txt_defparser.plain.UnitDefinition'>)
2026-09-25 23:03:52 | WARNING | Process-18[34920] | pint.util | Redefining 'Wh' (<class 'pint.delegates.txt_defparser.plain.UnitDefinition'>)
2026-09-25 23:03:54 | INFO | Process-18[34920] | charge_discharge.cycle_executor | CH0 - Cycle 1 starting
2026-09-25 23:03:54 | INFO | Process-18[34920] | charge_discharge.cycle_executor | CH0 - Cycle settings: [{'cycle_type': 'step', 'cycle_display': 'Discharge', 'drive_style': 'current_a', 'drive_value': -10.0, 'drive_value_other': 0.0, 'end_style': 'time_s', 'end_condition': 'greater', 'end_value': 0.05, 'meas_log_int_s': 0.01, 'safety_min_voltage_v': 2.0, 'safety_max_voltage_v': 4.3, 'safety_min_current_a': -10.0, 'safety_max_current_a': 10.0, 'safety_max_time_s': 2.0}]
2026-09-25 23:03:54 | INFO | Process-18[34920] | charge_discharge.cycle_executor | CH0 - Cycle 1 step 0 starting
2026-09-25 23:03:54 | INFO | Process-18[34920] | charge_discharge.cycle_executor | CH0 - Step settings: {'cycle_type': 'step', 'cycle_display': 'Discharge', 'drive_style': 'current_a', 'drive_value': -10.0, 'drive_value_other': 0.0, 'end_style': 'time_s', 'end_condition': 'greater', 'end_value': 0.05, 'meas_log_int_s': 0.01, 'safety_min_voltage_v': 2.0, 'safety_max_voltage_v': 4.3, 'safety_min_current_a': -10.0, 'safety_max_current_a': 10.0, 'safety_max_time_s': 2.0}
2026-09-25 23:03:54 | INFO | Process-18[34920] | charge_discharge.runner | Voltage measurement equipment chosen
2026-09-25 23:03:54 | INFO | Process-18[34920] | charge_discharge.runner | Current measurement equipment chosen
2026-09-25 23:03:54 | INFO | Process-18[34920] | charge_discharge.runner | Current-driven step setup
2026-09-25 23:03:54 | INFO | Process-18[34920] | charge_discharge.runner | Start step successful
2026-09-25 23:03:54 | INFO | Process-18[34920] | charge_discharge.runner | End condition before measurement loop: none
2026-09-25 23:03:54 | INFO | Process-18[34920] | charge_discharge.cycle_executor | CH0 - Cycle 1 step 0 ending; reason: end_condition
2026-09-25 23:03:54 | INFO | Process-18[34920] | charge_discharge.cycle_executor | CH0 - Cycle 1 ending
2026-09-25 23:03:54 | INFO | Process-18[34920] | charge_discharge.cycle_executor | CH0 - Cycle 2 starting
2026-09-25 23:03:54 | INFO | Process-18[34920] | charge_discharge.cycle_executor | CH0 - Cycle settings: [{'cycle_type': 'step', 'cycle_display': 'Discharge', 'drive_style': 'current_a', 'drive_value': -10.0, 'drive_value_other': 0.0, 'end_style': 'time_s', 'end_condition': 'greater', 'end_value': 0.05, 'meas_log_int_s': 0.01, 'safety_min_voltage_v': 2.0, 'safety_max_voltage_v': 4.3, 'safety_min_current_a': -10.0, 'safety_max_current_a': 10.0, 'safety_max_time_s': 2.0}]
2026-09-25 23:03:54 | INFO | Process-18[34920] | charge_discharge.cycle_executor | CH0 - Cycle 2 step 0 starting
2026-09-25 23:03:54 | INFO | Process-18[34920] | charge_discharge.cycle_executor | CH0 - Step settings: {'cycle_type': 'step', 'cycle_display': 'Discharge', 'drive_style': 'current_a', 'drive_value': -10.0, 'drive_value_other': 0.0, 'end_style': 'time_s', 'end_condition': 'greater', 'end_value': 0.05, 'meas_log_int_s': 0.01, 'safety_min_voltage_v': 2.0, 'safety_max_voltage_v': 4.3, 'safety_min_current_a': -10.0, 'safety_max_current_a': 10.0, 'safety_max_time_s': 2.0}
2026-09-25 23:03:54 | INFO | Process-18[34920] | charge_discharge.runner | Voltage measurement equipment chosen
2026-09-25 23:03:54 | INFO | Process-18[34920] | charge_discharge.runner | Current measurement equipment chosen
2026-09-25 23:03:54 | INFO | Process-18[34920] | charge_discharge.runner | Current-driven step setup
2026-09-25 23:03:54 | INFO | Process-18[34920] | charge_discharge.runner | Start step successful
2026-09-25 23:03:54 | INFO | Process-18[34920] | charge_discharge.runner | End condition before measurement loop: none
2026-09-25 23:03:54 | INFO | Process-18[34920] | charge_discharge.cycle_executor | CH0 - Cycle 2 step 0 ending; reason: end_condition
2026-09-25 23:03:54 | INFO | Process-18[34920] | charge_discharge.cycle_executor | CH0 - Cycle 2 ending
2026-09-25 23:03:54 | INFO | Process-18[34920] | charge_discharge.cycle_executor | CH0 - All cycles completed
2026-09-25 23:03:57 | INFO | Process-21[41944] | equipment | Virtual device connected: Fake Test Eload
2026-09-25 23:03:57 | INFO | Process-22[18456] | equipment | Virtual device connected: Fake Test DMM
2026-09-25 23:03:57 | INFO | Process-24[10708] | equipment | Virtual device connected: Fake Test DMM
2026-09-25 23:03:58 | WARNING | Process-25[26308] | pint.util | Redefining 'ampere_hour' (<class 'pint.delegates.txt_defparser.plain.UnitDefinition'>)
2026-09-25 23:03:58 | WARNING | Process-25[26308] | pint.util | Redefining 'Ah' (<class 'pint.delegates.txt_defparser.plain.UnitDefinition'>)
2026-09-25 23:03:58 | WARNING | Process-25[26308] | pint.util | Redefining 'watt_hour' (<class 'pint.delegates.txt_defparser.plain.UnitDefinition'>)
2026-09-25 23:03:58 | WARNING | Process-25[26308] | pint.util | Redefining 'Wh' (<class 'pint.delegates.txt_defparser.plain.UnitDefinition'>)
2026-09-25 23:04:00 | INFO | Process-25[26308] | charge_discharge.cycle_executor | CH0 - Cycle 3 starting
2026-09-25 23:04:00 | INFO | Process-25[26308] | charge_discharge.cycle_executor | CH0 - Cycle settings: [{'cycle_type': 'step', 'cycle_display': 'Discharge', 'drive_style': 'current_a', 'drive_value': -10.0, 'drive_value_other': 0.0, 'end_style': 'time_s', 'end_condition': 'greater', 'end_value': 0.05, 'meas_log_int_s': 0.01, 'safety_min_voltage_v': 2.0, 'safety_max_voltage_v': 4.3, 'safety_min_current_a': -10.0, 'safety_max_current_a': 10.0, 'safety_max_time_s': 2.0}]
2026-09-25 23:04:00 | INFO | Process-25[26308] | charge_discharge.cycle_executor | CH0 - Cycle 3 step 0 starting
2026-09-25 23:04:00 | INFO | Process-25[26308] | charge_discharge.cycle_executor | CH0 - Step settings: {'cycle_type': 'step', 'cycle_display': 'Discharge', 'drive_style': 'current_a', 'drive_value': -10.0, 'drive_value_other': 0.0, 'end_style': 'time_s', 'end_condition': 'greater', 'end_value': 0.05, 'meas_log_int_s': 0.01, 'safety_min_voltage_v': 2.0, 'safety_max_voltage_v': 4.3, 'safety_min_current_a': -10.0, 'safety_max_current_a': 10.0, 'safety_max_time_s': 2.0}
2026-09-25 23:04:00 | INFO | Process-25[26308] | charge_discharge.runner | Voltage measurement equipment chosen
2026-09-25 23:04:00 | INFO | Process-25[26308] | charge_discharge.runner | Current measurement equipment chosen
2026-09-25 23:04:00 | INFO | Process-25[26308] | charge_discharge.runner | Current-driven step setup
2026-09-25 23:04:00 | INFO | Process-25[26308] | charge_discharge.runner | Start step successful
2026-09-25 23:04:00 | INFO | Process-25[26308] | charge_discharge.runner | End condition before measurement loop: none
2026-09-25 23:04:00 | INFO | Process-25[26308] | charge_discharge.cycle_executor | CH0 - Cycle 3 step 0 ending; reason: end_condition
2026-09-25 23:04:00 | INFO | Process-25[26308] | charge_discharge.cycle_executor | CH0 - Cycle 3 ending
2026-09-25 23:04:00 | INFO | Process-25[26308] | charge_discharge.cycle_executor | CH0 - All cycles completed
2026-09-25 23:16:12 | INFO | Process-6[11756] | equipment | Virtual device connected: Fake Test PSU
2026-09-25 23:16:12 | INFO | Process-7[45956] | equipment | Virtual device connected: Fake Test Eload
2026-09-25 23:16:12 | INFO | Process-10[38284] | equipment | Virtual device connected: Fake Test DMM
2026-09-25 23:16:12 | INFO | Process-9[20208] | equipment | Virtual device connected: Fake Test DMM
2026-09-25 23:16:14 | INFO | Process-13[10952] | equipment | Virtual device connected: Fake Test PSU
2026-09-25 23:16:14 | INFO | Process-15[29348] | equipment | Virtual device connected: Fake Test DMM
2026-09-25 23:16:14 | INFO | Process-17[45548] | equipment | Virtual device connected: Fake Test DMM
2026-09-25 23:16:14 | INFO | Process-14[756] | equipment | Virtual device connected: Fake Test Eload
2026-09-25 23:16:14 | INFO | Process-16[41896] | equipment | Virtual device connected: Fake Test DMM
2026-09-25 23:16:15 | WARNING | Process-18[46028] | pint.util | Redefining 'ampere_hour' (<class 'pint.delegates.txt_defparser.plain.UnitDefinition'>)
2026-09-25 23:16:15 | WARNING | Process-18[46028] | pint.util | Redefining 'Ah' (<class 'pint.delegates.txt_defparser.plain.UnitDefinition'>)
2026-09-25 23:16:15 | WARNING | Process-18[46028] | pint.util | Redefining 'watt_hour' (<class 'pint.delegates.txt_defparser.plain.UnitDefinition'>)
2026-09-25 23:16:15 | WARNING | Process-18[46028] | pint.util | Redefining 'Wh' (<class 'pint.delegates.txt_defparser.plain.UnitDefinition'>)
2026-09-25 23:16:17 | INFO | Process-18[46028] | charge_discharge.cycle_executor | CH0 - Cycle 1 starting
2026-09-25 23:16:17 | INFO | Process-18[46028] | charge_discharge.cycle_executor | CH0 - Cycle settings: [{'cycle_type': 'step', 'cycle_display': 'Discharge', 'drive_style': 'current_a', 'drive_value': -10.0, 'drive_value_other': 0.0, 'end_style': 'time_s', 'end_condition': 'greater', 'end_value': 0.05, 'meas_log_int_s': 0.01, 'safety_min_voltage_v': 2.0, 'safety_max_voltage_v': 4.3, 'safety_min_current_a': -10.0, 'safety_max_current_a': 10.0, 'safety_max_time_s': 2.0}]
2026-09-25 23:16:17 | INFO | Process-18[46028] | charge_discharge.cycle_executor | CH0 - Cycle 1 step 0 starting
2026-09-25 23:16:17 | INFO | Process-18[46028] | charge_discharge.cycle_executor | CH0 - Step settings: {'cycle_type': 'step', 'cycle_display': 'Discharge', 'drive_style': 'current_a', 'drive_value': -10.0, 'drive_value_other': 0.0, 'end_style': 'time_s', 'end_condition': 'greater', 'end_value': 0.05, 'meas_log_int_s': 0.01, 'safety_min_voltage_v': 2.0, 'safety_max_voltage_v': 4.3, 'safety_min_current_a': -10.0, 'safety_max_current_a': 10.0, 'safety_max_time_s': 2.0}
2026-09-25 23:16:17 | INFO | Process-18[46028] | charge_discharge.runner | Voltage measurement equipment chosen
2026-09-25 23:16:17 | INFO | Process-18[46028] | charge_discharge.runner | Current measurement equipment chosen
2026-09-25 23:16:17 | INFO | Process-18[46028] | charge_discharge.runner | Current-driven step setup
2026-09-25 23:16:17 | INFO | Process-18[46028] | charge_discharge.runner | Start step successful
2026-09-25 23:16:17 | INFO | Process-18[46028] | charge_discharge.runner | End condition before measurement loop: none
2026-09-25 23:16:17 | INFO | Process-18[46028] | charge_discharge.cycle_executor | CH0 - Cycle 1 step 0 ending; reason: end_condition
2026-09-25 23:16:17 | INFO | Process-18[46028] | charge_discharge.cycle_executor | CH0 - Cycle 1 ending
2026-09-25 23:16:17 | INFO | Process-18[46028] | charge_discharge.cycle_executor | CH0 - Cycle 2 starting
2026-09-25 23:16:17 | INFO | Process-18[46028] | charge_discharge.cycle_executor | CH0 - Cycle settings: [{'cycle_type': 'step', 'cycle_display': 'Discharge', 'drive_style': 'current_a', 'drive_value': -10.0, 'drive_value_other': 0.0, 'end_style': 'time_s', 'end_condition': 'greater', 'end_value': 0.05, 'meas_log_int_s': 0.01, 'safety_min_voltage_v': 2.0, 'safety_max_voltage_v': 4.3, 'safety_min_current_a': -10.0, 'safety_max_current_a': 10.0, 'safety_max_time_s': 2.0}]
2026-09-25 23:16:17 | INFO | Process-18[46028] | charge_discharge.cycle_executor | CH0 - Cycle 2 step 0 starting
2026-09-25 23:16:17 | INFO | Process-18[46028] | charge_discharge.cycle_executor | CH0 - Step settings: {'cycle_type': 'step', 'cycle_display': 'Discharge', 'drive_style': 'current_a', 'drive_value': -10.0, 'drive_value_other': 0.0, 'end_style': 'time_s', 'end_condition': 'greater', 'end_value': 0.05, 'meas_log_int_s': 0.01, 'safety_min_voltage_v': 2.0, 'safety_max_voltage_v': 4.3, 'safety_min_current_a': -10.0, 'safety_max_current_a': 10.0, 'safety_max_time_s': 2.0}
2026-09-25 23:16:17 | INFO | Process-18[46028] | charge_discharge.runner | Voltage measurement equipment chosen
2026-09-25 23:16:17 | INFO | Process-18[46028] | charge_discharge.runner | Current measurement equipment chosen
2026-09-25 23:16:17 | INFO | Process-18[46028] | charge_discharge.runner | Current-driven step setup
2026-09-25 23:16:17 | INFO | Process-18[46028] | charge_discharge.runner | Start step successful
2026-09-25 23:16:17 | INFO | Process-18[46028] | charge_discharge.runner | End condition before measurement loop: none
2026-09-25 23:16:17 | INFO | Process-18[46028] | charge_discharge.cycle_executor | CH0 - Cycle 2 step 0 ending; reason: end_condition
2026-09-25 23:16:17 | INFO | Process-18[46028] | charge_discharge.cycle_executor | CH0 - Cycle 2 ending
2026-09-25 23:16:17 | INFO | Process-18[46028] | charge_discharge.cycle_executor | CH0 - All cycles completed
2026-09-25 23:16:20 | INFO | Process-22[38940] | equipment | Virtual device connected: Fake Test DMM
2026-09-25 23:16:20 | INFO | Process-23[31224] | equipment | Virtual device connected: Fake Test DMM
2026-09-25 23:16:20 | INFO | Process-20[46268] | equipment | Virtual device connected: Fake Test PSU

2026-09-25 23:16:20 | INFO | Process-24[36184] | equipment | Virtual device connected: Fake Test DMM
2026-09-25 23:16:21 | WARNING | Process-25[23140] | pint.util | Redefining 'ampere_hour' (<class 'pint.delegates.txt_defparser.plain.UnitDefinition'>)
2026-09-25 23:16:21 | WARNING | Process-25[23140] | pint.util | Redefining 'Ah' (<class 'pint.delegates.txt_defparser.plain.UnitDefinition'>)
2026-09-25 23:16:21 | WARNING | Process-25[23140] | pint.util | Redefining 'watt_hour' (<class 'pint.delegates.txt_defparser.plain.UnitDefinition'>)
2026-09-25 23:16:21 | WARNING | Process-25[23140] | pint.util | Redefining 'Wh' (<class 'pint.delegates.txt_defparser.plain.UnitDefinition'>)
2026-09-25 23:16:22 | INFO | Process-25[23140] | charge_discharge.cycle_executor | CH0 - Cycle 3 starting
2026-09-25 23:16:22 | INFO | Process-25[23140] | charge_discharge.cycle_executor | CH0 - Cycle settings: [{'cycle_type': 'step', 'cycle_display': 'Discharge', 'drive_style': 'current_a', 'drive_value': -10.0, 'drive_value_other': 0.0, 'end_style': 'time_s', 'end_condition': 'greater', 'end_value': 0.05, 'meas_log_int_s': 0.01, 'safety_min_voltage_v': 2.0, 'safety_max_voltage_v': 4.3, 'safety_min_current_a': -10.0, 'safety_max_current_a': 10.0, 'safety_max_time_s': 2.0}]
2026-09-25 23:16:22 | INFO | Process-25[23140] | charge_discharge.cycle_executor | CH0 - Cycle 3 step 0 starting
2026-09-25 23:16:22 | INFO | Process-25[23140] | charge_discharge.cycle_executor | CH0 - Step settings: {'cycle_type': 'step', 'cycle_display': 'Discharge', 'drive_style': 'current_a', 'drive_value': -10.0, 'drive_value_other': 0.0, 'end_style': 'time_s', 'end_condition': 'greater', 'end_value': 0.05, 'meas_log_int_s': 0.01, 'safety_min_voltage_v': 2.0, 'safety_max_voltage_v': 4.3, 'safety_min_current_a': -10.0, 'safety_max_current_a': 10.0, 'safety_max_time_s': 2.0}
2026-09-25 23:16:22 | INFO | Process-25[23140] | charge_discharge.runner | Voltage measurement equipment chosen
2026-09-25 23:16:22 | INFO | Process-25[23140] | charge_discharge.runner | Current measurement equipment chosen
2026-09-25 23:16:22 | INFO | Process-25[23140] | charge_discharge.runner | Current-driven step setup
2026-09-25 23:16:23 | INFO | Process-25[23140] | charge_discharge.runner | Start step successful
2026-09-25 23:16:23 | INFO | Process-25[23140] | charge_discharge.runner | End condition before measurement loop: none
2026-09-25 23:16:23 | INFO | Process-25[23140] | charge_discharge.cycle_executor | CH0 - Cycle 3 step 0 ending; reason: end_condition
2026-09-25 23:16:23 | INFO | Process-25[23140] | charge_discharge.cycle_executor | CH0 - Cycle 3 ending
2026-09-25 23:16:23 | INFO | Process-25[23140] | charge_discharge.cycle_executor | CH0 - All cycles completed
2026-09-25 23:16:35 | INFO | Process-7[35136] | equipment | Virtual device connected: Fake Test Eload
2026-09-25 23:16:35 | INFO | Process-6[11548] | equipment | Virtual device connected: Fake Test PSU
2026-09-25 23:16:35 | INFO | Process-8[47072] | equipment | Virtual device connected: Fake Test DMM
2026-09-25 23:16:35 | INFO | Process-10[4996] | equipment | Virtual device connected: Fake Test DMM
2026-09-25 23:16:35 | INFO | Process-9[42064] | equipment | Virtual device connected: Fake Test DMM
2026-09-25 23:16:38 | INFO | Process-13[43788] | equipment | Virtual device connected: Fake Test PSU
2026-09-25 23:16:38 | INFO | Process-14[34160] | equipment | Virtual device connected: Fake Test Eload
2026-09-25 23:16:38 | INFO | Process-16[43424] | equipment | Virtual device connected: Fake Test DMM
2026-09-25 23:16:38 | INFO | Process-15[15892] | equipment | Virtual device connected: Fake Test DMM
2026-09-25 23:16:38 | INFO | Process-17[27944] | equipment | Virtual device connected: Fake Test DMM
2026-09-25 23:16:38 | WARNING | Process-18[27576] | pint.util | Redefining 'ampere_hour' (<class 'pint.delegates.txt_defparser.plain.UnitDefinition'>)
2026-09-25 23:16:38 | WARNING | Process-18[27576] | pint.util | Redefining 'Ah' (<class 'pint.delegates.txt_defparser.plain.UnitDefinition'>)
2026-09-25 23:16:38 | WARNING | Process-18[27576] | pint.util | Redefining 'watt_hour' (<class 'pint.delegates.txt_defparser.plain.UnitDefinition'>)
2026-09-25 23:16:38 | WARNING | Process-18[27576] | pint.util | Redefining 'Wh' (<class 'pint.delegates.txt_defparser.plain.UnitDefinition'>)
2026-09-25 23:16:40 | INFO | Process-18[27576] | charge_discharge.cycle_executor | CH0 - Cycle 1 starting
2026-09-25 23:16:40 | INFO | Process-18[27576] | charge_discharge.cycle_executor | CH0 - Cycle settings: [{'cycle_type': 'step', 'cycle_display': 'Discharge', 'drive_style': 'current_a', 'drive_value': -10.0, 'drive_value_other': 0.0, 'end_style': 'time_s', 'end_condition': 'greater', 'end_value': 0.05, 'meas_log_int_s': 0.01, 'safety_min_voltage_v': 2.0, 'safety_max_voltage_v': 4.3, 'safety_min_current_a': -10.0, 'safety_max_current_a': 10.0, 'safety_max_time_s': 2.0}]
2026-09-25 23:16:40 | INFO | Process-18[27576] | charge_discharge.cycle_executor | CH0 - Cycle 1 step 0 starting
2026-09-25 23:16:40 | INFO | Process-18[27576] | charge_discharge.cycle_executor | CH0 - Step settings: {'cycle_type': 'step', 'cycle_display': 'Discharge', 'drive_style': 'current_a', 'drive_value': -10.0, 'drive_value_other': 0.0, 'end_style': 'time_s', 'end_condition': 'greater', 'end_value': 0.05, 'meas_log_int_s': 0.01, 'safety_min_voltage_v': 2.0, 'safety_max_voltage_v': 4.3, 'safety_min_current_a': -10.0, 'safety_max_current_a': 10.0, 'safety_max_time_s': 2.0}
2026-09-25 23:16:40 | INFO | Process-18[27576] | charge_discharge.runner | Voltage measurement equipment chosen
2026-09-25 23:16:40 | INFO | Process-18[27576] | charge_discharge.runner | Current measurement equipment chosen
2026-09-25 23:16:40 | INFO | Process-18[27576] | charge_discharge.runner | Current-driven step setup
2026-09-25 23:16:40 | INFO | Process-18[27576] | charge_discharge.runner | Start step successful
2026-09-25 23:16:40 | INFO | Process-18[27576] | charge_discharge.runner | End condition before measurement loop: none
2026-09-25 23:16:40 | INFO | Process-18[27576] | charge_discharge.cycle_executor | CH0 - Cycle 1 step 0 ending; reason: end_condition
2026-09-25 23:16:40 | INFO | Process-18[27576] | charge_discharge.cycle_executor | CH0 - Cycle 1 ending
2026-09-25 23:16:40 | INFO | Process-18[27576] | charge_discharge.cycle_executor | CH0 - Cycle 2 starting
2026-09-25 23:16:40 | INFO | Process-18[27576] | charge_discharge.cycle_executor | CH0 - Cycle settings: [{'cycle_type': 'step', 'cycle_display': 'Discharge', 'drive_style': 'current_a', 'drive_value': -10.0, 'drive_value_other': 0.0, 'end_style': 'time_s', 'end_condition': 'greater', 'end_value': 0.05, 'meas_log_int_s': 0.01, 'safety_min_voltage_v': 2.0, 'safety_max_voltage_v': 4.3, 'safety_min_current_a': -10.0, 'safety_max_current_a': 10.0, 'safety_max_time_s': 2.0}]
2026-09-25 23:16:40 | INFO | Process-18[27576] | charge_discharge.cycle_executor | CH0 - Cycle 2 step 0 starting
2026-09-25 23:16:40 | INFO | Process-18[27576] | charge_discharge.cycle_executor | CH0 - Step settings: {'cycle_type': 'step', 'cycle_display': 'Discharge', 'drive_style': 'current_a', 'drive_value': -10.0, 'drive_value_other': 0.0, 'end_style': 'time_s', 'end_condition': 'greater', 'end_value': 0.05, 'meas_log_int_s': 0.01, 'safety_min_voltage_v': 2.0, 'safety_max_voltage_v': 4.3, 'safety_min_current_a': -10.0, 'safety_max_current_a': 10.0, 'safety_max_time_s': 2.0}
2026-09-25 23:16:40 | INFO | Process-18[27576] | charge_discharge.runner | Voltage measurement equipment chosen
2026-09-25 23:16:40 | INFO | Process-18[27576] | charge_discharge.runner | Current measurement equipment chosen
2026-09-25 23:16:40 | INFO | Process-18[27576] | charge_discharge.runner | Current-driven step setup
2026-09-25 23:16:41 | INFO | Process-18[27576] | charge_discharge.runner | Start step successful
2026-09-25 23:16:41 | INFO | Process-18[27576] | charge_discharge.runner | End condition before measurement loop: none
2026-09-25 23:16:41 | INFO | Process-18[27576] | charge_discharge.cycle_executor | CH0 - Cycle 2 step 0 ending; reason: end_condition
2026-09-25 23:16:41 | INFO | Process-18[27576] | charge_discharge.cycle_executor | CH0 - Cycle 2 ending
2026-09-25 23:16:41 | INFO | Process-18[27576] | charge_discharge.cycle_executor | CH0 - All cycles completed
2026-09-25 23:16:43 | INFO | Process-21[1052] | equipment | Virtual device connected: Fake Test Eload
2026-09-25 23:16:43 | INFO | Process-24[24076] | equipment | Virtual device connected: Fake Test DMM
2026-09-25 23:16:43 | INFO | Process-22[31504] | equipment | Virtual device connected: Fake Test DMM
2026-09-25 23:16:43 | INFO | Process-23[35044] | equipment | Virtual device connected: Fake Test DMM
2026-09-25 23:16:43 | INFO | Process-20[4620] | equipment | Virtual device connected: Fake Test PSU
2026-09-25 23:16:44 | WARNING | Process-25[31168] | pint.util | Redefining 'ampere_hour' (<class 'pint.delegates.txt_defparser.plain.UnitDefinition'>)
2026-09-25 23:16:44 | WARNING | Process-25[31168] | pint.util | Redefining 'Ah' (<class 'pint.delegates.txt_defparser.plain.UnitDefinition'>)
2026-09-25 23:16:44 | WARNING | Process-25[31168] | pint.util | Redefining 'watt_hour' (<class 'pint.delegates.txt_defparser.plain.UnitDefinition'>)
2026-09-25 23:16:44 | WARNING | Process-25[31168] | pint.util | Redefining 'Wh' (<class 'pint.delegates.txt_defparser.plain.UnitDefinition'>)
2026-09-25 23:16:46 | INFO | Process-25[31168] | charge_discharge.cycle_executor | CH0 - Cycle 3 starting
2026-09-25 23:16:46 | INFO | Process-25[31168] | charge_discharge.cycle_executor | CH0 - Cycle settings: [{'cycle_type': 'step', 'cycle_display': 'Discharge', 'drive_style': 'current_a', 'drive_value': -10.0, 'drive_value_other': 0.0, 'end_style': 'time_s', 'end_condition': 'greater', 'end_value': 0.05, 'meas_log_int_s': 0.01, 'safety_min_voltage_v': 2.0, 'safety_max_voltage_v': 4.3, 'safety_min_current_a': -10.0, 'safety_max_current_a': 10.0, 'safety_max_time_s': 2.0}]
2026-09-25 23:16:46 | INFO | Process-25[31168] | charge_discharge.cycle_executor | CH0 - Cycle 3 step 0 starting
2026-09-25 23:16:46 | INFO | Process-25[31168] | charge_discharge.cycle_executor | CH0 - Step settings: {'cycle_type': 'step', 'cycle_display': 'Discharge', 'drive_style': 'current_a', 'drive_value': -10.0, 'drive_value_other': 0.0, 'end_style': 'time_s', 'end_condition': 'greater', 'end_value': 0.05, 'meas_log_int_s': 0.01, 'safety_min_voltage_v': 2.0, 'safety_max_voltage_v': 4.3, 'safety_min_current_a': -10.0, 'safety_max_current_a': 10.0, 'safety_max_time_s': 2.0}
2026-09-25 23:16:46 | INFO | Process-25[31168] | charge_discharge.runner | Voltage measurement equipment chosen
2026-09-25 23:16:46 | INFO | Process-25[31168] | charge_discharge.runner | Current measurement equipment chosen
2026-09-25 23:16:46 | INFO | Process-25[31168] | charge_discharge.runner | Current-driven step setup
2026-09-25 23:16:46 | INFO | Process-25[31168] | charge_discharge.runner | Start step successful
2026-09-25 23:16:46 | INFO | Process-25[31168] | charge_discharge.runner | End condition before measurement loop: none
2026-09-25 23:16:46 | INFO | Process-25[31168] | charge_discharge.cycle_executor | CH0 - Cycle 3 step 0 ending; reason: end_condition
2026-09-25 23:16:46 | INFO | Process-25[31168] | charge_discharge.cycle_executor | CH0 - Cycle 3 ending
2026-09-25 23:16:46 | INFO | Process-25[31168] | charge_discharge.cycle_executor | CH0 - All cycles completed
2026-09-25 23:30:39 | INFO | Process-10[26168] | equipment | Virtual device connected: Fake Test DMM
2026-09-25 23:30:39 | INFO | Process-7[23080] | equipment | Virtual device connected: Fake Test Eload
2026-09-25 23:30:39 | INFO | Process-6[35380] | equipment | Virtual device connected: Fake Test PSU
2026-09-25 23:30:39 | INFO | Process-9[37936] | equipment | Virtual device connected: Fake Test DMM
2026-09-25 23:30:39 | INFO | Process-8[4632] | equipment | Virtual device connected: Fake Test DMM
2026-09-25 23:30:41 | INFO | Process-14[46944] | equipment | Virtual device connected: Fake Test Eload
2026-09-25 23:30:41 | INFO | Process-16[30736] | equipment | Virtual device connected: Fake Test DMM
2026-09-25 23:30:41 | INFO | Process-15[28536] | equipment | Virtual device connected: Fake Test DMM
2026-09-25 23:30:42 | WARNING | Process-18[19980] | pint.util | Redefining 'ampere_hour' (<class 'pint.delegates.txt_defparser.plain.UnitDefinition'>)
2026-09-25 23:30:42 | WARNING | Process-18[19980] | pint.util | Redefining 'Ah' (<class 'pint.delegates.txt_defparser.plain.UnitDefinition'>)
2026-09-25 23:30:42 | WARNING | Process-18[19980] | pint.util | Redefining 'watt_hour' (<class 'pint.delegates.txt_defparser.plain.UnitDefinition'>)
2026-09-25 23:30:42 | WARNING | Process-18[19980] | pint.util | Redefining 'Wh' (<class 'pint.delegates.txt_defparser.plain.UnitDefinition'>)
2026-09-25 23:30:44 | INFO | Process-18[19980] | charge_discharge.cycle_executor | CH0 - Cycle 1 starting
2026-09-25 23:30:44 | INFO | Process-18[19980] | charge_discharge.cycle_executor | CH0 - Cycle settings: [{'cycle_type': 'step', 'cycle_display': 'Discharge', 'drive_style': 'current_a', 'drive_value': -10.0, 'drive_value_other': 0.0, 'end_style': 'time_s', 'end_condition': 'greater', 'end_value': 0.05, 'meas_log_int_s': 0.01, 'safety_min_voltage_v': 2.0, 'safety_max_voltage_v': 4.3, 'safety_min_current_a': -10.0, 'safety_max_current_a': 10.0, 'safety_max_time_s': 2.0}]
2026-09-25 23:30:44 | INFO | Process-18[19980] | charge_discharge.cycle_executor | CH0 - Cycle 1 step 0 starting
2026-09-25 23:30:44 | INFO | Process-18[19980] | charge_discharge.cycle_executor | CH0 - Step settings: {'cycle_type': 'step', 'cycle_display': 'Discharge', 'drive_style': 'current_a', 'drive_value': -10.0, 'drive_value_other': 0.0, 'end_style': 'time_s', 'end_condition': 'greater', 'end_value': 0.05, 'meas_log_int_s': 0.01, 'safety_min_voltage_v': 2.0, 'safety_max_voltage_v': 4.3, 'safety_min_current_a': -10.0, 'safety_max_current_a': 10.0, 'safety_max_time_s': 2.0}
2026-09-25 23:30:44 | INFO | Process-18[19980] | charge_discharge.runner | Voltage measurement equipment chosen
2026-09-25 23:30:44 | INFO | Process-18[19980] | charge_discharge.runner | Current measurement equipment chosen
2026-09-25 23:30:44 | INFO | Process-18[19980] | charge_discharge.runner | Current-driven step setup
2026-09-25 23:30:44 | INFO | Process-18[19980] | charge_discharge.runner | Start step successful
2026-09-25 23:30:44 | INFO | Process-18[19980] | charge_discharge.runner | End condition before measurement loop: none
2026-09-25 23:30:44 | INFO | Process-18[19980] | charge_discharge.cycle_executor | CH0 - Cycle 1 step 0 ending; reason: end_condition
2026-09-25 23:30:44 | INFO | Process-18[19980] | charge_discharge.cycle_executor | CH0 - Cycle 1 ending
2026-09-25 23:30:44 | INFO | Process-18[19980] | charge_discharge.cycle_executor | CH0 - Cycle 2 starting
2026-09-25 23:30:44 | INFO | Process-18[19980] | charge_discharge.cycle_executor | CH0 - Cycle settings: [{'cycle_type': 'step', 'cycle_display': 'Discharge', 'drive_style': 'current_a', 'drive_value': -10.0, 'drive_value_other': 0.0, 'end_style': 'time_s', 'end_condition': 'greater', 'end_value': 0.05, 'meas_log_int_s': 0.01, 'safety_min_voltage_v': 2.0, 'safety_max_voltage_v': 4.3, 'safety_min_current_a': -10.0, 'safety_max_current_a': 10.0, 'safety_max_time_s': 2.0}]
2026-09-25 23:30:44 | INFO | Process-18[19980] | charge_discharge.cycle_executor | CH0 - Cycle 2 step 0 starting
2026-09-25 23:30:44 | INFO | Process-18[19980] | charge_discharge.cycle_executor | CH0 - Step settings: {'cycle_type': 'step', 'cycle_display': 'Discharge', 'drive_style': 'current_a', 'drive_value': -10.0, 'drive_value_other': 0.0, 'end_style': 'time_s', 'end_condition': 'greater', 'end_value': 0.05, 'meas_log_int_s': 0.01, 'safety_min_voltage_v': 2.0, 'safety_max_voltage_v': 4.3, 'safety_min_current_a': -10.0, 'safety_max_current_a': 10.0, 'safety_max_time_s': 2.0}
2026-09-25 23:30:44 | INFO | Process-18[19980] | charge_discharge.runner | Voltage measurement equipment chosen
2026-09-25 23:30:44 | INFO | Process-18[19980] | charge_discharge.runner | Current measurement equipment chosen
2026-09-25 23:30:44 | INFO | Process-18[19980] | charge_discharge.runner | Current-driven step setup
2026-09-25 23:30:44 | INFO | Process-18[19980] | charge_discharge.runner | Start step successful
2026-09-25 23:30:44 | INFO | Process-18[19980] | charge_discharge.runner | End condition before measurement loop: none
2026-09-25 23:30:44 | INFO | Process-18[19980] | charge_discharge.cycle_executor | CH0 - Cycle 2 step 0 ending; reason: end_condition
2026-09-25 23:30:44 | INFO | Process-18[19980] | charge_discharge.cycle_executor | CH0 - Cycle 2 ending
2026-09-25 23:30:44 | INFO | Process-18[19980] | charge_discharge.cycle_executor | CH0 - All cycles completed
2026-09-25 23:30:47 | INFO | Process-21[9776] | equipment | Virtual device connected: Fake Test Eload
2026-09-25 23:30:47 | INFO | Process-22[2884] | equipment | Virtual device connected: Fake Test DMM
2026-09-25 23:30:47 | INFO | Process-23[38432] | equipment | Virtual device connected: Fake Test DMM
2026-09-25 23:30:47 | INFO | Process-24[40120] | equipment | Virtual device connected: Fake Test DMM
2026-09-25 23:30:48 | WARNING | Process-25[14056] | pint.util | Redefining 'ampere_hour' (<class 'pint.delegates.txt_defparser.plain.UnitDefinition'>)
2026-09-25 23:30:48 | WARNING | Process-25[14056] | pint.util | Redefining 'Ah' (<class 'pint.delegates.txt_defparser.plain.UnitDefinition'>)
2026-09-25 23:30:48 | WARNING | Process-25[14056] | pint.util | Redefining 'watt_hour' (<class 'pint.delegates.txt_defparser.plain.UnitDefinition'>)
2026-09-25 23:30:48 | WARNING | Process-25[14056] | pint.util | Redefining 'Wh' (<class 'pint.delegates.txt_defparser.plain.UnitDefinition'>)
2026-09-25 23:30:50 | INFO | Process-25[14056] | charge_discharge.cycle_executor | CH0 - Cycle 3 starting
2026-09-25 23:30:50 | INFO | Process-25[14056] | charge_discharge.cycle_executor | CH0 - Cycle settings: [{'cycle_type': 'step', 'cycle_display': 'Discharge', 'drive_style': 'current_a', 'drive_value': -10.0, 'drive_value_other': 0.0, 'end_style': 'time_s', 'end_condition': 'greater', 'end_value': 0.05, 'meas_log_int_s': 0.01, 'safety_min_voltage_v': 2.0, 'safety_max_voltage_v': 4.3, 'safety_min_current_a': -10.0, 'safety_max_current_a': 10.0, 'safety_max_time_s': 2.0}]
2026-09-25 23:30:50 | INFO | Process-25[14056] | charge_discharge.cycle_executor | CH0 - Cycle 3 step 0 starting
2026-09-25 23:30:50 | INFO | Process-25[14056] | charge_discharge.cycle_executor | CH0 - Step settings: {'cycle_type': 'step', 'cycle_display': 'Discharge', 'drive_style': 'current_a', 'drive_value': -10.0, 'drive_value_other': 0.0, 'end_style': 'time_s', 'end_condition': 'greater', 'end_value': 0.05, 'meas_log_int_s': 0.01, 'safety_min_voltage_v': 2.0, 'safety_max_voltage_v': 4.3, 'safety_min_current_a': -10.0, 'safety_max_current_a': 10.0, 'safety_max_time_s': 2.0}
2026-09-25 23:30:50 | INFO | Process-25[14056] | charge_discharge.runner | Voltage measurement equipment chosen
2026-09-25 23:30:50 | INFO | Process-25[14056] | charge_discharge.runner | Current measurement equipment chosen
2026-09-25 23:30:50 | INFO | Process-25[14056] | charge_discharge.runner | Current-driven step setup
2026-09-25 23:30:50 | INFO | Process-25[14056] | charge_discharge.runner | Start step successful
2026-09-25 23:30:50 | INFO | Process-25[14056] | charge_discharge.runner | End condition before measurement loop: none
2026-09-25 23:30:50 | INFO | Process-25[14056] | charge_discharge.cycle_executor | CH0 - Cycle 3 step 0 ending; reason: end_condition
2026-09-25 23:30:50 | INFO | Process-25[14056] | charge_discharge.cycle_executor | CH0 - Cycle 3 ending
2026-09-25 23:30:50 | INFO | Process-25[14056] | charge_discharge.cycle_executor | CH0 - All cycles completed
2026-09-26 00:05:07 | INFO | Process-10[18328] | equipment | Virtual device connected: Fake Test DMM
2026-09-26 00:05:07 | INFO | Process-7[30376] | equipment | Virtual device connected: Fake Test Eload
2026-09-26 00:05:07 | INFO | Process-6[44288] | equipment | Virtual device connected: Fake Test PSU
2026-09-26 00:05:07 | INFO | Process-9[21456] | equipment | Virtual device connected: Fake Test DMM
2026-09-26 00:05:07 | INFO | Process-8[34708] | equipment | Virtual device connected: Fake Test DMM
2026-09-26 00:05:09 | INFO | Process-13[24076] | equipment | Virtual device connected: Fake Test PSU
2026-09-26 00:05:09 | INFO | Process-15[27212] | equipment | Virtual device connected: Fake Test DMM
2026-09-26 00:05:09 | INFO | Process-14[26320] | equipment | Virtual device connected: Fake Test Eload
2026-09-26 00:05:09 | INFO | Process-16[17220] | equipment | Virtual device connected: Fake Test DMM
2026-09-26 00:05:09 | INFO | Process-17[35464] | equipment | Virtual device connected: Fake Test DMM
2026-09-26 00:05:10 | WARNING | Process-18[38464] | pint.util | Redefining 'ampere_hour' (<class 'pint.delegates.txt_defparser.plain.UnitDefinition'>)
2026-09-26 00:05:10 | WARNING | Process-18[38464] | pint.util | Redefining 'Ah' (<class 'pint.delegates.txt_defparser.plain.UnitDefinition'>)
2026-09-26 00:05:10 | WARNING | Process-18[38464] | pint.util | Redefining 'watt_hour' (<class 'pint.delegates.txt_defparser.plain.UnitDefinition'>)
2026-09-26 00:05:10 | WARNING | Process-18[38464] | pint.util | Redefining 'Wh' (<class 'pint.delegates.txt_defparser.plain.UnitDefinition'>)
2026-09-26 00:05:12 | INFO | Process-18[38464] | charge_discharge.cycle_executor | CH0 - Cycle 1 starting
2026-09-26 00:05:12 | INFO | Process-18[38464] | charge_discharge.cycle_executor | CH0 - Cycle settings: [{'cycle_type': 'step', 'cycle_display': 'Discharge', 'drive_style': 'current_a', 'drive_value': -10.0, 'drive_value_other': 0.0, 'end_style': 'time_s', 'end_condition': 'greater', 'end_value': 0.05, 'meas_log_int_s': 0.01, 'safety_min_voltage_v': 2.0, 'safety_max_voltage_v': 4.3, 'safety_min_current_a': -10.0, 'safety_max_current_a': 10.0, 'safety_max_time_s': 2.0}]
2026-09-26 00:05:12 | INFO | Process-18[38464] | charge_discharge.cycle_executor | CH0 - Cycle 1 step 0 starting
2026-09-26 00:05:12 | INFO | Process-18[38464] | charge_discharge.cycle_executor | CH0 - Step settings: {'cycle_type': 'step', 'cycle_display': 'Discharge', 'drive_style': 'current_a', 'drive_value': -10.0, 'drive_value_other': 0.0, 'end_style': 'time_s', 'end_condition': 'greater', 'end_value': 0.05, 'meas_log_int_s': 0.01, 'safety_min_voltage_v': 2.0, 'safety_max_voltage_v': 4.3, 'safety_min_current_a': -10.0, 'safety_max_current_a': 10.0, 'safety_max_time_s': 2.0}
2026-09-26 00:05:12 | INFO | Process-18[38464] | charge_discharge.runner | Voltage measurement equipment chosen
2026-09-26 00:05:12 | INFO | Process-18[38464] | charge_discharge.runner | Current measurement equipment chosen
2026-09-26 00:05:12 | INFO | Process-18[38464] | charge_discharge.runner | Current-driven step setup
2026-09-26 00:05:12 | INFO | Process-18[38464] | charge_discharge.runner | Start step successful
2026-09-26 00:05:12 | INFO | Process-18[38464] | charge_discharge.runner | End condition before measurement loop: none
2026-09-26 00:05:12 | INFO | Process-18[38464] | charge_discharge.cycle_executor | CH0 - Cycle 1 step 0 ending; reason: end_condition
2026-09-26 00:05:12 | INFO | Process-18[38464] | charge_discharge.cycle_executor | CH0 - Cycle 1 ending
2026-09-26 00:05:12 | INFO | Process-18[38464] | charge_discharge.cycle_executor | CH0 - Cycle 2 starting
2026-09-26 00:05:12 | INFO | Process-18[38464] | charge_discharge.cycle_executor | CH0 - Cycle settings: [{'cycle_type': 'step', 'cycle_display': 'Discharge', 'drive_style': 'current_a', 'drive_value': -10.0, 'drive_value_other': 0.0, 'end_style': 'time_s', 'end_condition': 'greater', 'end_value': 0.05, 'meas_log_int_s': 0.01, 'safety_min_voltage_v': 2.0, 'safety_max_voltage_v': 4.3, 'safety_min_current_a': -10.0, 'safety_max_current_a': 10.0, 'safety_max_time_s': 2.0}]
2026-09-26 00:05:12 | INFO | Process-18[38464] | charge_discharge.cycle_executor | CH0 - Cycle 2 step 0 starting
2026-09-26 00:05:12 | INFO | Process-18[38464] | charge_discharge.cycle_executor | CH0 - Step settings: {'cycle_type': 'step', 'cycle_display': 'Discharge', 'drive_style': 'current_a', 'drive_value': -10.0, 'drive_value_other': 0.0, 'end_style': 'time_s', 'end_condition': 'greater', 'end_value': 0.05, 'meas_log_int_s': 0.01, 'safety_min_voltage_v': 2.0, 'safety_max_voltage_v': 4.3, 'safety_min_current_a': -10.0, 'safety_max_current_a': 10.0, 'safety_max_time_s': 2.0}
2026-09-26 00:05:12 | INFO | Process-18[38464] | charge_discharge.runner | Voltage measurement equipment chosen
2026-09-26 00:05:12 | INFO | Process-18[38464] | charge_discharge.runner | Current measurement equipment chosen
2026-09-26 00:05:12 | INFO | Process-18[38464] | charge_discharge.runner | Current-driven step setup
2026-09-26 00:05:12 | INFO | Process-18[38464] | charge_discharge.runner | Start step successful
2026-09-26 00:05:12 | INFO | Process-18[38464] | charge_discharge.runner | End condition before measurement loop: none
2026-09-26 00:05:12 | INFO | Process-18[38464] | charge_discharge.cycle_executor | CH0 - Cycle 2 step 0 ending; reason: end_condition
2026-09-26 00:05:12 | INFO | Process-18[38464] | charge_discharge.cycle_executor | CH0 - Cycle 2 ending
2026-09-26 00:05:12 | INFO | Process-18[38464] | charge_discharge.cycle_executor | CH0 - All cycles completed
2026-09-26 00:05:15 | INFO | Process-24[5644] | equipment | Virtual device connected: Fake Test DMM
2026-09-26 00:05:15 | INFO | Process-21[1488] | equipment | Virtual device connected: Fake Test Eload
2026-09-26 00:05:15 | INFO | Process-20[24160] | equipment | Virtual device connected: Fake Test PSU
2026-09-26 00:05:15 | INFO | Process-23[42812] | equipment | Virtual device connected: Fake Test DMM
2026-09-26 00:05:15 | INFO | Process-22[4352] | equipment | Virtual device connected: Fake Test DMM
2026-09-26 00:05:16 | WARNING | Process-25[27240] | pint.util | Redefining 'ampere_hour' (<class 'pint.delegates.txt_defparser.plain.UnitDefinition'>)
2026-09-26 00:05:16 | WARNING | Process-25[27240] | pint.util | Redefining 'Ah' (<class 'pint.delegates.txt_defparser.plain.UnitDefinition'>)
2026-09-26 00:05:16 | WARNING | Process-25[27240] | pint.util | Redefining 'watt_hour' (<class 'pint.delegates.txt_defparser.plain.UnitDefinition'>)
2026-09-26 00:05:16 | WARNING | Process-25[27240] | pint.util | Redefining 'Wh' (<class 'pint.delegates.txt_defparser.plain.UnitDefinition'>)
2026-09-26 00:05:18 | INFO | Process-25[27240] | charge_discharge.cycle_executor | CH0 - Cycle 3 starting
2026-09-26 00:05:18 | INFO | Process-25[27240] | charge_discharge.cycle_executor | CH0 - Cycle settings: [{'cycle_type': 'step', 'cycle_display': 'Discharge', 'drive_style': 'current_a', 'drive_value': -10.0, 'drive_value_other': 0.0, 'end_style': 'time_s', 'end_condition': 'greater', 'end_value': 0.05, 'meas_log_int_s': 0.01, 'safety_min_voltage_v': 2.0, 'safety_max_voltage_v': 4.3, 'safety_min_current_a': -10.0, 'safety_max_current_a': 10.0, 'safety_max_time_s': 2.0}]
2026-09-26 00:05:18 | INFO | Process-25[27240] | charge_discharge.cycle_executor | CH0 - Cycle 3 step 0 starting
2026-09-26 00:05:18 | INFO | Process-25[27240] | charge_discharge.cycle_executor | CH0 - Step settings: {'cycle_type': 'step', 'cycle_display': 'Discharge', 'drive_style': 'current_a', 'drive_value': -10.0, 'drive_value_other': 0.0, 'end_style': 'time_s', 'end_condition': 'greater', 'end_value': 0.05, 'meas_log_int_s': 0.01, 'safety_min_voltage_v': 2.0, 'safety_max_voltage_v': 4.3, 'safety_min_current_a': -10.0, 'safety_max_current_a': 10.0, 'safety_max_time_s': 2.0}
2026-09-26 00:05:18 | INFO | Process-25[27240] | charge_discharge.runner | Voltage measurement equipment chosen
2026-09-26 00:05:18 | INFO | Process-25[27240] | charge_discharge.runner | Current measurement equipment chosen
2026-09-26 00:05:18 | INFO | Process-25[27240] | charge_discharge.runner | Current-driven step setup
2026-09-26 00:05:18 | INFO | Process-25[27240] | charge_discharge.runner | Start step successful
2026-09-26 00:05:18 | INFO | Process-25[27240] | charge_discharge.runner | End condition before measurement loop: none
2026-09-26 00:05:18 | INFO | Process-25[27240] | charge_discharge.cycle_executor | CH0 - Cycle 3 step 0 ending; reason: end_condition
2026-09-26 00:05:18 | INFO | Process-25[27240] | charge_discharge.cycle_executor | CH0 - Cycle 3 ending
2026-09-26 00:05:18 | INFO | Process-25[27240] | charge_discharge.cycle_executor | CH0 - All cycles completed
2026-09-26 00:06:50 | INFO | Process-9[33600] | equipment | Virtual device connected: Fake Test DMM
2026-09-26 00:06:50 | INFO | Process-6[23784] | equipment | Virtual device connected: Fake Test PSU
2026-09-26 00:06:50 | INFO | Process-7[31876] | equipment | Virtual device connected: Fake Test Eload
2026-09-26 00:06:50 | INFO | Process-8[40536] | equipment | Virtual device connected: Fake Test DMM
2026-09-26 00:06:50 | INFO | Process-10[46152] | equipment | Virtual device connected: Fake Test DMM
2026-09-26 00:06:53 | INFO | Process-16[32012] | equipment | Virtual device connected: Fake Test DMM
2026-09-26 00:06:53 | INFO | Process-17[39204] | equipment | Virtual device connected: Fake Test DMM
2026-09-26 00:06:53 | INFO | Process-14[42812] | equipment | Virtual device connected: Fake Test Eload
2026-09-26 00:06:53 | INFO | Process-13[7384] | equipment | Virtual device connected: Fake Test PSU
2026-09-26 00:06:54 | WARNING | Process-18[27192] | pint.util | Redefining 'ampere_hour' (<class 'pint.delegates.txt_defparser.plain.UnitDefinition'>)
2026-09-26 00:06:54 | WARNING | Process-18[27192] | pint.util | Redefining 'Ah' (<class 'pint.delegates.txt_defparser.plain.UnitDefinition'>)
2026-09-26 00:06:54 | WARNING | Process-18[27192] | pint.util | Redefining 'watt_hour' (<class 'pint.delegates.txt_defparser.plain.UnitDefinition'>)
2026-09-26 00:06:54 | WARNING | Process-18[27192] | pint.util | Redefining 'Wh' (<class 'pint.delegates.txt_defparser.plain.UnitDefinition'>)
2026-09-26 00:06:55 | INFO | Process-18[27192] | charge_discharge.cycle_executor | CH0 - Cycle 1 starting
2026-09-26 00:06:55 | INFO | Process-18[27192] | charge_discharge.cycle_executor | CH0 - Cycle settings: [{'cycle_type': 'step', 'cycle_display': 'Discharge', 'drive_style': 'current_a', 'drive_value': -10.0, 'drive_value_other': 0.0, 'end_style': 'time_s', 'end_condition': 'greater', 'end_value': 0.05, 'meas_log_int_s': 0.01, 'safety_min_voltage_v': 2.0, 'safety_max_voltage_v': 4.3, 'safety_min_current_a': -10.0, 'safety_max_current_a': 10.0, 'safety_max_time_s': 2.0}]
2026-09-26 00:06:55 | INFO | Process-18[27192] | charge_discharge.cycle_executor | CH0 - Cycle 1 step 0 starting
2026-09-26 00:06:55 | INFO | Process-18[27192] | charge_discharge.cycle_executor | CH0 - Step settings: {'cycle_type': 'step', 'cycle_display': 'Discharge', 'drive_style': 'current_a', 'drive_value': -10.0, 'drive_value_other': 0.0, 'end_style': 'time_s', 'end_condition': 'greater', 'end_value': 0.05, 'meas_log_int_s': 0.01, 'safety_min_voltage_v': 2.0, 'safety_max_voltage_v': 4.3, 'safety_min_current_a': -10.0, 'safety_max_current_a': 10.0, 'safety_max_time_s': 2.0}
2026-09-26 00:06:55 | INFO | Process-18[27192] | charge_discharge.runner | Voltage measurement equipment chosen
2026-09-26 00:06:55 | INFO | Process-18[27192] | charge_discharge.runner | Current measurement equipment chosen
2026-09-26 00:06:55 | INFO | Process-18[27192] | charge_discharge.runner | Current-driven step setup
2026-09-26 00:06:55 | INFO | Process-18[27192] | charge_discharge.runner | Start step successful
2026-09-26 00:06:55 | INFO | Process-18[27192] | charge_discharge.runner | End condition before measurement loop: none
2026-09-26 00:06:56 | INFO | Process-18[27192] | charge_discharge.cycle_executor | CH0 - Cycle 1 step 0 ending; reason: end_condition
2026-09-26 00:06:56 | INFO | Process-18[27192] | charge_discharge.cycle_executor | CH0 - Cycle 1 ending
2026-09-26 00:06:56 | INFO | Process-18[27192] | charge_discharge.cycle_executor | CH0 - Cycle 2 starting
2026-09-26 00:06:56 | INFO | Process-18[27192] | charge_discharge.cycle_executor | CH0 - Cycle settings: [{'cycle_type': 'step', 'cycle_display': 'Discharge', 'drive_style': 'current_a', 'drive_value': -10.0, 'drive_value_other': 0.0, 'end_style': 'time_s', 'end_condition': 'greater', 'end_value': 0.05, 'meas_log_int_s': 0.01, 'safety_min_voltage_v': 2.0, 'safety_max_voltage_v': 4.3, 'safety_min_current_a': -10.0, 'safety_max_current_a': 10.0, 'safety_max_time_s': 2.0}]
2026-09-26 00:06:56 | INFO | Process-18[27192] | charge_discharge.cycle_executor | CH0 - Cycle 2 step 0 starting
2026-09-26 00:06:56 | INFO | Process-18[27192] | charge_discharge.cycle_executor | CH0 - Step settings: {'cycle_type': 'step', 'cycle_display': 'Discharge', 'drive_style': 'current_a', 'drive_value': -10.0, 'drive_value_other': 0.0, 'end_style': 'time_s', 'end_condition': 'greater', 'end_value': 0.05, 'meas_log_int_s': 0.01, 'safety_min_voltage_v': 2.0, 'safety_max_voltage_v': 4.3, 'safety_min_current_a': -10.0, 'safety_max_current_a': 10.0, 'safety_max_time_s': 2.0}
2026-09-26 00:06:56 | INFO | Process-18[27192] | charge_discharge.runner | Voltage measurement equipment chosen
2026-09-26 00:06:56 | INFO | Process-18[27192] | charge_discharge.runner | Current measurement equipment chosen
2026-09-26 00:06:56 | INFO | Process-18[27192] | charge_discharge.runner | Current-driven step setup
2026-09-26 00:06:56 | INFO | Process-18[27192] | charge_discharge.runner | Start step successful
2026-09-26 00:06:56 | INFO | Process-18[27192] | charge_discharge.runner | End condition before measurement loop: none
2026-09-26 00:06:56 | INFO | Process-18[27192] | charge_discharge.cycle_executor | CH0 - Cycle 2 step 0 ending; reason: end_condition
2026-09-26 00:06:56 | INFO | Process-18[27192] | charge_discharge.cycle_executor | CH0 - Cycle 2 ending
2026-09-26 00:06:56 | INFO | Process-18[27192] | charge_discharge.cycle_executor | CH0 - All cycles completed
2026-09-26 00:06:59 | INFO | Process-23[23644] | equipment | Virtual device connected: Fake Test DMM
2026-09-26 00:06:59 | INFO | Process-21[42028] | equipment | Virtual device connected: Fake Test Eloa2026-09-26 00:06:59 | INFO | Process-20[33784] | equipment | Virtual device connected: Fake Test PSU
2026-09-26 00:06:59 | INFO | Process-24[42948] | equipment | Virtual device connected: Fake Test DMM
2026-09-26 00:06:59 | WARNING | Process-25[11584] | pint.util | Redefining 'ampere_hour' (<class 'pint.delegates.txt_defparser.plain.UnitDefinition'>)
2026-09-26 00:06:59 | WARNING | Process-25[11584] | pint.util | Redefining 'Ah' (<class 'pint.delegates.txt_defparser.plain.UnitDefinition'>)
2026-09-26 00:06:59 | WARNING | Process-25[11584] | pint.util | Redefining 'watt_hour' (<class 'pint.delegates.txt_defparser.plain.UnitDefinition'>)
2026-09-26 00:06:59 | WARNING | Process-25[11584] | pint.util | Redefining 'Wh' (<class 'pint.delegates.txt_defparser.plain.UnitDefinition'>)
2026-09-26 00:07:01 | INFO | Process-25[11584] | charge_discharge.cycle_executor | CH0 - Cycle 3 starting
2026-09-26 00:07:01 | INFO | Process-25[11584] | charge_discharge.cycle_executor | CH0 - Cycle settings: [{'cycle_type': 'step', 'cycle_display': 'Discharge', 'drive_style': 'current_a', 'drive_value': -10.0, 'drive_value_other': 0.0, 'end_style': 'time_s', 'end_condition': 'greater', 'end_value': 0.05, 'meas_log_int_s': 0.01, 'safety_min_voltage_v': 2.0, 'safety_max_voltage_v': 4.3, 'safety_min_current_a': -10.0, 'safety_max_current_a': 10.0, 'safety_max_time_s': 2.0}]
2026-09-26 00:07:01 | INFO | Process-25[11584] | charge_discharge.cycle_executor | CH0 - Cycle 3 step 0 starting
2026-09-26 00:07:01 | INFO | Process-25[11584] | charge_discharge.cycle_executor | CH0 - Step settings: {'cycle_type': 'step', 'cycle_display': 'Discharge', 'drive_style': 'current_a', 'drive_value': -10.0, 'drive_value_other': 0.0, 'end_style': 'time_s', 'end_condition': 'greater', 'end_value': 0.05, 'meas_log_int_s': 0.01, 'safety_min_voltage_v': 2.0, 'safety_max_voltage_v': 4.3, 'safety_min_current_a': -10.0, 'safety_max_current_a': 10.0, 'safety_max_time_s': 2.0}
2026-09-26 00:07:01 | INFO | Process-25[11584] | charge_discharge.runner | Voltage measurement equipment chosen
2026-09-26 00:07:01 | INFO | Process-25[11584] | charge_discharge.runner | Current measurement equipment chosen
2026-09-26 00:07:01 | INFO | Process-25[11584] | charge_discharge.runner | Current-driven step setup
2026-09-26 00:07:01 | INFO | Process-25[11584] | charge_discharge.runner | Start step successful
2026-09-26 00:07:01 | INFO | Process-25[11584] | charge_discharge.runner | End condition before measurement loop: none
2026-09-26 00:07:01 | INFO | Process-25[11584] | charge_discharge.cycle_executor | CH0 - Cycle 3 step 0 ending; reason: end_condition
2026-09-26 00:07:01 | INFO | Process-25[11584] | charge_discharge.cycle_executor | CH0 - Cycle 3 ending
2026-09-26 00:07:02 | INFO | Process-25[11584] | charge_discharge.cycle_executor | CH0 - All cycles completed
2026-09-26 00:26:53 | INFO | Process-4[39688] | equipment | Virtual device connected: Fake Test DMM
2026-09-26 00:26:53 | INFO | Process-3[33232] | equipment | Virtual device connected: Fake Test Eload
2026-09-26 00:26:53 | INFO | Process-5[27844] | equipment | Virtual device connected: Fake Test DMM
2026-09-26 00:26:53 | INFO | Process-2[5544] | equipment | Virtual device connected: Fake Test PSU
2026-09-26 00:26:55 | INFO | Process-9[35012] | equipment | Virtual device connected: Fake Test PSU
2026-09-26 00:26:55 | INFO | Process-10[2328] | equipment | Virtual device connected: Fake Test Eload
2026-09-26 00:26:55 | INFO | Process-12[12984] | equipment | Virtual device connected: Fake Test DMM
2026-09-26 00:26:55 | INFO | Process-11[37788] | equipment | Virtual device connected: Fake Test DMM
2026-09-26 00:26:55 | INFO | Process-13[6376] | equipment | Virtual device connected: Fake Test DMM
2026-09-26 00:26:56 | WARNING | Process-14[29124] | pint.util | Redefining 'ampere_hour' (<class 'pint.delegates.txt_defparser.plain.UnitDefinition'>)
2026-09-26 00:26:56 | WARNING | Process-14[29124] | pint.util | Redefining 'Ah' (<class 'pint.delegates.txt_defparser.plain.UnitDefinition'>)
2026-09-26 00:26:56 | WARNING | Process-14[29124] | pint.util | Redefining 'watt_hour' (<class 'pint.delegates.txt_defparser.plain.UnitDefinition'>)
2026-09-26 00:26:56 | WARNING | Process-14[29124] | pint.util | Redefining 'Wh' (<class 'pint.delegates.txt_defparser.plain.UnitDefinition'>)
2026-09-26 00:26:58 | INFO | Process-14[29124] | charge_discharge.cycle_executor | CH0 - Cycle 1 starting
2026-09-26 00:26:58 | INFO | Process-14[29124] | charge_discharge.cycle_executor | CH0 - Cycle settings: [{'cycle_type': 'step', 'cycle_display': 'Discharge', 'drive_style': 'current_a', 'drive_value': -10.0, 'drive_value_other': 0.0, 'end_style': 'time_s', 'end_condition': 'greater', 'end_value': 0.05, 'meas_log_int_s': 0.01, 'safety_min_voltage_v': 2.0, 'safety_max_voltage_v': 4.3, 'safety_min_current_a': -10.0, 'safety_max_current_a': 10.0, 'safety_max_time_s': 2.0}]
2026-09-26 00:26:58 | INFO | Process-14[29124] | charge_discharge.cycle_executor | CH0 - Cycle 1 step 0 starting
2026-09-26 00:26:58 | INFO | Process-14[29124] | charge_discharge.cycle_executor | CH0 - Step settings: {'cycle_type': 'step', 'cycle_display': 'Discharge', 'drive_style': 'current_a', 'drive_value': -10.0, 'drive_value_other': 0.0, 'end_style': 'time_s', 'end_condition': 'greater', 'end_value': 0.05, 'meas_log_int_s': 0.01, 'safety_min_voltage_v': 2.0, 'safety_max_voltage_v': 4.3, 'safety_min_current_a': -10.0, 'safety_max_current_a': 10.0, 'safety_max_time_s': 2.0}
2026-09-26 00:26:58 | INFO | Process-14[29124] | charge_discharge.runner | Voltage measurement equipment chosen
2026-09-26 00:26:58 | INFO | Process-14[29124] | charge_discharge.runner | Current measurement equipment chosen
2026-09-26 00:26:58 | INFO | Process-14[29124] | charge_discharge.runner | Current-driven step setup
2026-09-26 00:26:58 | INFO | Process-14[29124] | charge_discharge.runner | Start step successful
2026-09-26 00:26:58 | INFO | Process-14[29124] | charge_discharge.runner | End condition before measurement loop: none
2026-09-26 00:26:58 | INFO | Process-14[29124] | charge_discharge.cycle_executor | CH0 - Cycle 1 step 0 ending; reason: end_condition
2026-09-26 00:26:58 | INFO | Process-14[29124] | charge_discharge.cycle_executor | CH0 - Cycle 1 ending
2026-09-26 00:26:58 | INFO | Process-14[29124] | charge_discharge.cycle_executor | CH0 - Cycle 2 starting
2026-09-26 00:26:58 | INFO | Process-14[29124] | charge_discharge.cycle_executor | CH0 - Cycle settings: [{'cycle_type': 'step', 'cycle_display': 'Discharge', 'drive_style': 'current_a', 'drive_value': -10.0, 'drive_value_other': 0.0, 'end_style': 'time_s', 'end_condition': 'greater', 'end_value': 0.05, 'meas_log_int_s': 0.01, 'safety_min_voltage_v': 2.0, 'safety_max_voltage_v': 4.3, 'safety_min_current_a': -10.0, 'safety_max_current_a': 10.0, 'safety_max_time_s': 2.0}]
2026-09-26 00:26:58 | INFO | Process-14[29124] | charge_discharge.cycle_executor | CH0 - Cycle 2 step 0 starting
2026-09-26 00:26:58 | INFO | Process-14[29124] | charge_discharge.cycle_executor | CH0 - Step settings: {'cycle_type': 'step', 'cycle_display': 'Discharge', 'drive_style': 'current_a', 'drive_value': -10.0, 'drive_value_other': 0.0, 'end_style': 'time_s', 'end_condition': 'greater', 'end_value': 0.05, 'meas_log_int_s': 0.01, 'safety_min_voltage_v': 2.0, 'safety_max_voltage_v': 4.3, 'safety_min_current_a': -10.0, 'safety_max_current_a': 10.0, 'safety_max_time_s': 2.0}
2026-09-26 00:26:58 | INFO | Process-14[29124] | charge_discharge.runner | Voltage measurement equipment chosen
2026-09-26 00:26:58 | INFO | Process-14[29124] | charge_discharge.runner | Current measurement equipment chosen
2026-09-26 00:26:58 | INFO | Process-14[29124] | charge_discharge.runner | Current-driven step setup
2026-09-26 00:26:58 | INFO | Process-14[29124] | charge_discharge.runner | Start step successful
2026-09-26 00:26:58 | INFO | Process-14[29124] | charge_discharge.runner | End condition before measurement loop: none
2026-09-26 00:26:58 | INFO | Process-14[29124] | charge_discharge.cycle_executor | CH0 - Cycle 2 step 0 ending; reason: end_condition
2026-09-26 00:26:58 | INFO | Process-14[29124] | charge_discharge.cycle_executor | CH0 - Cycle 2 ending
2026-09-26 00:26:58 | INFO | Process-14[29124] | charge_discharge.cycle_executor | CH0 - All cycles completed
2026-09-26 00:27:01 | INFO | Process-16[32384] | equipment | Virtual device connected: Fake Test PSU
2026-09-26 00:27:01 | INFO | Process-17[38464] | equipment | Virtual device connected: Fake Test Eload
2026-09-26 00:27:01 | INFO | Process-18[43544] | equipment | Virtual device connected: Fake Test DMM
2026-09-26 00:27:01 | INFO | Process-19[5272] | equipment | Virtual device connected: Fake Test DMM
2026-09-26 00:27:01 | INFO | Process-20[33152] | equipment | Virtual device connected: Fake Test DMM
2026-09-26 00:27:02 | WARNING | Process-21[7972] | pint.util | Redefining 'ampere_hour' (<class 'pint.delegates.txt_defparser.plain.UnitDefinition'>)
2026-09-26 00:27:02 | WARNING | Process-21[7972] | pint.util | Redefining 'Ah' (<class 'pint.delegates.txt_defparser.plain.UnitDefinition'>)
2026-09-26 00:27:02 | WARNING | Process-21[7972] | pint.util | Redefining 'watt_hour' (<class 'pint.delegates.txt_defparser.plain.UnitDefinition'>)
2026-09-26 00:27:02 | WARNING | Process-21[7972] | pint.util | Redefining 'Wh' (<class 'pint.delegates.txt_defparser.plain.UnitDefinition'>)
2026-09-26 00:27:04 | INFO | Process-21[7972] | charge_discharge.cycle_executor | CH0 - Cycle 3 starting
2026-09-26 00:27:04 | INFO | Process-21[7972] | charge_discharge.cycle_executor | CH0 - Cycle settings: [{'cycle_type': 'step', 'cycle_display': 'Discharge', 'drive_style': 'current_a', 'drive_value': -10.0, 'drive_value_other': 0.0, 'end_style': 'time_s', 'end_condition': 'greater', 'end_value': 0.05, 'meas_log_int_s': 0.01, 'safety_min_voltage_v': 2.0, 'safety_max_voltage_v': 4.3, 'safety_min_current_a': -10.0, 'safety_max_current_a': 10.0, 'safety_max_time_s': 2.0}]
2026-09-26 00:27:04 | INFO | Process-21[7972] | charge_discharge.cycle_executor | CH0 - Cycle 3 step 0 starting
2026-09-26 00:27:04 | INFO | Process-21[7972] | charge_discharge.cycle_executor | CH0 - Step settings: {'cycle_type': 'step', 'cycle_display': 'Discharge', 'drive_style': 'current_a', 'drive_value': -10.0, 'drive_value_other': 0.0, 'end_style': 'time_s', 'end_condition': 'greater', 'end_value': 0.05, 'meas_log_int_s': 0.01, 'safety_min_voltage_v': 2.0, 'safety_max_voltage_v': 4.3, 'safety_min_current_a': -10.0, 'safety_max_current_a': 10.0, 'safety_max_time_s': 2.0}
2026-09-26 00:27:04 | INFO | Process-21[7972] | charge_discharge.runner | Voltage measurement equipment chosen
2026-09-26 00:27:04 | INFO | Process-21[7972] | charge_discharge.runner | Current measurement equipment chosen
2026-09-26 00:27:04 | INFO | Process-21[7972] | charge_discharge.runner | Current-driven step setup
2026-09-26 00:27:04 | INFO | Process-21[7972] | charge_discharge.runner | Start step successful
2026-09-26 00:27:04 | INFO | Process-21[7972] | charge_discharge.runner | End condition before measurement loop: none
2026-09-26 00:27:04 | INFO | Process-21[7972] | charge_discharge.cycle_executor | CH0 - Cycle 3 step 0 ending; reason: end_condition
2026-09-26 00:27:04 | INFO | Process-21[7972] | charge_discharge.cycle_executor | CH0 - Cycle 3 ending
2026-09-26 00:27:04 | INFO | Process-21[7972] | charge_discharge.cycle_executor | CH0 - All cycles completed
2026-09-26 00:27:07 | INFO | Process-23[30392] | equipment | Virtual device connected: Fake Test PSU
2026-09-26 00:27:07 | INFO | Process-25[45400] | equipment | Virtual device connected: Fake Test DMM
2026-09-26 00:27:07 | INFO | Process-24[44028] | equipment | Virtual device connected: Fake Test Eload
2026-09-26 00:27:07 | INFO | Process-27[7748] | equipment | Virtual device connected: Fake Test DMM
2026-09-26 00:27:25 | INFO | Process-7[12580] | equipment | Virtual device connected: Fake Test Eload
2026-09-26 00:27:25 | INFO | Process-8[6904] | equipment | Virtual device connected: Fake Test DMM
2026-09-26 00:27:25 | INFO | Process-9[44880] | equipment | Virtual device connected: Fake Test DMM
2026-09-26 00:27:28 | INFO | Process-14[39892] | equipment | Virtual device connected: Fake Test Eload
2026-09-26 00:27:28 | INFO | Process-15[28876] | equipment | Virtual device connected: Fake Test DMM
2026-09-26 00:27:28 | INFO | Process-16[35568] | equipment | Virtual device connected: Fake Test DMM
2026-09-26 00:27:28 | INFO | Process-13[12796] | equipment | Virtual device connected: Fake Test PSU
2026-09-26 00:27:28 | INFO | Process-17[47028] | equipment | Virtual device connected: Fake Test DMM
2026-09-26 00:27:29 | WARNING | Process-18[12004] | pint.util | Redefining 'ampere_hour' (<class 'pint.delegates.txt_defparser.plain.UnitDefinition'>)
2026-09-26 00:27:29 | WARNING | Process-18[12004] | pint.util | Redefining 'Ah' (<class 'pint.delegates.txt_defparser.plain.UnitDefinition'>)
2026-09-26 00:27:29 | WARNING | Process-18[12004] | pint.util | Redefining 'watt_hour' (<class 'pint.delegates.txt_defparser.plain.UnitDefinition'>)
2026-09-26 00:27:29 | WARNING | Process-18[12004] | pint.util | Redefining 'Wh' (<class 'pint.delegates.txt_defparser.plain.UnitDefinition'>)
2026-09-26 00:27:30 | INFO | Process-18[12004] | charge_discharge.cycle_executor | CH0 - Cycle 1 starting
2026-09-26 00:27:30 | INFO | Process-18[12004] | charge_discharge.cycle_executor | CH0 - Cycle settings: [{'cycle_type': 'step', 'cycle_display': 'Discharge', 'drive_style': 'current_a', 'drive_value': -10.0, 'drive_value_other': 0.0, 'end_style': 'time_s', 'end_condition': 'greater', 'end_value': 0.05, 'meas_log_int_s': 0.01, 'safety_min_voltage_v': 2.0, 'safety_max_voltage_v': 4.3, 'safety_min_current_a': -10.0, 'safety_max_current_a': 10.0, 'safety_max_time_s': 2.0}]
2026-09-26 00:27:30 | INFO | Process-18[12004] | charge_discharge.cycle_executor | CH0 - Cycle 1 step 0 starting
2026-09-26 00:27:30 | INFO | Process-18[12004] | charge_discharge.cycle_executor | CH0 - Step settings: {'cycle_type': 'step', 'cycle_display': 'Discharge', 'drive_style': 'current_a', 'drive_value': -10.0, 'drive_value_other': 0.0, 'end_style': 'time_s', 'end_condition': 'greater', 'end_value': 0.05, 'meas_log_int_s': 0.01, 'safety_min_voltage_v': 2.0, 'safety_max_voltage_v': 4.3, 'safety_min_current_a': -10.0, 'safety_max_current_a': 10.0, 'safety_max_time_s': 2.0}
2026-09-26 00:27:30 | INFO | Process-18[12004] | charge_discharge.runner | Voltage measurement equipment chosen
2026-09-26 00:27:30 | INFO | Process-18[12004] | charge_discharge.runner | Current measurement equipment chosen
2026-09-26 00:27:30 | INFO | Process-18[12004] | charge_discharge.runner | Current-driven step setup
2026-09-26 00:27:31 | INFO | Process-18[12004] | charge_discharge.runner | Start step successful
2026-09-26 00:27:31 | INFO | Process-18[12004] | charge_discharge.runner | End condition before measurement loop: none
2026-09-26 00:27:31 | INFO | Process-18[12004] | charge_discharge.cycle_executor | CH0 - Cycle 1 step 0 ending; reason: end_condition
2026-09-26 00:27:31 | INFO | Process-18[12004] | charge_discharge.cycle_executor | CH0 - Cycle 1 ending
2026-09-26 00:27:31 | INFO | Process-18[12004] | charge_discharge.cycle_executor | CH0 - Cycle 2 starting
2026-09-26 00:27:31 | INFO | Process-18[12004] | charge_discharge.cycle_executor | CH0 - Cycle settings: [{'cycle_type': 'step', 'cycle_display': 'Discharge', 'drive_style': 'current_a', 'drive_value': -10.0, 'drive_value_other': 0.0, 'end_style': 'time_s', 'end_condition': 'greater', 'end_value': 0.05, 'meas_log_int_s': 0.01, 'safety_min_voltage_v': 2.0, 'safety_max_voltage_v': 4.3, 'safety_min_current_a': -10.0, 'safety_max_current_a': 10.0, 'safety_max_time_s': 2.0}]
2026-09-26 00:27:31 | INFO | Process-18[12004] | charge_discharge.cycle_executor | CH0 - Cycle 2 step 0 starting
2026-09-26 00:27:31 | INFO | Process-18[12004] | charge_discharge.cycle_executor | CH0 - Step settings: {'cycle_type': 'step', 'cycle_display': 'Discharge', 'drive_style': 'current_a', 'drive_value': -10.0, 'drive_value_other': 0.0, 'end_style': 'time_s', 'end_condition': 'greater', 'end_value': 0.05, 'meas_log_int_s': 0.01, 'safety_min_voltage_v': 2.0, 'safety_max_voltage_v': 4.3, 'safety_min_current_a': -10.0, 'safety_max_current_a': 10.0, 'safety_max_time_s': 2.0}
2026-09-26 00:27:31 | INFO | Process-18[12004] | charge_discharge.runner | Voltage measurement equipment chosen
2026-09-26 00:27:31 | INFO | Process-18[12004] | charge_discharge.runner | Current measurement equipment chosen
2026-09-26 00:27:31 | INFO | Process-18[12004] | charge_discharge.runner | Current-driven step setup
2026-09-26 00:27:31 | INFO | Process-18[12004] | charge_discharge.runner | Start step successful
2026-09-26 00:27:31 | INFO | Process-18[12004] | charge_discharge.runner | End condition before measurement loop: none
2026-09-26 00:27:31 | INFO | Process-18[12004] | charge_discharge.cycle_executor | CH0 - Cycle 2 step 0 ending; reason: end_condition
2026-09-26 00:27:31 | INFO | Process-18[12004] | charge_discharge.cycle_executor | CH0 - Cycle 2 ending
2026-09-26 00:27:31 | INFO | Process-18[12004] | charge_discharge.cycle_executor | CH0 - All cycles completed
2026-09-26 00:27:34 | INFO | Process-20[32192] | equipment | Virtual device connected: Fake Test PSU

2026-09-26 00:27:34 | INFO | Process-22[31996] | equipment | Virtual device connected: Fake Test DMM
2026-09-26 00:27:34 | INFO | Process-23[34364] | equipment | Virtual device connected: Fake Test DMM
2026-09-26 00:27:34 | INFO | Process-24[29296] | equipment | Virtual device connected: Fake Test DMM
2026-09-26 00:27:35 | WARNING | Process-25[45836] | pint.util | Redefining 'ampere_hour' (<class 'pint.delegates.txt_defparser.plain.UnitDefinition'>)
2026-09-26 00:27:35 | WARNING | Process-25[45836] | pint.util | Redefining 'Ah' (<class 'pint.delegates.txt_defparser.plain.UnitDefinition'>)
2026-09-26 00:27:35 | WARNING | Process-25[45836] | pint.util | Redefining 'watt_hour' (<class 'pint.delegates.txt_defparser.plain.UnitDefinition'>)
2026-09-26 00:27:35 | WARNING | Process-25[45836] | pint.util | Redefining 'Wh' (<class 'pint.delegates.txt_defparser.plain.UnitDefinition'>)
2026-09-26 00:27:36 | INFO | Process-25[45836] | charge_discharge.cycle_executor | CH0 - Cycle 3 starting
2026-09-26 00:27:36 | INFO | Process-25[45836] | charge_discharge.cycle_executor | CH0 - Cycle settings: [{'cycle_type': 'step', 'cycle_display': 'Discharge', 'drive_style': 'current_a', 'drive_value': -10.0, 'drive_value_other': 0.0, 'end_style': 'time_s', 'end_condition': 'greater', 'end_value': 0.05, 'meas_log_int_s': 0.01, 'safety_min_voltage_v': 2.0, 'safety_max_voltage_v': 4.3, 'safety_min_current_a': -10.0, 'safety_max_current_a': 10.0, 'safety_max_time_s': 2.0}]
2026-09-26 00:27:36 | INFO | Process-25[45836] | charge_discharge.cycle_executor | CH0 - Cycle 3 step 0 starting
2026-09-26 00:27:36 | INFO | Process-25[45836] | charge_discharge.cycle_executor | CH0 - Step settings: {'cycle_type': 'step', 'cycle_display': 'Discharge', 'drive_style': 'current_a', 'drive_value': -10.0, 'drive_value_other': 0.0, 'end_style': 'time_s', 'end_condition': 'greater', 'end_value': 0.05, 'meas_log_int_s': 0.01, 'safety_min_voltage_v': 2.0, 'safety_max_voltage_v': 4.3, 'safety_min_current_a': -10.0, 'safety_max_current_a': 10.0, 'safety_max_time_s': 2.0}
2026-09-26 00:27:36 | INFO | Process-25[45836] | charge_discharge.runner | Voltage measurement equipment chosen
2026-09-26 00:27:36 | INFO | Process-25[45836] | charge_discharge.runner | Current measurement equipment chosen
2026-09-26 00:27:36 | INFO | Process-25[45836] | charge_discharge.runner | Current-driven step setup
2026-09-26 00:27:36 | INFO | Process-25[45836] | charge_discharge.runner | Start step successful
2026-09-26 00:27:36 | INFO | Process-25[45836] | charge_discharge.runner | End condition before measurement loop: none
2026-09-26 00:27:36 | INFO | Process-25[45836] | charge_discharge.cycle_executor | CH0 - Cycle 3 step 0 ending; reason: end_condition
2026-09-26 00:27:36 | INFO | Process-25[45836] | charge_discharge.cycle_executor | CH0 - Cycle 3 ending
2026-09-26 00:27:37 | INFO | Process-25[45836] | charge_discharge.cycle_executor | CH0 - All cycles completed
2026-09-26 00:27:39 | INFO | Process-30[31424] | equipment | Virtual device connected: Fake Test DMM
2026-09-26 00:27:39 | INFO | Process-29[43636] | equipment | Virtual device connected: Fake Test DMM
2026-09-26 00:27:39 | INFO | Process-31[31292] | equipment | Virtual device connected: Fake Test DMM
2026-09-26 00:27:39 | INFO | Process-28[43100] | equipment | Virtual device connected: Fake Test Eload
2026-09-26 00:27:39 | INFO | Process-27[45636] | equipment | Virtual device connected: Fake Test PSU
2026-09-26 00:35:56 | INFO | Process-3[41952] | equipment | Virtual device connected: Fake Test Eload
2026-09-26 00:35:56 | INFO | Process-2[3888] | equipment | Virtual device connected: Fake Test PSU
2026-09-26 00:35:56 | INFO | Process-5[46084] | equipment | Virtual device connected: Fake Test DMM
2026-09-26 00:35:56 | INFO | Process-4[34248] | equipment | Virtual device connected: Fake Test DMM
2026-09-26 00:35:56 | INFO | Process-6[20208] | equipment | Virtual device connected: Fake Test DMM
2026-09-26 00:35:56 | ERROR | Process-5[46084] | equipment | Virtual device operation failed: measure_current
Traceback (most recent call last):
  File "D:\Documents\GitHub\Test_Equipment_Control\equipment.py", line 197, in virtual_device_management_process
    return_data = _dispatch_virtual_device_method(device, operation, args)
  File "D:\Documents\GitHub\Test_Equipment_Control\equipment.py", line 142, in _dispatch_virtual_device_method
    return method(*args)
  File "D:\Documents\GitHub\Test_Equipment_Control\lab_equipment\DMM_Fake.py", line 15, in measure_current
    return require_simulation_link(self.battery_link, "Fake DMM").measure_current()
           ~~~~~~~~~~~~~~~~~~~~~~~^^^^^^^^^^^^^^^^^^^^^^^^^^^^^^^
  File "D:\Documents\GitHub\Test_Equipment_Control\battery_app\simulation.py", line 25, in require_simulation_link
    raise FakeInstrumentNotAttachedError(
        f"{instrument_name} requires an attached SIMULATED_LG_MJ1 battery link"
    )
battery_app.simulation.FakeInstrumentNotAttachedError: Fake DMM requires an attached SIMULATED_LG_MJ1 battery link
2026-09-26 00:36:00 | INFO | Process-9[8928] | equipment | Virtual device connected: Fake Test PSU
2026-09-26 00:36:00 | INFO | Process-10[30524] | equipment | Virtual device connected: Fake Test Eload
2026-09-26 00:36:00 | INFO | Process-12[3476] | equipment | Virtual device connected: Fake Test DMM
2026-09-26 00:36:00 | INFO | Process-11[31524] | equipment | Virtual device connected: Fake Test DMM
2026-09-26 00:36:00 | INFO | Process-13[26212] | equipment | Virtual device connected: Fake Test DMM
2026-09-26 00:36:01 | WARNING | Process-14[21744] | pint.util | Redefining 'ampere_hour' (<class 'pint.delegates.txt_defparser.plain.UnitDefinition'>)
2026-09-26 00:36:01 | WARNING | Process-14[21744] | pint.util | Redefining 'Ah' (<class 'pint.delegates.txt_defparser.plain.UnitDefinition'>)
2026-09-26 00:36:01 | WARNING | Process-14[21744] | pint.util | Redefining 'watt_hour' (<class 'pint.delegates.txt_defparser.plain.UnitDefinition'>)
2026-09-26 00:36:01 | WARNING | Process-14[21744] | pint.util | Redefining 'Wh' (<class 'pint.delegates.txt_defparser.plain.UnitDefinition'>)
2026-09-26 00:36:03 | INFO | Process-14[21744] | charge_discharge.cycle_executor | CH0 - Cycle 1 starting
2026-09-26 00:36:03 | INFO | Process-14[21744] | charge_discharge.cycle_executor | CH0 - Cycle settings: [{'cycle_type': 'step', 'cycle_display': 'Discharge', 'drive_style': 'current_a', 'drive_value': -10.0, 'drive_value_other': 0.0, 'end_style': 'time_s', 'end_condition': 'greater', 'end_value': 0.05, 'meas_log_int_s': 0.01, 'safety_min_voltage_v': 2.0, 'safety_max_voltage_v': 4.3, 'safety_min_current_a': -10.0, 'safety_max_current_a': 10.0, 'safety_max_time_s': 2.0}]
2026-09-26 00:36:03 | INFO | Process-14[21744] | charge_discharge.cycle_executor | CH0 - Cycle 1 step 0 starting
2026-09-26 00:36:03 | INFO | Process-14[21744] | charge_discharge.cycle_executor | CH0 - Step settings: {'cycle_type': 'step', 'cycle_display': 'Discharge', 'drive_style': 'current_a', 'drive_value': -10.0, 'drive_value_other': 0.0, 'end_style': 'time_s', 'end_condition': 'greater', 'end_value': 0.05, 'meas_log_int_s': 0.01, 'safety_min_voltage_v': 2.0, 'safety_max_voltage_v': 4.3, 'safety_min_current_a': -10.0, 'safety_max_current_a': 10.0, 'safety_max_time_s': 2.0}
2026-09-26 00:36:03 | INFO | Process-14[21744] | charge_discharge.runner | Voltage measurement equipment chosen
2026-09-26 00:36:03 | INFO | Process-14[21744] | charge_discharge.runner | Current measurement equipment chosen
2026-09-26 00:36:03 | INFO | Process-14[21744] | charge_discharge.runner | Current-driven step setup
2026-09-26 00:36:03 | INFO | Process-14[21744] | charge_discharge.runner | Start step successful
2026-09-26 00:36:03 | INFO | Process-14[21744] | charge_discharge.runner | End condition before measurement loop: none
2026-09-26 00:36:03 | INFO | Process-14[21744] | charge_discharge.cycle_executor | CH0 - Cycle 1 step 0 ending; reason: end_condition
2026-09-26 00:36:03 | INFO | Process-14[21744] | charge_discharge.cycle_executor | CH0 - Cycle 1 ending
2026-09-26 00:36:03 | INFO | Process-14[21744] | charge_discharge.cycle_executor | CH0 - Cycle 2 starting
2026-09-26 00:36:03 | INFO | Process-14[21744] | charge_discharge.cycle_executor | CH0 - Cycle settings: [{'cycle_type': 'step', 'cycle_display': 'Discharge', 'drive_style': 'current_a', 'drive_value': -10.0, 'drive_value_other': 0.0, 'end_style': 'time_s', 'end_condition': 'greater', 'end_value': 0.05, 'meas_log_int_s': 0.01, 'safety_min_voltage_v': 2.0, 'safety_max_voltage_v': 4.3, 'safety_min_current_a': -10.0, 'safety_max_current_a': 10.0, 'safety_max_time_s': 2.0}]
2026-09-26 00:36:03 | INFO | Process-14[21744] | charge_discharge.cycle_executor | CH0 - Cycle 2 step 0 starting
2026-09-26 00:36:03 | INFO | Process-14[21744] | charge_discharge.cycle_executor | CH0 - Step settings: {'cycle_type': 'step', 'cycle_display': 'Discharge', 'drive_style': 'current_a', 'drive_value': -10.0, 'drive_value_other': 0.0, 'end_style': 'time_s', 'end_condition': 'greater', 'end_value': 0.05, 'meas_log_int_s': 0.01, 'safety_min_voltage_v': 2.0, 'safety_max_voltage_v': 4.3, 'safety_min_current_a': -10.0, 'safety_max_current_a': 10.0, 'safety_max_time_s': 2.0}
2026-09-26 00:36:03 | INFO | Process-14[21744] | charge_discharge.runner | Voltage measurement equipment chosen
2026-09-26 00:36:03 | INFO | Process-14[21744] | charge_discharge.runner | Current measurement equipment chosen
2026-09-26 00:36:03 | INFO | Process-14[21744] | charge_discharge.runner | Current-driven step setup
2026-09-26 00:36:03 | INFO | Process-14[21744] | charge_discharge.runner | Start step successful
2026-09-26 00:36:03 | INFO | Process-14[21744] | charge_discharge.runner | End condition before measurement loop: none
2026-09-26 00:36:03 | INFO | Process-14[21744] | charge_discharge.cycle_executor | CH0 - Cycle 2 step 0 ending; reason: end_condition
2026-09-26 00:36:03 | INFO | Process-14[21744] | charge_discharge.cycle_executor | CH0 - Cycle 2 ending
2026-09-26 00:36:03 | INFO | Process-14[21744] | charge_discharge.cycle_executor | CH0 - All cycles completed
2026-09-26 00:36:06 | INFO | Process-16[8168] | equipment | Virtual device connected: Fake Test PSU
2026-09-26 00:36:06 | INFO | Process-17[24536] | equipment | Virtual device connected: Fake Test Eload
2026-09-26 00:36:06 | INFO | Process-18[15492] | equipment | Virtual device connected: Fake Test DMM
2026-09-26 00:36:06 | INFO | Process-19[22604] | equipment | Virtual device connected: Fake Test DMM
2026-09-26 00:36:06 | INFO | Process-20[40608] | equipment | Virtual device connected: Fake Test DMM
2026-09-26 00:36:07 | WARNING | Process-21[22492] | pint.util | Redefining 'ampere_hour' (<class 'pint.delegates.txt_defparser.plain.UnitDefinition'>)
2026-09-26 00:36:07 | WARNING | Process-21[22492] | pint.util | Redefining 'Ah' (<class 'pint.delegates.txt_defparser.plain.UnitDefinition'>)
2026-09-26 00:36:07 | WARNING | Process-21[22492] | pint.util | Redefining 'watt_hour' (<class 'pint.delegates.txt_defparser.plain.UnitDefinition'>)
2026-09-26 00:36:07 | WARNING | Process-21[22492] | pint.util | Redefining 'Wh' (<class 'pint.delegates.txt_defparser.plain.UnitDefinition'>)
2026-09-26 00:36:08 | INFO | Process-21[22492] | charge_discharge.cycle_executor | CH0 - Cycle 3 starting
2026-09-26 00:36:08 | INFO | Process-21[22492] | charge_discharge.cycle_executor | CH0 - Cycle settings: [{'cycle_type': 'step', 'cycle_display': 'Discharge', 'drive_style': 'current_a', 'drive_value': -10.0, 'drive_value_other': 0.0, 'end_style': 'time_s', 'end_condition': 'greater', 'end_value': 0.05, 'meas_log_int_s': 0.01, 'safety_min_voltage_v': 2.0, 'safety_max_voltage_v': 4.3, 'safety_min_current_a': -10.0, 'safety_max_current_a': 10.0, 'safety_max_time_s': 2.0}]
2026-09-26 00:36:08 | INFO | Process-21[22492] | charge_discharge.cycle_executor | CH0 - Cycle 3 step 0 starting
2026-09-26 00:36:08 | INFO | Process-21[22492] | charge_discharge.cycle_executor | CH0 - Step settings: {'cycle_type': 'step', 'cycle_display': 'Discharge', 'drive_style': 'current_a', 'drive_value': -10.0, 'drive_value_other': 0.0, 'end_style': 'time_s', 'end_condition': 'greater', 'end_value': 0.05, 'meas_log_int_s': 0.01, 'safety_min_voltage_v': 2.0, 'safety_max_voltage_v': 4.3, 'safety_min_current_a': -10.0, 'safety_max_current_a': 10.0, 'safety_max_time_s': 2.0}
2026-09-26 00:36:08 | INFO | Process-21[22492] | charge_discharge.runner | Voltage measurement equipment chosen
2026-09-26 00:36:08 | INFO | Process-21[22492] | charge_discharge.runner | Current measurement equipment chosen
2026-09-26 00:36:08 | INFO | Process-21[22492] | charge_discharge.runner | Current-driven step setup
2026-09-26 00:36:08 | INFO | Process-21[22492] | charge_discharge.runner | Start step successful
2026-09-26 00:36:08 | INFO | Process-21[22492] | charge_discharge.runner | End condition before measurement loop: none
2026-09-26 00:36:09 | INFO | Process-21[22492] | charge_discharge.cycle_executor | CH0 - Cycle 3 step 0 ending; reason: end_condition
2026-09-26 00:36:09 | INFO | Process-21[22492] | charge_discharge.cycle_executor | CH0 - Cycle 3 ending
2026-09-26 00:36:09 | INFO | Process-21[22492] | charge_discharge.cycle_executor | CH0 - All cycles completed
2026-09-26 00:36:12 | INFO | Process-26[14180] | equipment | Virtual device connected: Fake Test DMM
2026-09-26 00:36:12 | INFO | Process-25[22784] | equipment | Virtual device connected: Fake Test DMM
2026-09-26 00:36:12 | INFO | Process-24[24416] | equipment | Virtual device connected: Fake Test Eload
2026-09-26 00:36:12 | INFO | Process-27[26556] | equipment | Virtual device connected: Fake Test DMM
2026-09-26 00:36:34 | INFO | Process-4[22292] | equipment | Virtual device connected: Fake Test DMM
2026-09-26 00:36:34 | INFO | Process-2[38808] | equipment | Virtual device connected: Fake Test PSU
2026-09-26 00:36:34 | INFO | Process-3[24684] | equipment | Virtual device connected: Fake Test Eload
2026-09-26 00:36:34 | INFO | Process-5[31860] | equipment | Virtual device connected: Fake Test DMM
2026-09-26 00:36:34 | INFO | Process-6[29120] | equipment | Virtual device connected: Fake Test DMM
2026-09-26 00:36:34 | ERROR | Process-5[31860] | equipment | Virtual device operation failed: measure_current
Traceback (most recent call last):
  File "D:\Documents\GitHub\Test_Equipment_Control\equipment.py", line 197, in virtual_device_management_process
    return_data = _dispatch_virtual_device_method(device, operation, args)
  File "D:\Documents\GitHub\Test_Equipment_Control\equipment.py", line 142, in _dispatch_virtual_device_method
    return method(*args)
  File "D:\Documents\GitHub\Test_Equipment_Control\lab_equipment\DMM_Fake.py", line 15, in measure_current
    return require_simulation_link(self.battery_link, "Fake DMM").measure_current()
           ~~~~~~~~~~~~~~~~~~~~~~~^^^^^^^^^^^^^^^^^^^^^^^^^^^^^^^
  File "D:\Documents\GitHub\Test_Equipment_Control\battery_app\simulation.py", line 25, in require_simulation_link
    raise FakeInstrumentNotAttachedError(
        f"{instrument_name} requires an attached SIMULATED_LG_MJ1 battery link"
    )
battery_app.simulation.FakeInstrumentNotAttachedError: Fake DMM requires an attached SIMULATED_LG_MJ1 battery link
2026-09-26 00:36:36 | INFO | Process-9[13772] | equipment | Virtual device connected: Fake Test PSU
2026-09-26 00:36:36 | INFO | Process-10[32624] | equipment | Virtual device connected: Fake Test Eload
2026-09-26 00:36:36 | INFO | Process-11[45564] | equipment | Virtual device connected: Fake Test DMM
2026-09-26 00:36:36 | INFO | Process-12[39940] | equipment | Virtual device connected: Fake Test DMM
2026-09-26 00:36:36 | INFO | Process-13[45860] | equipment | Virtual device connected: Fake Test DMM
2026-09-26 00:36:37 | WARNING | Process-14[42596] | pint.util | Redefining 'ampere_hour' (<class 'pint.delegates.txt_defparser.plain.UnitDefinition'>)
2026-09-26 00:36:37 | WARNING | Process-14[42596] | pint.util | Redefining 'Ah' (<class 'pint.delegates.txt_defparser.plain.UnitDefinition'>)
2026-09-26 00:36:37 | WARNING | Process-14[42596] | pint.util | Redefining 'watt_hour' (<class 'pint.delegates.txt_defparser.plain.UnitDefinition'>)
2026-09-26 00:36:37 | WARNING | Process-14[42596] | pint.util | Redefining 'Wh' (<class 'pint.delegates.txt_defparser.plain.UnitDefinition'>)
2026-09-26 00:36:39 | INFO | Process-14[42596] | charge_discharge.cycle_executor | CH0 - Cycle 1 starting
2026-09-26 00:36:39 | INFO | Process-14[42596] | charge_discharge.cycle_executor | CH0 - Cycle settings: [{'cycle_type': 'step', 'cycle_display': 'Discharge', 'drive_style': 'current_a', 'drive_value': -10.0, 'drive_value_other': 0.0, 'end_style': 'time_s', 'end_condition': 'greater', 'end_value': 0.05, 'meas_log_int_s': 0.01, 'safety_min_voltage_v': 2.0, 'safety_max_voltage_v': 4.3, 'safety_min_current_a': -10.0, 'safety_max_current_a': 10.0, 'safety_max_time_s': 2.0}]
2026-09-26 00:36:39 | INFO | Process-14[42596] | charge_discharge.cycle_executor | CH0 - Cycle 1 step 0 starting
2026-09-26 00:36:39 | INFO | Process-14[42596] | charge_discharge.cycle_executor | CH0 - Step settings: {'cycle_type': 'step', 'cycle_display': 'Discharge', 'drive_style': 'current_a', 'drive_value': -10.0, 'drive_value_other': 0.0, 'end_style': 'time_s', 'end_condition': 'greater', 'end_value': 0.05, 'meas_log_int_s': 0.01, 'safety_min_voltage_v': 2.0, 'safety_max_voltage_v': 4.3, 'safety_min_current_a': -10.0, 'safety_max_current_a': 10.0, 'safety_max_time_s': 2.0}
2026-09-26 00:36:39 | INFO | Process-14[42596] | charge_discharge.runner | Voltage measurement equipment chosen
2026-09-26 00:36:39 | INFO | Process-14[42596] | charge_discharge.runner | Current measurement equipment chosen
2026-09-26 00:36:39 | INFO | Process-14[42596] | charge_discharge.runner | Current-driven step setup
2026-09-26 00:36:39 | INFO | Process-14[42596] | charge_discharge.runner | Start step successful
2026-09-26 00:36:39 | INFO | Process-14[42596] | charge_discharge.runner | End condition before measurement loop: none
2026-09-26 00:36:39 | INFO | Process-14[42596] | charge_discharge.cycle_executor | CH0 - Cycle 1 step 0 ending; reason: end_condition
2026-09-26 00:36:39 | INFO | Process-14[42596] | charge_discharge.cycle_executor | CH0 - Cycle 1 ending
2026-09-26 00:36:39 | INFO | Process-14[42596] | charge_discharge.cycle_executor | CH0 - Cycle 2 starting
2026-09-26 00:36:39 | INFO | Process-14[42596] | charge_discharge.cycle_executor | CH0 - Cycle settings: [{'cycle_type': 'step', 'cycle_display': 'Discharge', 'drive_style': 'current_a', 'drive_value': -10.0, 'drive_value_other': 0.0, 'end_style': 'time_s', 'end_condition': 'greater', 'end_value': 0.05, 'meas_log_int_s': 0.01, 'safety_min_voltage_v': 2.0, 'safety_max_voltage_v': 4.3, 'safety_min_current_a': -10.0, 'safety_max_current_a': 10.0, 'safety_max_time_s': 2.0}]
2026-09-26 00:36:39 | INFO | Process-14[42596] | charge_discharge.cycle_executor | CH0 - Cycle 2 step 0 starting
2026-09-26 00:36:39 | INFO | Process-14[42596] | charge_discharge.cycle_executor | CH0 - Step settings: {'cycle_type': 'step', 'cycle_display': 'Discharge', 'drive_style': 'current_a', 'drive_value': -10.0, 'drive_value_other': 0.0, 'end_style': 'time_s', 'end_condition': 'greater', 'end_value': 0.05, 'meas_log_int_s': 0.01, 'safety_min_voltage_v': 2.0, 'safety_max_voltage_v': 4.3, 'safety_min_current_a': -10.0, 'safety_max_current_a': 10.0, 'safety_max_time_s': 2.0}
2026-09-26 00:36:39 | INFO | Process-14[42596] | charge_discharge.runner | Voltage measurement equipment chosen
2026-09-26 00:36:39 | INFO | Process-14[42596] | charge_discharge.runner | Current measurement equipment chosen
2026-09-26 00:36:39 | INFO | Process-14[42596] | charge_discharge.runner | Current-driven step setup
2026-09-26 00:36:39 | INFO | Process-14[42596] | charge_discharge.runner | Start step successful
2026-09-26 00:36:39 | INFO | Process-14[42596] | charge_discharge.runner | End condition before measurement loop: none
2026-09-26 00:36:40 | INFO | Process-14[42596] | charge_discharge.cycle_executor | CH0 - Cycle 2 step 0 ending; reason: end_condition
2026-09-26 00:36:40 | INFO | Process-14[42596] | charge_discharge.cycle_executor | CH0 - Cycle 2 ending
2026-09-26 00:36:40 | INFO | Process-14[42596] | charge_discharge.cycle_executor | CH0 - All cycles completed
2026-09-26 00:36:42 | INFO | Process-17[43532] | equipment | Virtual device connected: Fake Test Eload
2026-09-26 00:36:42 | INFO | Process-16[39396] | equipment | Virtual device connected: Fake Test PSU
2026-09-26 00:36:42 | INFO | Process-18[2320] | equipment | Virtual device connected: Fake Test DMM
2026-09-26 00:36:42 | INFO | Process-19[43144] | equipment | Virtual device connected: Fake Test DMM
2026-09-26 00:36:42 | INFO | Process-20[40744] | equipment | Virtual device connected: Fake Test DMM
2026-09-26 00:36:43 | WARNING | Process-21[23344] | pint.util | Redefining 'ampere_hour' (<class 'pint.delegates.txt_defparser.plain.UnitDefinition'>)
2026-09-26 00:36:43 | WARNING | Process-21[23344] | pint.util | Redefining 'Ah' (<class 'pint.delegates.txt_defparser.plain.UnitDefinition'>)
2026-09-26 00:36:43 | WARNING | Process-21[23344] | pint.util | Redefining 'watt_hour' (<class 'pint.delegates.txt_defparser.plain.UnitDefinition'>)
2026-09-26 00:36:43 | WARNING | Process-21[23344] | pint.util | Redefining 'Wh' (<class 'pint.delegates.txt_defparser.plain.UnitDefinition'>)
2026-09-26 00:36:45 | INFO | Process-21[23344] | charge_discharge.cycle_executor | CH0 - Cycle 3 starting
2026-09-26 00:36:45 | INFO | Process-21[23344] | charge_discharge.cycle_executor | CH0 - Cycle settings: [{'cycle_type': 'step', 'cycle_display': 'Discharge', 'drive_style': 'current_a', 'drive_value': -10.0, 'drive_value_other': 0.0, 'end_style': 'time_s', 'end_condition': 'greater', 'end_value': 0.05, 'meas_log_int_s': 0.01, 'safety_min_voltage_v': 2.0, 'safety_max_voltage_v': 4.3, 'safety_min_current_a': -10.0, 'safety_max_current_a': 10.0, 'safety_max_time_s': 2.0}]
2026-09-26 00:36:45 | INFO | Process-21[23344] | charge_discharge.cycle_executor | CH0 - Cycle 3 step 0 starting
2026-09-26 00:36:45 | INFO | Process-21[23344] | charge_discharge.cycle_executor | CH0 - Step settings: {'cycle_type': 'step', 'cycle_display': 'Discharge', 'drive_style': 'current_a', 'drive_value': -10.0, 'drive_value_other': 0.0, 'end_style': 'time_s', 'end_condition': 'greater', 'end_value': 0.05, 'meas_log_int_s': 0.01, 'safety_min_voltage_v': 2.0, 'safety_max_voltage_v': 4.3, 'safety_min_current_a': -10.0, 'safety_max_current_a': 10.0, 'safety_max_time_s': 2.0}
2026-09-26 00:36:45 | INFO | Process-21[23344] | charge_discharge.runner | Voltage measurement equipment chosen
2026-09-26 00:36:45 | INFO | Process-21[23344] | charge_discharge.runner | Current measurement equipment chosen
2026-09-26 00:36:45 | INFO | Process-21[23344] | charge_discharge.runner | Current-driven step setup
2026-09-26 00:36:45 | INFO | Process-21[23344] | charge_discharge.runner | Start step successful
2026-09-26 00:36:45 | INFO | Process-21[23344] | charge_discharge.runner | End condition before measurement loop: none
2026-09-26 00:36:45 | INFO | Process-21[23344] | charge_discharge.cycle_executor | CH0 - Cycle 3 step 0 ending; reason: end_condition
2026-09-26 00:36:45 | INFO | Process-21[23344] | charge_discharge.cycle_executor | CH0 - Cycle 3 ending
2026-09-26 00:36:45 | INFO | Process-21[23344] | charge_discharge.cycle_executor | CH0 - All cycles completed
2026-09-26 00:36:48 | INFO | Process-24[12612] | equipment | Virtual device connected: Fake Test Eload
2026-09-26 00:36:48 | INFO | Process-27[24564] | equipment | Virtual device connected: Fake Test DMM
2026-09-26 00:36:48 | INFO | Process-23[38500] | equipment | Virtual device connected: Fake Test PSU
2026-09-26 00:37:05 | INFO | Process-2[1488] | equipment | Virtual device connected: Fake Test PSU
2026-09-26 00:37:05 | INFO | Process-3[15704] | equipment | Virtual device connected: Fake Test Eload
2026-09-26 00:37:05 | INFO | Process-4[40780] | equipment | Virtual device connected: Fake Test DMM
2026-09-26 00:37:05 | INFO | Process-5[42948] | equipment | Virtual device connected: Fake Test DMM
2026-09-26 00:37:05 | INFO | Process-6[8168] | equipment | Virtual device connected: Fake Test DMM
2026-09-26 00:37:05 | ERROR | Process-5[42948] | equipment | Virtual device operation failed: measure_current
Traceback (most recent call last):
  File "D:\Documents\GitHub\Test_Equipment_Control\equipment.py", line 197, in virtual_device_management_process
    return_data = _dispatch_virtual_device_method(device, operation, args)
  File "D:\Documents\GitHub\Test_Equipment_Control\equipment.py", line 142, in _dispatch_virtual_device_method
    return method(*args)
  File "D:\Documents\GitHub\Test_Equipment_Control\lab_equipment\DMM_Fake.py", line 15, in measure_current
    return require_simulation_link(self.battery_link, "Fake DMM").measure_current()
           ~~~~~~~~~~~~~~~~~~~~~~~^^^^^^^^^^^^^^^^^^^^^^^^^^^^^^^
  File "D:\Documents\GitHub\Test_Equipment_Control\battery_app\simulation.py", line 25, in require_simulation_link
    raise FakeInstrumentNotAttachedError(
        f"{instrument_name} requires an attached SIMULATED_LG_MJ1 battery link"
    )
battery_app.simulation.FakeInstrumentNotAttachedError: Fake DMM requires an attached SIMULATED_LG_MJ1 battery link
2026-09-26 00:37:07 | INFO | Process-10[32424] | equipment | Virtual device connected: Fake Test Eload
2026-09-26 00:37:07 | INFO | Process-11[25940] | equipment | Virtual device connected: Fake Test DMM
2026-09-26 00:37:07 | INFO | Process-12[42056] | equipment | Virtual device connected: Fake Test DMM
2026-09-26 00:37:07 | INFO | Process-13[45660] | equipment | Virtual device connected: Fake Test DMM
2026-09-26 00:37:08 | WARNING | Process-14[41444] | pint.util | Redefining 'ampere_hour' (<class 'pint.delegates.txt_defparser.plain.UnitDefinition'>)
2026-09-26 00:37:08 | WARNING | Process-14[41444] | pint.util | Redefining 'Ah' (<class 'pint.delegates.txt_defparser.plain.UnitDefinition'>)
2026-09-26 00:37:08 | WARNING | Process-14[41444] | pint.util | Redefining 'watt_hour' (<class 'pint.delegates.txt_defparser.plain.UnitDefinition'>)
2026-09-26 00:37:08 | WARNING | Process-14[41444] | pint.util | Redefining 'Wh' (<class 'pint.delegates.txt_defparser.plain.UnitDefinition'>)
2026-09-26 00:37:10 | INFO | Process-14[41444] | charge_discharge.cycle_executor | CH0 - Cycle 1 starting
2026-09-26 00:37:10 | INFO | Process-14[41444] | charge_discharge.cycle_executor | CH0 - Cycle settings: [{'cycle_type': 'step', 'cycle_display': 'Discharge', 'drive_style': 'current_a', 'drive_value': -10.0, 'drive_value_other': 0.0, 'end_style': 'time_s', 'end_condition': 'greater', 'end_value': 0.05, 'meas_log_int_s': 0.01, 'safety_min_voltage_v': 2.0, 'safety_max_voltage_v': 4.3, 'safety_min_current_a': -10.0, 'safety_max_current_a': 10.0, 'safety_max_time_s': 2.0}]
2026-09-26 00:37:10 | INFO | Process-14[41444] | charge_discharge.cycle_executor | CH0 - Cycle 1 step 0 starting
2026-09-26 00:37:10 | INFO | Process-14[41444] | charge_discharge.cycle_executor | CH0 - Step settings: {'cycle_type': 'step', 'cycle_display': 'Discharge', 'drive_style': 'current_a', 'drive_value': -10.0, 'drive_value_other': 0.0, 'end_style': 'time_s', 'end_condition': 'greater', 'end_value': 0.05, 'meas_log_int_s': 0.01, 'safety_min_voltage_v': 2.0, 'safety_max_voltage_v': 4.3, 'safety_min_current_a': -10.0, 'safety_max_current_a': 10.0, 'safety_max_time_s': 2.0}
2026-09-26 00:37:10 | INFO | Process-14[41444] | charge_discharge.runner | Voltage measurement equipment chosen
2026-09-26 00:37:10 | INFO | Process-14[41444] | charge_discharge.runner | Current measurement equipment chosen
2026-09-26 00:37:10 | INFO | Process-14[41444] | charge_discharge.runner | Current-driven step setup
2026-09-26 00:37:10 | INFO | Process-14[41444] | charge_discharge.runner | Start step successful
2026-09-26 00:37:10 | INFO | Process-14[41444] | charge_discharge.runner | End condition before measurement loop: none
2026-09-26 00:37:10 | INFO | Process-14[41444] | charge_discharge.cycle_executor | CH0 - Cycle 1 step 0 ending; reason: end_condition
2026-09-26 00:37:10 | INFO | Process-14[41444] | charge_discharge.cycle_executor | CH0 - Cycle 1 ending
2026-09-26 00:37:10 | INFO | Process-14[41444] | charge_discharge.cycle_executor | CH0 - Cycle 2 starting
2026-09-26 00:37:10 | INFO | Process-14[41444] | charge_discharge.cycle_executor | CH0 - Cycle settings: [{'cycle_type': 'step', 'cycle_display': 'Discharge', 'drive_style': 'current_a', 'drive_value': -10.0, 'drive_value_other': 0.0, 'end_style': 'time_s', 'end_condition': 'greater', 'end_value': 0.05, 'meas_log_int_s': 0.01, 'safety_min_voltage_v': 2.0, 'safety_max_voltage_v': 4.3, 'safety_min_current_a': -10.0, 'safety_max_current_a': 10.0, 'safety_max_time_s': 2.0}]
2026-09-26 00:37:10 | INFO | Process-14[41444] | charge_discharge.cycle_executor | CH0 - Cycle 2 step 0 starting
2026-09-26 00:37:10 | INFO | Process-14[41444] | charge_discharge.cycle_executor | CH0 - Step settings: {'cycle_type': 'step', 'cycle_display': 'Discharge', 'drive_style': 'current_a', 'drive_value': -10.0, 'drive_value_other': 0.0, 'end_style': 'time_s', 'end_condition': 'greater', 'end_value': 0.05, 'meas_log_int_s': 0.01, 'safety_min_voltage_v': 2.0, 'safety_max_voltage_v': 4.3, 'safety_min_current_a': -10.0, 'safety_max_current_a': 10.0, 'safety_max_time_s': 2.0}
2026-09-26 00:37:10 | INFO | Process-14[41444] | charge_discharge.runner | Voltage measurement equipment chosen
2026-09-26 00:37:10 | INFO | Process-14[41444] | charge_discharge.runner | Current measurement equipment chosen
2026-09-26 00:37:10 | INFO | Process-14[41444] | charge_discharge.runner | Current-driven step setup
2026-09-26 00:37:10 | INFO | Process-14[41444] | charge_discharge.runner | Start step successful
2026-09-26 00:37:10 | INFO | Process-14[41444] | charge_discharge.runner | End condition before measurement loop: none
2026-09-26 00:37:10 | INFO | Process-14[41444] | charge_discharge.cycle_executor | CH0 - Cycle 2 step 0 ending; reason: end_condition
2026-09-26 00:37:10 | INFO | Process-14[41444] | charge_discharge.cycle_executor | CH0 - Cycle 2 ending
2026-09-26 00:37:10 | INFO | Process-14[41444] | charge_discharge.cycle_executor | CH0 - All cycles completed
2026-09-26 00:37:14 | INFO | Process-16[38360] | equipment | Virtual device connected: Fake Test PSU
2026-09-26 00:37:14 | INFO | Process-17[14364] | equipment | Virtual device connected: Fake Test Eload
2026-09-26 00:37:14 | INFO | Process-19[28832] | equipment | Virtual device connected: Fake Test DMM
2026-09-26 00:37:14 | INFO | Process-18[3184] | equipment | Virtual device connected: Fake Test DMM
2026-09-26 00:37:14 | INFO | Process-20[27320] | equipment | Virtual device connected: Fake Test DMM
2026-09-26 00:37:15 | WARNING | Process-21[44752] | pint.util | Redefining 'ampere_hour' (<class 'pint.delegates.txt_defparser.plain.UnitDefinition'>)
2026-09-26 00:37:15 | WARNING | Process-21[44752] | pint.util | Redefining 'Ah' (<class 'pint.delegates.txt_defparser.plain.UnitDefinition'>)
2026-09-26 00:37:15 | WARNING | Process-21[44752] | pint.util | Redefining 'watt_hour' (<class 'pint.delegates.txt_defparser.plain.UnitDefinition'>)
2026-09-26 00:37:15 | WARNING | Process-21[44752] | pint.util | Redefining 'Wh' (<class 'pint.delegates.txt_defparser.plain.UnitDefinition'>)
2026-09-26 00:37:17 | INFO | Process-21[44752] | charge_discharge.cycle_executor | CH0 - Cycle 3 starting
2026-09-26 00:37:17 | INFO | Process-21[44752] | charge_discharge.cycle_executor | CH0 - Cycle settings: [{'cycle_type': 'step', 'cycle_display': 'Discharge', 'drive_style': 'current_a', 'drive_value': -10.0, 'drive_value_other': 0.0, 'end_style': 'time_s', 'end_condition': 'greater', 'end_value': 0.05, 'meas_log_int_s': 0.01, 'safety_min_voltage_v': 2.0, 'safety_max_voltage_v': 4.3, 'safety_min_current_a': -10.0, 'safety_max_current_a': 10.0, 'safety_max_time_s': 2.0}]
2026-09-26 00:37:17 | INFO | Process-21[44752] | charge_discharge.cycle_executor | CH0 - Cycle 3 step 0 starting
2026-09-26 00:37:17 | INFO | Process-21[44752] | charge_discharge.cycle_executor | CH0 - Step settings: {'cycle_type': 'step', 'cycle_display': 'Discharge', 'drive_style': 'current_a', 'drive_value': -10.0, 'drive_value_other': 0.0, 'end_style': 'time_s', 'end_condition': 'greater', 'end_value': 0.05, 'meas_log_int_s': 0.01, 'safety_min_voltage_v': 2.0, 'safety_max_voltage_v': 4.3, 'safety_min_current_a': -10.0, 'safety_max_current_a': 10.0, 'safety_max_time_s': 2.0}
2026-09-26 00:37:17 | INFO | Process-21[44752] | charge_discharge.runner | Voltage measurement equipment chosen
2026-09-26 00:37:17 | INFO | Process-21[44752] | charge_discharge.runner | Current measurement equipment chosen
2026-09-26 00:37:17 | INFO | Process-21[44752] | charge_discharge.runner | Current-driven step setup
2026-09-26 00:37:17 | INFO | Process-21[44752] | charge_discharge.runner | Start step successful
2026-09-26 00:37:17 | INFO | Process-21[44752] | charge_discharge.runner | End condition before measurement loop: none
2026-09-26 00:37:17 | INFO | Process-21[44752] | charge_discharge.cycle_executor | CH0 - Cycle 3 step 0 ending; reason: end_condition
2026-09-26 00:37:17 | INFO | Process-21[44752] | charge_discharge.cycle_executor | CH0 - Cycle 3 ending
2026-09-26 00:37:17 | INFO | Process-21[44752] | charge_discharge.cycle_executor | CH0 - All cycles completed
2026-09-26 00:37:20 | INFO | Process-26[29824] | equipment | Virtual device connected: Fake Test DMM
2026-09-26 00:37:20 | INFO | Process-27[38228] | equipment | Virtual device connected: Fake Test DMM
2026-09-26 00:37:20 | INFO | Process-25[33532] | equipment | Virtual device connected: Fake Test DMM
2026-09-26 00:37:20 | INFO | Process-23[6936] | equipment | Virtual device connected: Fake Test PSU
d
2026-09-26 00:37:32 | INFO | Process-8[7092] | equipment | Virtual device connected: Fake Test DMM
d
2026-09-26 00:37:32 | INFO | Process-6[20028] | equipment | Virtual device connected: Fake Test PSU
2026-09-26 00:37:32 | INFO | Process-10[35948] | equipment | Virtual device connected: Fake Test DMM
2026-09-26 00:37:32 | ERROR | Process-9[4356] | equipment | Virtual device operation failed: measure_current
Traceback (most recent call last):
  File "D:\Documents\GitHub\Test_Equipment_Control\equipment.py", line 197, in virtual_device_management_process
    return_data = _dispatch_virtual_device_method(device, operation, args)
  File "D:\Documents\GitHub\Test_Equipment_Control\equipment.py", line 142, in _dispatch_virtual_device_method
    return method(*args)
  File "D:\Documents\GitHub\Test_Equipment_Control\lab_equipment\DMM_Fake.py", line 15, in measure_current
    return require_simulation_link(self.battery_link, "Fake DMM").measure_current()
           ~~~~~~~~~~~~~~~~~~~~~~~^^^^^^^^^^^^^^^^^^^^^^^^^^^^^^^
  File "D:\Documents\GitHub\Test_Equipment_Control\battery_app\simulation.py", line 25, in require_simulation_link
    raise FakeInstrumentNotAttachedError(
        f"{instrument_name} requires an attached SIMULATED_LG_MJ1 battery link"
    )
battery_app.simulation.FakeInstrumentNotAttachedError: Fake DMM requires an attached SIMULATED_LG_MJ1 battery link
2026-09-26 00:37:34 | INFO | Process-13[45428] | equipment | Virtual device connected: Fake Test PSU
2026-09-26 00:37:34 | INFO | Process-16[14156] | equipment | Virtual device connected: Fake Test DMM
2026-09-26 00:37:34 | INFO | Process-14[39312] | equipment | Virtual device connected: Fake Test Eload
2026-09-26 00:37:34 | INFO | Process-17[38516] | equipment | Virtual device connected: Fake Test DMM
2026-09-26 00:37:35 | WARNING | Process-18[19276] | pint.util | Redefining 'ampere_hour' (<class 'pint.delegates.txt_defparser.plain.UnitDefinition'>)
2026-09-26 00:37:35 | WARNING | Process-18[19276] | pint.util | Redefining 'Ah' (<class 'pint.delegates.txt_defparser.plain.UnitDefinition'>)
2026-09-26 00:37:35 | WARNING | Process-18[19276] | pint.util | Redefining 'watt_hour' (<class 'pint.delegates.txt_defparser.plain.UnitDefinition'>)
2026-09-26 00:37:35 | WARNING | Process-18[19276] | pint.util | Redefining 'Wh' (<class 'pint.delegates.txt_defparser.plain.UnitDefinition'>)
2026-09-26 00:37:37 | INFO | Process-18[19276] | charge_discharge.cycle_executor | CH0 - Cycle 1 starting
2026-09-26 00:37:37 | INFO | Process-18[19276] | charge_discharge.cycle_executor | CH0 - Cycle settings: [{'cycle_type': 'step', 'cycle_display': 'Discharge', 'drive_style': 'current_a', 'drive_value': -10.0, 'drive_value_other': 0.0, 'end_style': 'time_s', 'end_condition': 'greater', 'end_value': 0.05, 'meas_log_int_s': 0.01, 'safety_min_voltage_v': 2.0, 'safety_max_voltage_v': 4.3, 'safety_min_current_a': -10.0, 'safety_max_current_a': 10.0, 'safety_max_time_s': 2.0}]
2026-09-26 00:37:37 | INFO | Process-18[19276] | charge_discharge.cycle_executor | CH0 - Cycle 1 step 0 starting
2026-09-26 00:37:37 | INFO | Process-18[19276] | charge_discharge.cycle_executor | CH0 - Step settings: {'cycle_type': 'step', 'cycle_display': 'Discharge', 'drive_style': 'current_a', 'drive_value': -10.0, 'drive_value_other': 0.0, 'end_style': 'time_s', 'end_condition': 'greater', 'end_value': 0.05, 'meas_log_int_s': 0.01, 'safety_min_voltage_v': 2.0, 'safety_max_voltage_v': 4.3, 'safety_min_current_a': -10.0, 'safety_max_current_a': 10.0, 'safety_max_time_s': 2.0}
2026-09-26 00:37:37 | INFO | Process-18[19276] | charge_discharge.runner | Voltage measurement equipment chosen
2026-09-26 00:37:37 | INFO | Process-18[19276] | charge_discharge.runner | Current measurement equipment chosen
2026-09-26 00:37:37 | INFO | Process-18[19276] | charge_discharge.runner | Current-driven step setup
2026-09-26 00:37:37 | INFO | Process-18[19276] | charge_discharge.runner | Start step successful
2026-09-26 00:37:37 | INFO | Process-18[19276] | charge_discharge.runner | End condition before measurement loop: none
2026-09-26 00:37:37 | INFO | Process-18[19276] | charge_discharge.cycle_executor | CH0 - Cycle 1 step 0 ending; reason: end_condition
2026-09-26 00:37:37 | INFO | Process-18[19276] | charge_discharge.cycle_executor | CH0 - Cycle 1 ending
2026-09-26 00:37:37 | INFO | Process-18[19276] | charge_discharge.cycle_executor | CH0 - Cycle 2 starting
2026-09-26 00:37:37 | INFO | Process-18[19276] | charge_discharge.cycle_executor | CH0 - Cycle settings: [{'cycle_type': 'step', 'cycle_display': 'Discharge', 'drive_style': 'current_a', 'drive_value': -10.0, 'drive_value_other': 0.0, 'end_style': 'time_s', 'end_condition': 'greater', 'end_value': 0.05, 'meas_log_int_s': 0.01, 'safety_min_voltage_v': 2.0, 'safety_max_voltage_v': 4.3, 'safety_min_current_a': -10.0, 'safety_max_current_a': 10.0, 'safety_max_time_s': 2.0}]
2026-09-26 00:37:37 | INFO | Process-18[19276] | charge_discharge.cycle_executor | CH0 - Cycle 2 step 0 starting
2026-09-26 00:37:37 | INFO | Process-18[19276] | charge_discharge.cycle_executor | CH0 - Step settings: {'cycle_type': 'step', 'cycle_display': 'Discharge', 'drive_style': 'current_a', 'drive_value': -10.0, 'drive_value_other': 0.0, 'end_style': 'time_s', 'end_condition': 'greater', 'end_value': 0.05, 'meas_log_int_s': 0.01, 'safety_min_voltage_v': 2.0, 'safety_max_voltage_v': 4.3, 'safety_min_current_a': -10.0, 'safety_max_current_a': 10.0, 'safety_max_time_s': 2.0}
2026-09-26 00:37:37 | INFO | Process-18[19276] | charge_discharge.runner | Voltage measurement equipment chosen
2026-09-26 00:37:37 | INFO | Process-18[19276] | charge_discharge.runner | Current measurement equipment chosen
2026-09-26 00:37:37 | INFO | Process-18[19276] | charge_discharge.runner | Current-driven step setup
2026-09-26 00:37:37 | INFO | Process-18[19276] | charge_discharge.runner | Start step successful
2026-09-26 00:37:37 | INFO | Process-18[19276] | charge_discharge.runner | End condition before measurement loop: none
2026-09-26 00:37:37 | INFO | Process-18[19276] | charge_discharge.cycle_executor | CH0 - Cycle 2 step 0 ending; reason: end_condition
2026-09-26 00:37:37 | INFO | Process-18[19276] | charge_discharge.cycle_executor | CH0 - Cycle 2 ending
2026-09-26 00:37:38 | INFO | Process-18[19276] | charge_discharge.cycle_executor | CH0 - All cycles completed
2026-09-26 00:37:40 | INFO | Process-21[6300] | equipment | Virtual device connected: Fake Test Eload
2026-09-26 00:37:40 | INFO | Process-20[43168] | equipment | Virtual device connected: Fake Test PSU
2026-09-26 00:37:40 | INFO | Process-23[40192] | equipment | Virtual device connected: Fake Test DMM
2026-09-26 00:37:40 | INFO | Process-22[45356] | equipment | Virtual device connected: Fake Test DMM
2026-09-26 00:37:40 | INFO | Process-24[16868] | equipment | Virtual device connected: Fake Test DMM
2026-09-26 00:37:41 | WARNING | Process-25[4872] | pint.util | Redefining 'ampere_hour' (<class 'pint.delegates.txt_defparser.plain.UnitDefinition'>)
2026-09-26 00:37:41 | WARNING | Process-25[4872] | pint.util | Redefining 'Ah' (<class 'pint.delegates.txt_defparser.plain.UnitDefinition'>)
2026-09-26 00:37:41 | WARNING | Process-25[4872] | pint.util | Redefining 'watt_hour' (<class 'pint.delegates.txt_defparser.plain.UnitDefinition'>)
2026-09-26 00:37:41 | WARNING | Process-25[4872] | pint.util | Redefining 'Wh' (<class 'pint.delegates.txt_defparser.plain.UnitDefinition'>)
2026-09-26 00:37:43 | INFO | Process-25[4872] | charge_discharge.cycle_executor | CH0 - Cycle 3 starting
2026-09-26 00:37:43 | INFO | Process-25[4872] | charge_discharge.cycle_executor | CH0 - Cycle settings: [{'cycle_type': 'step', 'cycle_display': 'Discharge', 'drive_style': 'current_a', 'drive_value': -10.0, 'drive_value_other': 0.0, 'end_style': 'time_s', 'end_condition': 'greater', 'end_value': 0.05, 'meas_log_int_s': 0.01, 'safety_min_voltage_v': 2.0, 'safety_max_voltage_v': 4.3, 'safety_min_current_a': -10.0, 'safety_max_current_a': 10.0, 'safety_max_time_s': 2.0}]
2026-09-26 00:37:43 | INFO | Process-25[4872] | charge_discharge.cycle_executor | CH0 - Cycle 3 step 0 starting
2026-09-26 00:37:43 | INFO | Process-25[4872] | charge_discharge.cycle_executor | CH0 - Step settings: {'cycle_type': 'step', 'cycle_display': 'Discharge', 'drive_style': 'current_a', 'drive_value': -10.0, 'drive_value_other': 0.0, 'end_style': 'time_s', 'end_condition': 'greater', 'end_value': 0.05, 'meas_log_int_s': 0.01, 'safety_min_voltage_v': 2.0, 'safety_max_voltage_v': 4.3, 'safety_min_current_a': -10.0, 'safety_max_current_a': 10.0, 'safety_max_time_s': 2.0}
2026-09-26 00:37:43 | INFO | Process-25[4872] | charge_discharge.runner | Voltage measurement equipment chosen
2026-09-26 00:37:43 | INFO | Process-25[4872] | charge_discharge.runner | Current measurement equipment chosen
2026-09-26 00:37:43 | INFO | Process-25[4872] | charge_discharge.runner | Current-driven step setup
2026-09-26 00:37:43 | INFO | Process-25[4872] | charge_discharge.runner | Start step successful
2026-09-26 00:37:43 | INFO | Process-25[4872] | charge_discharge.runner | End condition before measurement loop: none
2026-09-26 00:37:43 | INFO | Process-25[4872] | charge_discharge.cycle_executor | CH0 - Cycle 3 step 0 ending; reason: end_condition
2026-09-26 00:37:43 | INFO | Process-25[4872] | charge_discharge.cycle_executor | CH0 - Cycle 3 ending
2026-09-26 00:37:43 | INFO | Process-25[4872] | charge_discharge.cycle_executor | CH0 - All cycles completed
2026-09-26 00:37:46 | INFO | Process-28[39204] | equipment | Virtual device connected: Fake Test Eload
2026-09-26 00:37:46 | INFO | Process-29[26028] | equipment | Virtual device connected: Fake Test DMM
2026-09-26 00:37:46 | INFO | Process-30[31924] | equipment | Virtual device connected: Fake Test DMM
2026-09-26 00:37:46 | INFO | Process-31[33440] | equipment | Virtual device connected: Fake Test DMM
2026-09-26 00:37:46 | INFO | Process-27[29784] | equipment | Virtual device connected: Fake Test PSU
2026-09-26 00:38:22 | INFO | Process-7[41560] | equipment | Virtual device connected: Fake Test Eload
2026-09-26 00:38:22 | INFO | Process-6[16780] | equipment | Virtual device connected: Fake Test PSU
2026-09-26 00:38:22 | INFO | Process-8[20512] | equipment | Virtual device connected: Fake Test DMM
2026-09-26 00:38:22 | INFO | Process-9[33872] | equipment | Virtual device connected: Fake Test DMM
2026-09-26 00:38:22 | INFO | Process-10[23816] | equipment | Virtual device connected: Fake Test DMM
2026-09-26 00:38:22 | ERROR | Process-9[33872] | equipment | Virtual device operation failed: measure_current
Traceback (most recent call last):
  File "D:\Documents\GitHub\Test_Equipment_Control\equipment.py", line 197, in virtual_device_management_process
    return_data = _dispatch_virtual_device_method(device, operation, args)
  File "D:\Documents\GitHub\Test_Equipment_Control\equipment.py", line 142, in _dispatch_virtual_device_method
    return method(*args)
  File "D:\Documents\GitHub\Test_Equipment_Control\lab_equipment\DMM_Fake.py", line 15, in measure_current
    return require_simulation_link(self.battery_link, "Fake DMM").measure_current()
           ~~~~~~~~~~~~~~~~~~~~~~~^^^^^^^^^^^^^^^^^^^^^^^^^^^^^^^
  File "D:\Documents\GitHub\Test_Equipment_Control\battery_app\simulation.py", line 25, in require_simulation_link
    raise FakeInstrumentNotAttachedError(
        f"{instrument_name} requires an attached SIMULATED_LG_MJ1 battery link"
    )
battery_app.simulation.FakeInstrumentNotAttachedError: Fake DMM requires an attached SIMULATED_LG_MJ1 battery link
2026-09-26 00:38:25 | INFO | Process-13[43296] | equipment | Virtual device connected: Fake Test PSU
2026-09-26 00:38:25 | INFO | Process-14[25136] | equipment | Virtual device connected: Fake Test Eload
2026-09-26 00:38:25 | INFO | Process-16[7172] | equipment | Virtual device connected: Fake Test DMM
2026-09-26 00:38:25 | INFO | Process-17[1288] | equipment | Virtual device connected: Fake Test DMM
2026-09-26 00:38:26 | WARNING | Process-18[10780] | pint.util | Redefining 'ampere_hour' (<class 'pint.delegates.txt_defparser.plain.UnitDefinition'>)
2026-09-26 00:38:26 | WARNING | Process-18[10780] | pint.util | Redefining 'Ah' (<class 'pint.delegates.txt_defparser.plain.UnitDefinition'>)
2026-09-26 00:38:26 | WARNING | Process-18[10780] | pint.util | Redefining 'watt_hour' (<class 'pint.delegates.txt_defparser.plain.UnitDefinition'>)
2026-09-26 00:38:26 | WARNING | Process-18[10780] | pint.util | Redefining 'Wh' (<class 'pint.delegates.txt_defparser.plain.UnitDefinition'>)
2026-09-26 00:38:28 | INFO | Process-18[10780] | charge_discharge.cycle_executor | CH0 - Cycle 1 starting
2026-09-26 00:38:28 | INFO | Process-18[10780] | charge_discharge.cycle_executor | CH0 - Cycle settings: [{'cycle_type': 'step', 'cycle_display': 'Discharge', 'drive_style': 'current_a', 'drive_value': -10.0, 'drive_value_other': 0.0, 'end_style': 'time_s', 'end_condition': 'greater', 'end_value': 0.05, 'meas_log_int_s': 0.01, 'safety_min_voltage_v': 2.0, 'safety_max_voltage_v': 4.3, 'safety_min_current_a': -10.0, 'safety_max_current_a': 10.0, 'safety_max_time_s': 2.0}]
2026-09-26 00:38:28 | INFO | Process-18[10780] | charge_discharge.cycle_executor | CH0 - Cycle 1 step 0 starting
2026-09-26 00:38:28 | INFO | Process-18[10780] | charge_discharge.cycle_executor | CH0 - Step settings: {'cycle_type': 'step', 'cycle_display': 'Discharge', 'drive_style': 'current_a', 'drive_value': -10.0, 'drive_value_other': 0.0, 'end_style': 'time_s', 'end_condition': 'greater', 'end_value': 0.05, 'meas_log_int_s': 0.01, 'safety_min_voltage_v': 2.0, 'safety_max_voltage_v': 4.3, 'safety_min_current_a': -10.0, 'safety_max_current_a': 10.0, 'safety_max_time_s': 2.0}
2026-09-26 00:38:28 | INFO | Process-18[10780] | charge_discharge.runner | Voltage measurement equipment chosen
2026-09-26 00:38:28 | INFO | Process-18[10780] | charge_discharge.runner | Current measurement equipment chosen
2026-09-26 00:38:28 | INFO | Process-18[10780] | charge_discharge.runner | Current-driven step setup
2026-09-26 00:38:28 | INFO | Process-18[10780] | charge_discharge.runner | Start step successful
2026-09-26 00:38:28 | INFO | Process-18[10780] | charge_discharge.runner | End condition before measurement loop: none
2026-09-26 00:38:28 | INFO | Process-18[10780] | charge_discharge.cycle_executor | CH0 - Cycle 1 step 0 ending; reason: end_condition
2026-09-26 00:38:28 | INFO | Process-18[10780] | charge_discharge.cycle_executor | CH0 - Cycle 1 ending
2026-09-26 00:38:28 | INFO | Process-18[10780] | charge_discharge.cycle_executor | CH0 - Cycle 2 starting
2026-09-26 00:38:28 | INFO | Process-18[10780] | charge_discharge.cycle_executor | CH0 - Cycle settings: [{'cycle_type': 'step', 'cycle_display': 'Discharge', 'drive_style': 'current_a', 'drive_value': -10.0, 'drive_value_other': 0.0, 'end_style': 'time_s', 'end_condition': 'greater', 'end_value': 0.05, 'meas_log_int_s': 0.01, 'safety_min_voltage_v': 2.0, 'safety_max_voltage_v': 4.3, 'safety_min_current_a': -10.0, 'safety_max_current_a': 10.0, 'safety_max_time_s': 2.0}]
2026-09-26 00:38:28 | INFO | Process-18[10780] | charge_discharge.cycle_executor | CH0 - Cycle 2 step 0 starting
2026-09-26 00:38:28 | INFO | Process-18[10780] | charge_discharge.cycle_executor | CH0 - Step settings: {'cycle_type': 'step', 'cycle_display': 'Discharge', 'drive_style': 'current_a', 'drive_value': -10.0, 'drive_value_other': 0.0, 'end_style': 'time_s', 'end_condition': 'greater', 'end_value': 0.05, 'meas_log_int_s': 0.01, 'safety_min_voltage_v': 2.0, 'safety_max_voltage_v': 4.3, 'safety_min_current_a': -10.0, 'safety_max_current_a': 10.0, 'safety_max_time_s': 2.0}
2026-09-26 00:38:28 | INFO | Process-18[10780] | charge_discharge.runner | Voltage measurement equipment chosen
2026-09-26 00:38:28 | INFO | Process-18[10780] | charge_discharge.runner | Current measurement equipment chosen
2026-09-26 00:38:28 | INFO | Process-18[10780] | charge_discharge.runner | Current-driven step setup
2026-09-26 00:38:28 | INFO | Process-18[10780] | charge_discharge.runner | Start step successful
2026-09-26 00:38:28 | INFO | Process-18[10780] | charge_discharge.runner | End condition before measurement loop: none
2026-09-26 00:38:28 | INFO | Process-18[10780] | charge_discharge.cycle_executor | CH0 - Cycle 2 step 0 ending; reason: end_condition
2026-09-26 00:38:28 | INFO | Process-18[10780] | charge_discharge.cycle_executor | CH0 - Cycle 2 ending
2026-09-26 00:38:28 | INFO | Process-18[10780] | charge_discharge.cycle_executor | CH0 - All cycles completed
2026-09-26 00:38:31 | INFO | Process-20[2424] | equipment | Virtual device connected: Fake Test PSU
2026-09-26 00:38:31 | INFO | Process-22[33080] | equipment | Virtual device connected: Fake Test DMM
2026-09-26 00:38:31 | INFO | Process-23[35152] | equipment | Virtual device connected: Fake Test DMM
2026-09-26 00:38:31 | INFO | Process-21[23020] | equipment | Virtual device connected: Fake Test Eload
2026-09-26 00:38:31 | INFO | Process-24[40368] | equipment | Virtual device connected: Fake Test DMM
2026-09-26 00:38:32 | WARNING | Process-25[23140] | pint.util | Redefining 'ampere_hour' (<class 'pint.delegates.txt_defparser.plain.UnitDefinition'>)
2026-09-26 00:38:32 | WARNING | Process-25[23140] | pint.util | Redefining 'Ah' (<class 'pint.delegates.txt_defparser.plain.UnitDefinition'>)
2026-09-26 00:38:32 | WARNING | Process-25[23140] | pint.util | Redefining 'watt_hour' (<class 'pint.delegates.txt_defparser.plain.UnitDefinition'>)
2026-09-26 00:38:32 | WARNING | Process-25[23140] | pint.util | Redefining 'Wh' (<class 'pint.delegates.txt_defparser.plain.UnitDefinition'>)
2026-09-26 00:38:34 | INFO | Process-25[23140] | charge_discharge.cycle_executor | CH0 - Cycle 3 starting
2026-09-26 00:38:34 | INFO | Process-25[23140] | charge_discharge.cycle_executor | CH0 - Cycle settings: [{'cycle_type': 'step', 'cycle_display': 'Discharge', 'drive_style': 'current_a', 'drive_value': -10.0, 'drive_value_other': 0.0, 'end_style': 'time_s', 'end_condition': 'greater', 'end_value': 0.05, 'meas_log_int_s': 0.01, 'safety_min_voltage_v': 2.0, 'safety_max_voltage_v': 4.3, 'safety_min_current_a': -10.0, 'safety_max_current_a': 10.0, 'safety_max_time_s': 2.0}]
2026-09-26 00:38:34 | INFO | Process-25[23140] | charge_discharge.cycle_executor | CH0 - Cycle 3 step 0 starting
2026-09-26 00:38:34 | INFO | Process-25[23140] | charge_discharge.cycle_executor | CH0 - Step settings: {'cycle_type': 'step', 'cycle_display': 'Discharge', 'drive_style': 'current_a', 'drive_value': -10.0, 'drive_value_other': 0.0, 'end_style': 'time_s', 'end_condition': 'greater', 'end_value': 0.05, 'meas_log_int_s': 0.01, 'safety_min_voltage_v': 2.0, 'safety_max_voltage_v': 4.3, 'safety_min_current_a': -10.0, 'safety_max_current_a': 10.0, 'safety_max_time_s': 2.0}
2026-09-26 00:38:34 | INFO | Process-25[23140] | charge_discharge.runner | Voltage measurement equipment chosen
2026-09-26 00:38:34 | INFO | Process-25[23140] | charge_discharge.runner | Current measurement equipment chosen
2026-09-26 00:38:34 | INFO | Process-25[23140] | charge_discharge.runner | Current-driven step setup
2026-09-26 00:38:34 | INFO | Process-25[23140] | charge_discharge.runner | Start step successful
2026-09-26 00:38:34 | INFO | Process-25[23140] | charge_discharge.runner | End condition before measurement loop: none
2026-09-26 00:38:34 | INFO | Process-25[23140] | charge_discharge.cycle_executor | CH0 - Cycle 3 step 0 ending; reason: end_condition
2026-09-26 00:38:34 | INFO | Process-25[23140] | charge_discharge.cycle_executor | CH0 - Cycle 3 ending
2026-09-26 00:38:34 | INFO | Process-25[23140] | charge_discharge.cycle_executor | CH0 - All cycles completed
2026-09-26 00:38:37 | INFO | Process-30[39672] | equipment | Virtual device connected: Fake Test DMM
2026-09-26 00:38:37 | INFO | Process-27[26948] | equipment | Virtual device connected: Fake Test PSU
2026-09-26 00:38:37 | INFO | Process-29[29784] | equipment | Virtual device connected: Fake Test DMM
2026-09-26 00:38:37 | INFO | Process-28[24632] | equipment | Virtual device connected: Fake Test Eload
2026-09-26 00:38:37 | INFO | Process-31[33440] | equipment | Virtual device connected: Fake Test DMM
2026-09-26 00:39:06 | INFO | Process-9[6544] | equipment | Virtual device connected: Fake Test DMM
2026-09-26 00:39:06 | INFO | Process-10[28332] | equipment | Virtual device connected: Fake Test DMM
2026-09-26 00:39:06 | INFO | Process-7[37432] | equipment | Virtual device connected: Fake Test Eload
2026-09-26 00:39:06 | INFO | Process-6[41184] | equipment | Virtual device connected: Fake Test PSU
2026-09-26 00:39:06 | INFO | Process-8[31524] | equipment | Virtual device connected: Fake Test DMM
2026-09-26 00:39:06 | ERROR | Process-9[6544] | equipment | Virtual device operation failed: measure_current
Traceback (most recent call last):
  File "D:\Documents\GitHub\Test_Equipment_Control\equipment.py", line 197, in virtual_device_management_process
    return_data = _dispatch_virtual_device_method(device, operation, args)
  File "D:\Documents\GitHub\Test_Equipment_Control\equipment.py", line 142, in _dispatch_virtual_device_method
    return method(*args)
  File "D:\Documents\GitHub\Test_Equipment_Control\lab_equipment\DMM_Fake.py", line 15, in measure_current
    return require_simulation_link(self.battery_link, "Fake DMM").measure_current()
           ~~~~~~~~~~~~~~~~~~~~~~~^^^^^^^^^^^^^^^^^^^^^^^^^^^^^^^
  File "D:\Documents\GitHub\Test_Equipment_Control\battery_app\simulation.py", line 25, in require_simulation_link
    raise FakeInstrumentNotAttachedError(
        f"{instrument_name} requires an attached SIMULATED_LG_MJ1 battery link"
    )
battery_app.simulation.FakeInstrumentNotAttachedError: Fake DMM requires an attached SIMULATED_LG_MJ1 battery link
2026-09-26 00:39:08 | INFO | Process-16[38228] | equipment | Virtual device connected: Fake Test DMM
2026-09-26 00:39:08 | INFO | Process-15[46988] | equipment | Virtual device connected: Fake Test DMM
2026-09-26 00:39:08 | INFO | Process-17[35248] | equipment | Virtual device connected: Fake Test DMM
2026-09-26 00:39:08 | INFO | Process-14[43532] | equipment | Virtual device connected: Fake Test Eload
2026-09-26 00:39:09 | WARNING | Process-18[19600] | pint.util | Redefining 'ampere_hour' (<class 'pint.delegates.txt_defparser.plain.UnitDefinition'>)
2026-09-26 00:39:09 | WARNING | Process-18[19600] | pint.util | Redefining 'Ah' (<class 'pint.delegates.txt_defparser.plain.UnitDefinition'>)
2026-09-26 00:39:09 | WARNING | Process-18[19600] | pint.util | Redefining 'watt_hour' (<class 'pint.delegates.txt_defparser.plain.UnitDefinition'>)
2026-09-26 00:39:09 | WARNING | Process-18[19600] | pint.util | Redefining 'Wh' (<class 'pint.delegates.txt_defparser.plain.UnitDefinition'>)
2026-09-26 00:39:11 | INFO | Process-18[19600] | charge_discharge.cycle_executor | CH0 - Cycle 1 starting
2026-09-26 00:39:11 | INFO | Process-18[19600] | charge_discharge.cycle_executor | CH0 - Cycle settings: [{'cycle_type': 'step', 'cycle_display': 'Discharge', 'drive_style': 'current_a', 'drive_value': -10.0, 'drive_value_other': 0.0, 'end_style': 'time_s', 'end_condition': 'greater', 'end_value': 0.05, 'meas_log_int_s': 0.01, 'safety_min_voltage_v': 2.0, 'safety_max_voltage_v': 4.3, 'safety_min_current_a': -10.0, 'safety_max_current_a': 10.0, 'safety_max_time_s': 2.0}]
2026-09-26 00:39:11 | INFO | Process-18[19600] | charge_discharge.cycle_executor | CH0 - Cycle 1 step 0 starting
2026-09-26 00:39:11 | INFO | Process-18[19600] | charge_discharge.cycle_executor | CH0 - Step settings: {'cycle_type': 'step', 'cycle_display': 'Discharge', 'drive_style': 'current_a', 'drive_value': -10.0, 'drive_value_other': 0.0, 'end_style': 'time_s', 'end_condition': 'greater', 'end_value': 0.05, 'meas_log_int_s': 0.01, 'safety_min_voltage_v': 2.0, 'safety_max_voltage_v': 4.3, 'safety_min_current_a': -10.0, 'safety_max_current_a': 10.0, 'safety_max_time_s': 2.0}
2026-09-26 00:39:11 | INFO | Process-18[19600] | charge_discharge.runner | Voltage measurement equipment chosen
2026-09-26 00:39:11 | INFO | Process-18[19600] | charge_discharge.runner | Current measurement equipment chosen
2026-09-26 00:39:11 | INFO | Process-18[19600] | charge_discharge.runner | Current-driven step setup
2026-09-26 00:39:11 | INFO | Process-18[19600] | charge_discharge.runner | Start step successful
2026-09-26 00:39:11 | INFO | Process-18[19600] | charge_discharge.runner | End condition before measurement loop: none
2026-09-26 00:39:11 | INFO | Process-18[19600] | charge_discharge.cycle_executor | CH0 - Cycle 1 step 0 ending; reason: end_condition
2026-09-26 00:39:11 | INFO | Process-18[19600] | charge_discharge.cycle_executor | CH0 - Cycle 1 ending
2026-09-26 00:39:11 | INFO | Process-18[19600] | charge_discharge.cycle_executor | CH0 - Cycle 2 starting
2026-09-26 00:39:11 | INFO | Process-18[19600] | charge_discharge.cycle_executor | CH0 - Cycle settings: [{'cycle_type': 'step', 'cycle_display': 'Discharge', 'drive_style': 'current_a', 'drive_value': -10.0, 'drive_value_other': 0.0, 'end_style': 'time_s', 'end_condition': 'greater', 'end_value': 0.05, 'meas_log_int_s': 0.01, 'safety_min_voltage_v': 2.0, 'safety_max_voltage_v': 4.3, 'safety_min_current_a': -10.0, 'safety_max_current_a': 10.0, 'safety_max_time_s': 2.0}]
2026-09-26 00:39:11 | INFO | Process-18[19600] | charge_discharge.cycle_executor | CH0 - Cycle 2 step 0 starting
2026-09-26 00:39:11 | INFO | Process-18[19600] | charge_discharge.cycle_executor | CH0 - Step settings: {'cycle_type': 'step', 'cycle_display': 'Discharge', 'drive_style': 'current_a', 'drive_value': -10.0, 'drive_value_other': 0.0, 'end_style': 'time_s', 'end_condition': 'greater', 'end_value': 0.05, 'meas_log_int_s': 0.01, 'safety_min_voltage_v': 2.0, 'safety_max_voltage_v': 4.3, 'safety_min_current_a': -10.0, 'safety_max_current_a': 10.0, 'safety_max_time_s': 2.0}
2026-09-26 00:39:11 | INFO | Process-18[19600] | charge_discharge.runner | Voltage measurement equipment chosen
2026-09-26 00:39:11 | INFO | Process-18[19600] | charge_discharge.runner | Current measurement equipment chosen
2026-09-26 00:39:11 | INFO | Process-18[19600] | charge_discharge.runner | Current-driven step setup
2026-09-26 00:39:11 | INFO | Process-18[19600] | charge_discharge.runner | Start step successful
2026-09-26 00:39:11 | INFO | Process-18[19600] | charge_discharge.runner | End condition before measurement loop: none
2026-09-26 00:39:11 | INFO | Process-18[19600] | charge_discharge.cycle_executor | CH0 - Cycle 2 step 0 ending; reason: end_condition
2026-09-26 00:39:11 | INFO | Process-18[19600] | charge_discharge.cycle_executor | CH0 - Cycle 2 ending
2026-09-26 00:39:11 | INFO | Process-18[19600] | charge_discharge.cycle_executor | CH0 - All cycles completed
2026-09-26 00:39:14 | INFO | Process-20[12612] | equipment | Virtual device connected: Fake Test PSU
2026-09-26 00:39:14 | INFO | Process-21[42844] | equipment | Virtual device connected: Fake Test Eload
2026-09-26 00:39:14 | INFO | Process-22[25960] | equipment | Virtual device connected: Fake Test DMM
2026-09-26 00:39:14 | INFO | Process-23[32256] | equipment | Virtual device connected: Fake Test DMM
2026-09-26 00:39:14 | INFO | Process-24[37276] | equipment | Virtual device connected: Fake Test DMM
2026-09-26 00:39:15 | WARNING | Process-25[37428] | pint.util | Redefining 'ampere_hour' (<class 'pint.delegates.txt_defparser.plain.UnitDefinition'>)
2026-09-26 00:39:15 | WARNING | Process-25[37428] | pint.util | Redefining 'Ah' (<class 'pint.delegates.txt_defparser.plain.UnitDefinition'>)
2026-09-26 00:39:15 | WARNING | Process-25[37428] | pint.util | Redefining 'watt_hour' (<class 'pint.delegates.txt_defparser.plain.UnitDefinition'>)
2026-09-26 00:39:15 | WARNING | Process-25[37428] | pint.util | Redefining 'Wh' (<class 'pint.delegates.txt_defparser.plain.UnitDefinition'>)
2026-09-26 00:39:17 | INFO | Process-25[37428] | charge_discharge.cycle_executor | CH0 - Cycle 3 starting
2026-09-26 00:39:17 | INFO | Process-25[37428] | charge_discharge.cycle_executor | CH0 - Cycle settings: [{'cycle_type': 'step', 'cycle_display': 'Discharge', 'drive_style': 'current_a', 'drive_value': -10.0, 'drive_value_other': 0.0, 'end_style': 'time_s', 'end_condition': 'greater', 'end_value': 0.05, 'meas_log_int_s': 0.01, 'safety_min_voltage_v': 2.0, 'safety_max_voltage_v': 4.3, 'safety_min_current_a': -10.0, 'safety_max_current_a': 10.0, 'safety_max_time_s': 2.0}]
2026-09-26 00:39:17 | INFO | Process-25[37428] | charge_discharge.cycle_executor | CH0 - Cycle 3 step 0 starting
2026-09-26 00:39:17 | INFO | Process-25[37428] | charge_discharge.cycle_executor | CH0 - Step settings: {'cycle_type': 'step', 'cycle_display': 'Discharge', 'drive_style': 'current_a', 'drive_value': -10.0, 'drive_value_other': 0.0, 'end_style': 'time_s', 'end_condition': 'greater', 'end_value': 0.05, 'meas_log_int_s': 0.01, 'safety_min_voltage_v': 2.0, 'safety_max_voltage_v': 4.3, 'safety_min_current_a': -10.0, 'safety_max_current_a': 10.0, 'safety_max_time_s': 2.0}
2026-09-26 00:39:17 | INFO | Process-25[37428] | charge_discharge.runner | Voltage measurement equipment chosen
2026-09-26 00:39:17 | INFO | Process-25[37428] | charge_discharge.runner | Current measurement equipment chosen
2026-09-26 00:39:17 | INFO | Process-25[37428] | charge_discharge.runner | Current-driven step setup
2026-09-26 00:39:17 | INFO | Process-25[37428] | charge_discharge.runner | Start step successful
2026-09-26 00:39:17 | INFO | Process-25[37428] | charge_discharge.runner | End condition before measurement loop: none
2026-09-26 00:39:17 | INFO | Process-25[37428] | charge_discharge.cycle_executor | CH0 - Cycle 3 step 0 ending; reason: end_condition
2026-09-26 00:39:17 | INFO | Process-25[37428] | charge_discharge.cycle_executor | CH0 - Cycle 3 ending
2026-09-26 00:39:17 | INFO | Process-25[37428] | charge_discharge.cycle_executor | CH0 - All cycles completed
2026-09-26 00:39:20 | INFO | Process-29[35452] | equipment | Virtual device connected: Fake Test DMM
2026-09-26 00:39:20 | INFO | Process-28[32412] | equipment | Virtual device connected: Fake Test Eload
2026-09-26 00:39:20 | INFO | Process-30[14104] | equipment | Virtual device connected: Fake Test DMM
2026-09-26 00:39:20 | INFO | Process-31[29168] | equipment | Virtual device connected: Fake Test DMM
2026-09-26 00:39:20 | INFO | Process-27[34528] | equipment | Virtual device connected: Fake Test PSU
2026-09-26 00:47:07 | INFO | Process-5[25044] | equipment | Virtual device connected: Fake Test DMM
2026-09-26 00:47:07 | INFO | Process-6[28932] | equipment | Virtual device connected: Fake Test DMM
2026-09-26 00:47:07 | INFO | Process-4[40536] | equipment | Virtual device connected: Fake Test DMM
2026-09-26 00:47:07 | INFO | Process-3[30828] | equipment | Virtual device connected: Fake Test Eload
2026-09-26 00:47:07 | INFO | Process-2[33228] | equipment | Virtual device connected: Fake Test PSU
2026-09-26 00:47:28 | INFO | Process-7[41856] | equipment | Virtual device connected: Fake Test Eload
2026-09-26 00:47:28 | INFO | Process-8[19568] | equipment | Virtual device connected: Fake Test DMM
2026-09-26 00:47:28 | INFO | Process-9[27580] | equipment | Virtual device connected: Fake Test DMM
2026-09-26 00:47:28 | INFO | Process-10[19356] | equipment | Virtual device connected: Fake Test DMM
2026-09-26 00:47:28 | ERROR | Process-9[27580] | equipment | Virtual device operation failed: measure_current
Traceback (most recent call last):
  File "D:\Documents\GitHub\Test_Equipment_Control\equipment.py", line 197, in virtual_device_management_process
    return_data = _dispatch_virtual_device_method(device, operation, args)
  File "D:\Documents\GitHub\Test_Equipment_Control\equipment.py", line 142, in _dispatch_virtual_device_method
    return method(*args)
  File "D:\Documents\GitHub\Test_Equipment_Control\lab_equipment\DMM_Fake.py", line 15, in measure_current
    return require_simulation_link(self.battery_link, "Fake DMM").measure_current()
           ~~~~~~~~~~~~~~~~~~~~~~~^^^^^^^^^^^^^^^^^^^^^^^^^^^^^^^
  File "D:\Documents\GitHub\Test_Equipment_Control\battery_app\simulation.py", line 25, in require_simulation_link
    raise FakeInstrumentNotAttachedError(
        f"{instrument_name} requires an attached SIMULATED_LG_MJ1 battery link"
    )
battery_app.simulation.FakeInstrumentNotAttachedError: Fake DMM requires an attached SIMULATED_LG_MJ1 battery link
2026-09-26 00:47:31 | INFO | Process-14[33180] | equipment | Virtual device connected: Fake Test Eload
2026-09-26 00:47:31 | INFO | Process-17[29984] | equipment | Virtual device connected: Fake Test DMM
2026-09-26 00:47:32 | WARNING | Process-18[33600] | pint.util | Redefining 'ampere_hour' (<class 'pint.delegates.txt_defparser.plain.UnitDefinition'>)
2026-09-26 00:47:32 | WARNING | Process-18[33600] | pint.util | Redefining 'Ah' (<class 'pint.delegates.txt_defparser.plain.UnitDefinition'>)
2026-09-26 00:47:32 | WARNING | Process-18[33600] | pint.util | Redefining 'watt_hour' (<class 'pint.delegates.txt_defparser.plain.UnitDefinition'>)
2026-09-26 00:47:32 | WARNING | Process-18[33600] | pint.util | Redefining 'Wh' (<class 'pint.delegates.txt_defparser.plain.UnitDefinition'>)
2026-09-26 00:47:33 | INFO | Process-18[33600] | charge_discharge.cycle_executor | CH0 - Cycle 1 starting
2026-09-26 00:47:33 | INFO | Process-18[33600] | charge_discharge.cycle_executor | CH0 - Cycle settings: [{'cycle_type': 'step', 'cycle_display': 'Discharge', 'drive_style': 'current_a', 'drive_value': -10.0, 'drive_value_other': 0.0, 'end_style': 'time_s', 'end_condition': 'greater', 'end_value': 0.05, 'meas_log_int_s': 0.01, 'safety_min_voltage_v': 2.0, 'safety_max_voltage_v': 4.3, 'safety_min_current_a': -10.0, 'safety_max_current_a': 10.0, 'safety_max_time_s': 2.0}]
2026-09-26 00:47:33 | INFO | Process-18[33600] | charge_discharge.cycle_executor | CH0 - Cycle 1 step 0 starting
2026-09-26 00:47:33 | INFO | Process-18[33600] | charge_discharge.cycle_executor | CH0 - Step settings: {'cycle_type': 'step', 'cycle_display': 'Discharge', 'drive_style': 'current_a', 'drive_value': -10.0, 'drive_value_other': 0.0, 'end_style': 'time_s', 'end_condition': 'greater', 'end_value': 0.05, 'meas_log_int_s': 0.01, 'safety_min_voltage_v': 2.0, 'safety_max_voltage_v': 4.3, 'safety_min_current_a': -10.0, 'safety_max_current_a': 10.0, 'safety_max_time_s': 2.0}
2026-09-26 00:47:33 | INFO | Process-18[33600] | charge_discharge.runner | Voltage measurement equipment chosen
2026-09-26 00:47:33 | INFO | Process-18[33600] | charge_discharge.runner | Current measurement equipment chosen
2026-09-26 00:47:33 | INFO | Process-18[33600] | charge_discharge.runner | Current-driven step setup
2026-09-26 00:47:33 | INFO | Process-18[33600] | charge_discharge.runner | Start step successful
2026-09-26 00:47:33 | INFO | Process-18[33600] | charge_discharge.runner | End condition before measurement loop: none
2026-09-26 00:47:33 | INFO | Process-18[33600] | charge_discharge.cycle_executor | CH0 - Cycle 1 step 0 ending; reason: end_condition
2026-09-26 00:47:33 | INFO | Process-18[33600] | charge_discharge.cycle_executor | CH0 - Cycle 1 ending
2026-09-26 00:47:33 | INFO | Process-18[33600] | charge_discharge.cycle_executor | CH0 - Cycle 2 starting
2026-09-26 00:47:33 | INFO | Process-18[33600] | charge_discharge.cycle_executor | CH0 - Cycle settings: [{'cycle_type': 'step', 'cycle_display': 'Discharge', 'drive_style': 'current_a', 'drive_value': -10.0, 'drive_value_other': 0.0, 'end_style': 'time_s', 'end_condition': 'greater', 'end_value': 0.05, 'meas_log_int_s': 0.01, 'safety_min_voltage_v': 2.0, 'safety_max_voltage_v': 4.3, 'safety_min_current_a': -10.0, 'safety_max_current_a': 10.0, 'safety_max_time_s': 2.0}]
2026-09-26 00:47:33 | INFO | Process-18[33600] | charge_discharge.cycle_executor | CH0 - Cycle 2 step 0 starting
2026-09-26 00:47:33 | INFO | Process-18[33600] | charge_discharge.cycle_executor | CH0 - Step settings: {'cycle_type': 'step', 'cycle_display': 'Discharge', 'drive_style': 'current_a', 'drive_value': -10.0, 'drive_value_other': 0.0, 'end_style': 'time_s', 'end_condition': 'greater', 'end_value': 0.05, 'meas_log_int_s': 0.01, 'safety_min_voltage_v': 2.0, 'safety_max_voltage_v': 4.3, 'safety_min_current_a': -10.0, 'safety_max_current_a': 10.0, 'safety_max_time_s': 2.0}
2026-09-26 00:47:33 | INFO | Process-18[33600] | charge_discharge.runner | Voltage measurement equipment chosen
2026-09-26 00:47:33 | INFO | Process-18[33600] | charge_discharge.runner | Current measurement equipment chosen
2026-09-26 00:47:33 | INFO | Process-18[33600] | charge_discharge.runner | Current-driven step setup
2026-09-26 00:47:34 | INFO | Process-18[33600] | charge_discharge.runner | Start step successful
2026-09-26 00:47:34 | INFO | Process-18[33600] | charge_discharge.runner | End condition before measurement loop: none
2026-09-26 00:47:34 | INFO | Process-18[33600] | charge_discharge.cycle_executor | CH0 - Cycle 2 step 0 ending; reason: end_condition
2026-09-26 00:47:34 | INFO | Process-18[33600] | charge_discharge.cycle_executor | CH0 - Cycle 2 ending
2026-09-26 00:47:34 | INFO | Process-18[33600] | charge_discharge.cycle_executor | CH0 - All cycles completed
2026-09-26 00:47:36 | INFO | Process-20[30828] | equipment | Virtual device connected: Fake Test PSU
2026-09-26 00:47:36 | INFO | Process-24[25932] | equipment | Virtual device connected: Fake Test DMM
2026-09-26 00:47:36 | INFO | Process-23[28784] | equipment | Virtual device connected: Fake Test DMM
2026-09-26 00:47:36 | INFO | Process-21[45164] | equipment | Virtual device connected: Fake Test Eload
2026-09-26 00:47:37 | WARNING | Process-25[17324] | pint.util | Redefining 'ampere_hour' (<class 'pint.delegates.txt_defparser.plain.UnitDefinition'>)
2026-09-26 00:47:37 | WARNING | Process-25[17324] | pint.util | Redefining 'Ah' (<class 'pint.delegates.txt_defparser.plain.UnitDefinition'>)
2026-09-26 00:47:37 | WARNING | Process-25[17324] | pint.util | Redefining 'watt_hour' (<class 'pint.delegates.txt_defparser.plain.UnitDefinition'>)
2026-09-26 00:47:37 | WARNING | Process-25[17324] | pint.util | Redefining 'Wh' (<class 'pint.delegates.txt_defparser.plain.UnitDefinition'>)
2026-09-26 00:47:39 | INFO | Process-25[17324] | charge_discharge.cycle_executor | CH0 - Cycle 3 starting
2026-09-26 00:47:39 | INFO | Process-25[17324] | charge_discharge.cycle_executor | CH0 - Cycle settings: [{'cycle_type': 'step', 'cycle_display': 'Discharge', 'drive_style': 'current_a', 'drive_value': -10.0, 'drive_value_other': 0.0, 'end_style': 'time_s', 'end_condition': 'greater', 'end_value': 0.05, 'meas_log_int_s': 0.01, 'safety_min_voltage_v': 2.0, 'safety_max_voltage_v': 4.3, 'safety_min_current_a': -10.0, 'safety_max_current_a': 10.0, 'safety_max_time_s': 2.0}]
2026-09-26 00:47:39 | INFO | Process-25[17324] | charge_discharge.cycle_executor | CH0 - Cycle 3 step 0 starting
2026-09-26 00:47:39 | INFO | Process-25[17324] | charge_discharge.cycle_executor | CH0 - Step settings: {'cycle_type': 'step', 'cycle_display': 'Discharge', 'drive_style': 'current_a', 'drive_value': -10.0, 'drive_value_other': 0.0, 'end_style': 'time_s', 'end_condition': 'greater', 'end_value': 0.05, 'meas_log_int_s': 0.01, 'safety_min_voltage_v': 2.0, 'safety_max_voltage_v': 4.3, 'safety_min_current_a': -10.0, 'safety_max_current_a': 10.0, 'safety_max_time_s': 2.0}
2026-09-26 00:47:39 | INFO | Process-25[17324] | charge_discharge.runner | Voltage measurement equipment chosen
2026-09-26 00:47:39 | INFO | Process-25[17324] | charge_discharge.runner | Current measurement equipment chosen
2026-09-26 00:47:39 | INFO | Process-25[17324] | charge_discharge.runner | Current-driven step setup
2026-09-26 00:47:39 | INFO | Process-25[17324] | charge_discharge.runner | Start step successful
2026-09-26 00:47:39 | INFO | Process-25[17324] | charge_discharge.runner | End condition before measurement loop: none
2026-09-26 00:47:39 | INFO | Process-25[17324] | charge_discharge.cycle_executor | CH0 - Cycle 3 step 0 ending; reason: end_condition
2026-09-26 00:47:39 | INFO | Process-25[17324] | charge_discharge.cycle_executor | CH0 - Cycle 3 ending
2026-09-26 00:47:39 | INFO | Process-25[17324] | charge_discharge.cycle_executor | CH0 - All cycles completed
2026-09-26 00:47:42 | INFO | Process-28[19944] | equipment | Virtual device connected: Fake Test Eload
2026-09-26 00:47:42 | INFO | Process-27[29348] | equipment | Virtual device connected: Fake Test PSU
2026-09-26 00:47:42 | INFO | Process-29[23956] | equipment | Virtual device connected: Fake Test DMM
2026-09-26 00:47:42 | INFO | Process-30[39912] | equipment | Virtual device connected: Fake Test DMM
2026-09-26 00:47:42 | INFO | Process-31[44000] | equipment | Virtual device connected: Fake Test DMM
2026-09-26 01:06:31 | INFO | Process-10[14752] | equipment | Virtual device connected: Fake Test DMM
2026-09-26 01:06:31 | INFO | Process-6[29312] | equipment | Virtual device connected: Fake Test PSU
2026-09-26 01:06:31 | INFO | Process-9[22884] | equipment | Virtual device connected: Fake Test DMM
2026-09-26 01:06:31 | INFO | Process-7[21248] | equipment | Virtual device connected: Fake Test Eload
2026-09-26 01:06:31 | INFO | Process-8[44196] | equipment | Virtual device connected: Fake Test DMM
2026-09-26 01:06:31 | ERROR | Process-9[22884] | equipment | Virtual device operation failed: measure_current
Traceback (most recent call last):
  File "D:\Documents\GitHub\Test_Equipment_Control\equipment.py", line 197, in virtual_device_management_process
    return_data = _dispatch_virtual_device_method(device, operation, args)
  File "D:\Documents\GitHub\Test_Equipment_Control\equipment.py", line 142, in _dispatch_virtual_device_method
    return method(*args)
  File "D:\Documents\GitHub\Test_Equipment_Control\lab_equipment\DMM_Fake.py", line 15, in measure_current
    return require_simulation_link(self.battery_link, "Fake DMM").measure_current()
           ~~~~~~~~~~~~~~~~~~~~~~~^^^^^^^^^^^^^^^^^^^^^^^^^^^^^^^
  File "D:\Documents\GitHub\Test_Equipment_Control\battery_app\simulation.py", line 25, in require_simulation_link
    raise FakeInstrumentNotAttachedError(
        f"{instrument_name} requires an attached SIMULATED_LG_MJ1 battery link"
    )
battery_app.simulation.FakeInstrumentNotAttachedError: Fake DMM requires an attached SIMULATED_LG_MJ1 battery link
2026-09-26 01:06:34 | INFO | Process-15[24028] | equipment | Virtual device connected: Fake Test DMM
2026-09-26 01:06:34 | INFO | Process-14[10184] | equipment | Virtual device connected: Fake Test Eload
2026-09-26 01:06:34 | INFO | Process-16[46388] | equipment | Virtual device connected: Fake Test DMM
2026-09-26 01:06:34 | INFO | Process-13[33708] | equipment | Virtual device connected: Fake Test PSU
2026-09-26 01:06:34 | WARNING | Process-18[27960] | pint.util | Redefining 'ampere_hour' (<class 'pint.delegates.txt_defparser.plain.UnitDefinition'>)
2026-09-26 01:06:34 | WARNING | Process-18[27960] | pint.util | Redefining 'Ah' (<class 'pint.delegates.txt_defparser.plain.UnitDefinition'>)
2026-09-26 01:06:34 | WARNING | Process-18[27960] | pint.util | Redefining 'watt_hour' (<class 'pint.delegates.txt_defparser.plain.UnitDefinition'>)
2026-09-26 01:06:34 | WARNING | Process-18[27960] | pint.util | Redefining 'Wh' (<class 'pint.delegates.txt_defparser.plain.UnitDefinition'>)
2026-09-26 01:06:36 | INFO | Process-18[27960] | charge_discharge.cycle_executor | CH0 - Cycle 1 starting
2026-09-26 01:06:36 | INFO | Process-18[27960] | charge_discharge.cycle_executor | CH0 - Cycle settings: [{'cycle_type': 'step', 'cycle_display': 'Discharge', 'drive_style': 'current_a', 'drive_value': -10.0, 'drive_value_other': 0.0, 'end_style': 'time_s', 'end_condition': 'greater', 'end_value': 0.05, 'meas_log_int_s': 0.01, 'safety_min_voltage_v': 2.0, 'safety_max_voltage_v': 4.3, 'safety_min_current_a': -10.0, 'safety_max_current_a': 10.0, 'safety_max_time_s': 2.0}]
2026-09-26 01:06:36 | INFO | Process-18[27960] | charge_discharge.cycle_executor | CH0 - Cycle 1 step 0 starting
2026-09-26 01:06:36 | INFO | Process-18[27960] | charge_discharge.cycle_executor | CH0 - Step settings: {'cycle_type': 'step', 'cycle_display': 'Discharge', 'drive_style': 'current_a', 'drive_value': -10.0, 'drive_value_other': 0.0, 'end_style': 'time_s', 'end_condition': 'greater', 'end_value': 0.05, 'meas_log_int_s': 0.01, 'safety_min_voltage_v': 2.0, 'safety_max_voltage_v': 4.3, 'safety_min_current_a': -10.0, 'safety_max_current_a': 10.0, 'safety_max_time_s': 2.0}
2026-09-26 01:06:36 | INFO | Process-18[27960] | charge_discharge.runner | Voltage measurement equipment chosen
2026-09-26 01:06:36 | INFO | Process-18[27960] | charge_discharge.runner | Current measurement equipment chosen
2026-09-26 01:06:36 | INFO | Process-18[27960] | charge_discharge.runner | Current-driven step setup
2026-09-26 01:06:36 | INFO | Process-18[27960] | charge_discharge.runner | Start step successful
2026-09-26 01:06:36 | INFO | Process-18[27960] | charge_discharge.runner | End condition before measurement loop: none
2026-09-26 01:06:36 | INFO | Process-18[27960] | charge_discharge.cycle_executor | CH0 - Cycle 1 step 0 ending; reason: end_condition
2026-09-26 01:06:36 | INFO | Process-18[27960] | charge_discharge.cycle_executor | CH0 - Cycle 1 ending
2026-09-26 01:06:36 | INFO | Process-18[27960] | charge_discharge.cycle_executor | CH0 - Cycle 2 starting
2026-09-26 01:06:36 | INFO | Process-18[27960] | charge_discharge.cycle_executor | CH0 - Cycle settings: [{'cycle_type': 'step', 'cycle_display': 'Discharge', 'drive_style': 'current_a', 'drive_value': -10.0, 'drive_value_other': 0.0, 'end_style': 'time_s', 'end_condition': 'greater', 'end_value': 0.05, 'meas_log_int_s': 0.01, 'safety_min_voltage_v': 2.0, 'safety_max_voltage_v': 4.3, 'safety_min_current_a': -10.0, 'safety_max_current_a': 10.0, 'safety_max_time_s': 2.0}]
2026-09-26 01:06:36 | INFO | Process-18[27960] | charge_discharge.cycle_executor | CH0 - Cycle 2 step 0 starting
2026-09-26 01:06:36 | INFO | Process-18[27960] | charge_discharge.cycle_executor | CH0 - Step settings: {'cycle_type': 'step', 'cycle_display': 'Discharge', 'drive_style': 'current_a', 'drive_value': -10.0, 'drive_value_other': 0.0, 'end_style': 'time_s', 'end_condition': 'greater', 'end_value': 0.05, 'meas_log_int_s': 0.01, 'safety_min_voltage_v': 2.0, 'safety_max_voltage_v': 4.3, 'safety_min_current_a': -10.0, 'safety_max_current_a': 10.0, 'safety_max_time_s': 2.0}
2026-09-26 01:06:36 | INFO | Process-18[27960] | charge_discharge.runner | Voltage measurement equipment chosen
2026-09-26 01:06:36 | INFO | Process-18[27960] | charge_discharge.runner | Current measurement equipment chosen
2026-09-26 01:06:36 | INFO | Process-18[27960] | charge_discharge.runner | Current-driven step setup
2026-09-26 01:06:36 | INFO | Process-18[27960] | charge_discharge.runner | Start step successful
2026-09-26 01:06:36 | INFO | Process-18[27960] | charge_discharge.runner | End condition before measurement loop: none
2026-09-26 01:06:37 | INFO | Process-18[27960] | charge_discharge.cycle_executor | CH0 - Cycle 2 step 0 ending; reason: end_condition
2026-09-26 01:06:37 | INFO | Process-18[27960] | charge_discharge.cycle_executor | CH0 - Cycle 2 ending
2026-09-26 01:06:37 | INFO | Process-18[27960] | charge_discharge.cycle_executor | CH0 - All cycles completed
2026-09-26 01:06:40 | INFO | Process-23[20700] | equipment | Virtual device connected: Fake Test DMM
2026-09-26 01:06:40 | INFO | Process-21[42124] | equipment | Virtual device connected: Fake Test Eload
2026-09-26 01:06:40 | INFO | Process-24[24092] | equipment | Virtual device connected: Fake Test DMM
2026-09-26 01:06:41 | WARNING | Process-25[28352] | pint.util | Redefining 'ampere_hour' (<class 'pint.delegates.txt_defparser.plain.UnitDefinition'>)
2026-09-26 01:06:41 | WARNING | Process-25[28352] | pint.util | Redefining 'Ah' (<class 'pint.delegates.txt_defparser.plain.UnitDefinition'>)
2026-09-26 01:06:41 | WARNING | Process-25[28352] | pint.util | Redefining 'watt_hour' (<class 'pint.delegates.txt_defparser.plain.UnitDefinition'>)
2026-09-26 01:06:41 | WARNING | Process-25[28352] | pint.util | Redefining 'Wh' (<class 'pint.delegates.txt_defparser.plain.UnitDefinition'>)
2026-09-26 01:06:42 | INFO | Process-25[28352] | charge_discharge.cycle_executor | CH0 - Cycle 3 starting
2026-09-26 01:06:42 | INFO | Process-25[28352] | charge_discharge.cycle_executor | CH0 - Cycle settings: [{'cycle_type': 'step', 'cycle_display': 'Discharge', 'drive_style': 'current_a', 'drive_value': -10.0, 'drive_value_other': 0.0, 'end_style': 'time_s', 'end_condition': 'greater', 'end_value': 0.05, 'meas_log_int_s': 0.01, 'safety_min_voltage_v': 2.0, 'safety_max_voltage_v': 4.3, 'safety_min_current_a': -10.0, 'safety_max_current_a': 10.0, 'safety_max_time_s': 2.0}]
2026-09-26 01:06:42 | INFO | Process-25[28352] | charge_discharge.cycle_executor | CH0 - Cycle 3 step 0 starting
2026-09-26 01:06:42 | INFO | Process-25[28352] | charge_discharge.cycle_executor | CH0 - Step settings: {'cycle_type': 'step', 'cycle_display': 'Discharge', 'drive_style': 'current_a', 'drive_value': -10.0, 'drive_value_other': 0.0, 'end_style': 'time_s', 'end_condition': 'greater', 'end_value': 0.05, 'meas_log_int_s': 0.01, 'safety_min_voltage_v': 2.0, 'safety_max_voltage_v': 4.3, 'safety_min_current_a': -10.0, 'safety_max_current_a': 10.0, 'safety_max_time_s': 2.0}
2026-09-26 01:06:42 | INFO | Process-25[28352] | charge_discharge.runner | Voltage measurement equipment chosen
2026-09-26 01:06:42 | INFO | Process-25[28352] | charge_discharge.runner | Current measurement equipment chosen
2026-09-26 01:06:42 | INFO | Process-25[28352] | charge_discharge.runner | Current-driven step setup
2026-09-26 01:06:42 | INFO | Process-25[28352] | charge_discharge.runner | Start step successful
2026-09-26 01:06:42 | INFO | Process-25[28352] | charge_discharge.runner | End condition before measurement loop: none
2026-09-26 01:06:42 | INFO | Process-25[28352] | charge_discharge.cycle_executor | CH0 - Cycle 3 step 0 ending; reason: end_condition
2026-09-26 01:06:42 | INFO | Process-25[28352] | charge_discharge.cycle_executor | CH0 - Cycle 3 ending
2026-09-26 01:06:43 | INFO | Process-25[28352] | charge_discharge.cycle_executor | CH0 - All cycles completed
2026-09-26 01:06:45 | INFO | Process-31[23764] | equipment | Virtual device connected: Fake Test DMM

2026-09-26 01:07:03 | INFO | Process-4[32556] | equipment | Virtual device connected: Fake Test DMM
2026-09-26 01:07:03 | INFO | Process-5[47028] | equipment | Virtual device connected: Fake Test DMM
2026-09-26 01:07:03 | INFO | Process-3[35868] | equipment | Virtual device connected: Fake Test Eload
2026-09-26 01:07:03 | INFO | Process-6[34488] | equipment | Virtual device connected: Fake Test DMM
2026-09-26 01:07:04 | WARNING | Process-7[33184] | pint.util | Redefining 'ampere_hour' (<class 'pint.delegates.txt_defparser.plain.UnitDefinition'>)
2026-09-26 01:07:04 | WARNING | Process-7[33184] | pint.util | Redefining 'Ah' (<class 'pint.delegates.txt_defparser.plain.UnitDefinition'>)
2026-09-26 01:07:04 | WARNING | Process-7[33184] | pint.util | Redefining 'watt_hour' (<class 'pint.delegates.txt_defparser.plain.UnitDefinition'>)
2026-09-26 01:07:04 | WARNING | Process-7[33184] | pint.util | Redefining 'Wh' (<class 'pint.delegates.txt_defparser.plain.UnitDefinition'>)
2026-09-26 01:07:06 | INFO | Process-7[33184] | charge_discharge.cycle_executor | CH0 - Cycle 1 starting
2026-09-26 01:07:06 | INFO | Process-7[33184] | charge_discharge.cycle_executor | CH0 - Cycle settings: [{'cycle_type': 'step', 'cycle_display': 'Discharge', 'drive_style': 'current_a', 'drive_value': -1.0, 'drive_value_other': 0, 'end_style': 'voltage_v', 'end_condition': 'lesser', 'end_value': 4.19, 'meas_log_int_s': 1, 'safety_min_voltage_v': 2.45, 'safety_max_voltage_v': 4.25, 'safety_min_current_a': -10, 'safety_max_current_a': 10, 'safety_max_time_s': 2.0}]
2026-09-26 01:07:06 | INFO | Process-7[33184] | charge_discharge.cycle_executor | CH0 - Cycle 1 step 0 starting
2026-09-26 01:07:06 | INFO | Process-7[33184] | charge_discharge.cycle_executor | CH0 - Step settings: {'cycle_type': 'step', 'cycle_display': 'Discharge', 'drive_style': 'current_a', 'drive_value': -1.0, 'drive_value_other': 0, 'end_style': 'voltage_v', 'end_condition': 'lesser', 'end_value': 4.19, 'meas_log_int_s': 1, 'safety_min_voltage_v': 2.45, 'safety_max_voltage_v': 4.25, 'safety_min_current_a': -10, 'safety_max_current_a': 10, 'safety_max_time_s': 2.0}
2026-09-26 01:07:06 | INFO | Process-7[33184] | charge_discharge.runner | Voltage measurement equipment chosen
2026-09-26 01:07:06 | INFO | Process-7[33184] | charge_discharge.runner | Current measurement equipment chosen
2026-09-26 01:07:06 | INFO | Process-7[33184] | charge_discharge.runner | Current-driven step setup
2026-09-26 01:07:06 | INFO | Process-7[33184] | charge_discharge.runner | Start step successful
2026-09-26 01:07:06 | INFO | Process-7[33184] | charge_discharge.runner | End condition before measurement loop: end_condition
2026-09-26 01:07:06 | INFO | Process-7[33184] | charge_discharge.cycle_executor | CH0 - Cycle 1 step 0 ending; reason: end_condition
2026-09-26 01:07:06 | INFO | Process-7[33184] | charge_discharge.cycle_executor | CH0 - Cycle 1 ending
2026-09-26 01:07:06 | INFO | Process-7[33184] | charge_discharge.cycle_executor | CH0 - All cycles completed
2026-09-26 01:07:09 | INFO | Process-11[34092] | equipment | Virtual device connected: Fake Test PSU
2026-09-26 01:07:09 | INFO | Process-13[28732] | equipment | Virtual device connected: Fake Test DMM
2026-09-26 01:07:09 | INFO | Process-12[37116] | equipment | Virtual device connected: Fake Test Eload
2026-09-26 01:07:09 | INFO | Process-14[36860] | equipment | Virtual device connected: Fake Test DMM
2026-09-26 01:07:09 | INFO | Process-15[41044] | equipment | Virtual device connected: Fake Test DMM
2026-09-26 01:07:09 | ERROR | Process-14[36860] | equipment | Virtual device operation failed: measure_current
Traceback (most recent call last):
  File "D:\Documents\GitHub\Test_Equipment_Control\equipment.py", line 197, in virtual_device_management_process
    return_data = _dispatch_virtual_device_method(device, operation, args)
  File "D:\Documents\GitHub\Test_Equipment_Control\equipment.py", line 142, in _dispatch_virtual_device_method
    return method(*args)
  File "D:\Documents\GitHub\Test_Equipment_Control\lab_equipment\DMM_Fake.py", line 15, in measure_current
    return require_simulation_link(self.battery_link, "Fake DMM").measure_current()
           ~~~~~~~~~~~~~~~~~~~~~~~^^^^^^^^^^^^^^^^^^^^^^^^^^^^^^^
  File "D:\Documents\GitHub\Test_Equipment_Control\battery_app\simulation.py", line 25, in require_simulation_link
    raise FakeInstrumentNotAttachedError(
        f"{instrument_name} requires an attached SIMULATED_LG_MJ1 battery link"
    )
battery_app.simulation.FakeInstrumentNotAttachedError: Fake DMM requires an attached SIMULATED_LG_MJ1 battery link
2026-09-26 01:07:12 | INFO | Process-19[27104] | equipment | Virtual device connected: Fake Test Eload
2026-09-26 01:07:12 | INFO | Process-21[33088] | equipment | Virtual device connected: Fake Test DMM
2026-09-26 01:07:12 | INFO | Process-20[45152] | equipment | Virtual device connected: Fake Test DMM
2026-09-26 01:07:12 | INFO | Process-22[14844] | equipment | Virtual device connected: Fake Test DMM
2026-09-26 01:07:13 | WARNING | Process-23[41360] | pint.util | Redefining 'ampere_hour' (<class 'pint.delegates.txt_defparser.plain.UnitDefinition'>)
2026-09-26 01:07:13 | WARNING | Process-23[41360] | pint.util | Redefining 'Ah' (<class 'pint.delegates.txt_defparser.plain.UnitDefinition'>)
2026-09-26 01:07:13 | WARNING | Process-23[41360] | pint.util | Redefining 'watt_hour' (<class 'pint.delegates.txt_defparser.plain.UnitDefinition'>)
2026-09-26 01:07:13 | WARNING | Process-23[41360] | pint.util | Redefining 'Wh' (<class 'pint.delegates.txt_defparser.plain.UnitDefinition'>)
2026-09-26 01:07:14 | INFO | Process-23[41360] | charge_discharge.cycle_executor | CH0 - Cycle 1 starting
2026-09-26 01:07:14 | INFO | Process-23[41360] | charge_discharge.cycle_executor | CH0 - Cycle settings: [{'cycle_type': 'step', 'cycle_display': 'Discharge', 'drive_style': 'current_a', 'drive_value': -10.0, 'drive_value_other': 0.0, 'end_style': 'time_s', 'end_condition': 'greater', 'end_value': 0.05, 'meas_log_int_s': 0.01, 'safety_min_voltage_v': 2.0, 'safety_max_voltage_v': 4.3, 'safety_min_current_a': -10.0, 'safety_max_current_a': 10.0, 'safety_max_time_s': 2.0}]
2026-09-26 01:07:14 | INFO | Process-23[41360] | charge_discharge.cycle_executor | CH0 - Cycle 1 step 0 starting
2026-09-26 01:07:14 | INFO | Process-23[41360] | charge_discharge.cycle_executor | CH0 - Step settings: {'cycle_type': 'step', 'cycle_display': 'Discharge', 'drive_style': 'current_a', 'drive_value': -10.0, 'drive_value_other': 0.0, 'end_style': 'time_s', 'end_condition': 'greater', 'end_value': 0.05, 'meas_log_int_s': 0.01, 'safety_min_voltage_v': 2.0, 'safety_max_voltage_v': 4.3, 'safety_min_current_a': -10.0, 'safety_max_current_a': 10.0, 'safety_max_time_s': 2.0}
2026-09-26 01:07:14 | INFO | Process-23[41360] | charge_discharge.runner | Voltage measurement equipment chosen
2026-09-26 01:07:14 | INFO | Process-23[41360] | charge_discharge.runner | Current measurement equipment chosen
2026-09-26 01:07:14 | INFO | Process-23[41360] | charge_discharge.runner | Current-driven step setup
2026-09-26 01:07:14 | INFO | Process-23[41360] | charge_discharge.runner | Start step successful
2026-09-26 01:07:14 | INFO | Process-23[41360] | charge_discharge.runner | End condition before measurement loop: none
2026-09-26 01:07:14 | INFO | Process-23[41360] | charge_discharge.cycle_executor | CH0 - Cycle 1 step 0 ending; reason: end_condition
2026-09-26 01:07:14 | INFO | Process-23[41360] | charge_discharge.cycle_executor | CH0 - Cycle 1 ending
2026-09-26 01:07:14 | INFO | Process-23[41360] | charge_discharge.cycle_executor | CH0 - Cycle 2 starting
2026-09-26 01:07:14 | INFO | Process-23[41360] | charge_discharge.cycle_executor | CH0 - Cycle settings: [{'cycle_type': 'step', 'cycle_display': 'Discharge', 'drive_style': 'current_a', 'drive_value': -10.0, 'drive_value_other': 0.0, 'end_style': 'time_s', 'end_condition': 'greater', 'end_value': 0.05, 'meas_log_int_s': 0.01, 'safety_min_voltage_v': 2.0, 'safety_max_voltage_v': 4.3, 'safety_min_current_a': -10.0, 'safety_max_current_a': 10.0, 'safety_max_time_s': 2.0}]
2026-09-26 01:07:14 | INFO | Process-23[41360] | charge_discharge.cycle_executor | CH0 - Cycle 2 step 0 starting
2026-09-26 01:07:14 | INFO | Process-23[41360] | charge_discharge.cycle_executor | CH0 - Step settings: {'cycle_type': 'step', 'cycle_display': 'Discharge', 'drive_style': 'current_a', 'drive_value': -10.0, 'drive_value_other': 0.0, 'end_style': 'time_s', 'end_condition': 'greater', 'end_value': 0.05, 'meas_log_int_s': 0.01, 'safety_min_voltage_v': 2.0, 'safety_max_voltage_v': 4.3, 'safety_min_current_a': -10.0, 'safety_max_current_a': 10.0, 'safety_max_time_s': 2.0}
2026-09-26 01:07:14 | INFO | Process-23[41360] | charge_discharge.runner | Voltage measurement equipment chosen
2026-09-26 01:07:14 | INFO | Process-23[41360] | charge_discharge.runner | Current measurement equipment chosen
2026-09-26 01:07:14 | INFO | Process-23[41360] | charge_discharge.runner | Current-driven step setup
2026-09-26 01:07:15 | INFO | Process-23[41360] | charge_discharge.runner | Start step successful
2026-09-26 01:07:15 | INFO | Process-23[41360] | charge_discharge.runner | End condition before measurement loop: none
2026-09-26 01:07:15 | INFO | Process-23[41360] | charge_discharge.cycle_executor | CH0 - Cycle 2 step 0 ending; reason: end_condition
2026-09-26 01:07:15 | INFO | Process-23[41360] | charge_discharge.cycle_executor | CH0 - Cycle 2 ending
2026-09-26 01:07:15 | INFO | Process-23[41360] | charge_discharge.cycle_executor | CH0 - All cycles completed
2026-09-26 01:07:17 | INFO | Process-25[42056] | equipment | Virtual device connected: Fake Test PSU
2026-09-26 01:07:17 | INFO | Process-26[23816] | equipment | Virtual device connected: Fake Test Eload
2026-09-26 01:07:17 | INFO | Process-28[22604] | equipment | Virtual device connected: Fake Test DMM
2026-09-26 01:07:17 | INFO | Process-29[38568] | equipment | Virtual device connected: Fake Test DMM
2026-09-26 01:07:17 | INFO | Process-27[29168] | equipment | Virtual device connected: Fake Test DMM
2026-09-26 01:07:18 | WARNING | Process-30[38192] | pint.util | Redefining 'ampere_hour' (<class 'pint.delegates.txt_defparser.plain.UnitDefinition'>)
2026-09-26 01:07:18 | WARNING | Process-30[38192] | pint.util | Redefining 'Ah' (<class 'pint.delegates.txt_defparser.plain.UnitDefinition'>)
2026-09-26 01:07:18 | WARNING | Process-30[38192] | pint.util | Redefining 'watt_hour' (<class 'pint.delegates.txt_defparser.plain.UnitDefinition'>)
2026-09-26 01:07:18 | WARNING | Process-30[38192] | pint.util | Redefining 'Wh' (<class 'pint.delegates.txt_defparser.plain.UnitDefinition'>)
2026-09-26 01:07:20 | INFO | Process-30[38192] | charge_discharge.cycle_executor | CH0 - Cycle 3 starting
2026-09-26 01:07:20 | INFO | Process-30[38192] | charge_discharge.cycle_executor | CH0 - Cycle settings: [{'cycle_type': 'step', 'cycle_display': 'Discharge', 'drive_style': 'current_a', 'drive_value': -10.0, 'drive_value_other': 0.0, 'end_style': 'time_s', 'end_condition': 'greater', 'end_value': 0.05, 'meas_log_int_s': 0.01, 'safety_min_voltage_v': 2.0, 'safety_max_voltage_v': 4.3, 'safety_min_current_a': -10.0, 'safety_max_current_a': 10.0, 'safety_max_time_s': 2.0}]
2026-09-26 01:07:20 | INFO | Process-30[38192] | charge_discharge.cycle_executor | CH0 - Cycle 3 step 0 starting
2026-09-26 01:07:20 | INFO | Process-30[38192] | charge_discharge.cycle_executor | CH0 - Step settings: {'cycle_type': 'step', 'cycle_display': 'Discharge', 'drive_style': 'current_a', 'drive_value': -10.0, 'drive_value_other': 0.0, 'end_style': 'time_s', 'end_condition': 'greater', 'end_value': 0.05, 'meas_log_int_s': 0.01, 'safety_min_voltage_v': 2.0, 'safety_max_voltage_v': 4.3, 'safety_min_current_a': -10.0, 'safety_max_current_a': 10.0, 'safety_max_time_s': 2.0}
2026-09-26 01:07:20 | INFO | Process-30[38192] | charge_discharge.runner | Voltage measurement equipment chosen
2026-09-26 01:07:20 | INFO | Process-30[38192] | charge_discharge.runner | Current measurement equipment chosen
2026-09-26 01:07:20 | INFO | Process-30[38192] | charge_discharge.runner | Current-driven step setup
2026-09-26 01:07:20 | INFO | Process-30[38192] | charge_discharge.runner | Start step successful
2026-09-26 01:07:20 | INFO | Process-30[38192] | charge_discharge.runner | End condition before measurement loop: none
2026-09-26 01:07:20 | INFO | Process-30[38192] | charge_discharge.cycle_executor | CH0 - Cycle 3 step 0 ending; reason: end_condition
2026-09-26 01:07:20 | INFO | Process-30[38192] | charge_discharge.cycle_executor | CH0 - Cycle 3 ending
2026-09-26 01:07:20 | INFO | Process-30[38192] | charge_discharge.cycle_executor | CH0 - All cycles completed
2026-09-26 01:07:37 | INFO | Process-6[2336] | equipment | Virtual device connected: Fake Test PSU
2026-09-26 01:07:37 | INFO | Process-9[35620] | equipment | Virtual device connected: Fake Test DMM
2026-09-26 01:07:37 | INFO | Process-7[31624] | equipment | Virtual device connected: Fake Test Eload
2026-09-26 01:07:37 | INFO | Process-8[46384] | equipment | Virtual device connected: Fake Test DMM
2026-09-26 01:07:37 | INFO | Process-10[15784] | equipment | Virtual device connected: Fake Test DMM
2026-09-26 01:07:37 | ERROR | Process-9[35620] | equipment | Virtual device operation failed: measure_current
Traceback (most recent call last):
  File "D:\Documents\GitHub\Test_Equipment_Control\equipment.py", line 197, in virtual_device_management_process
    return_data = _dispatch_virtual_device_method(device, operation, args)
  File "D:\Documents\GitHub\Test_Equipment_Control\equipment.py", line 142, in _dispatch_virtual_device_method
    return method(*args)
  File "D:\Documents\GitHub\Test_Equipment_Control\lab_equipment\DMM_Fake.py", line 15, in measure_current
    return require_simulation_link(self.battery_link, "Fake DMM").measure_current()
           ~~~~~~~~~~~~~~~~~~~~~~~^^^^^^^^^^^^^^^^^^^^^^^^^^^^^^^
  File "D:\Documents\GitHub\Test_Equipment_Control\battery_app\simulation.py", line 25, in require_simulation_link
    raise FakeInstrumentNotAttachedError(
        f"{instrument_name} requires an attached SIMULATED_LG_MJ1 battery link"
    )
battery_app.simulation.FakeInstrumentNotAttachedError: Fake DMM requires an attached SIMULATED_LG_MJ1 battery link
2026-09-26 01:07:39 | INFO | Process-13[26952] | equipment | Virtual device connected: Fake Test PSU
2026-09-26 01:07:39 | INFO | Process-14[23652] | equipment | Virtual device connected: Fake Test Eload
2026-09-26 01:07:39 | INFO | Process-15[6072] | equipment | Virtual device connected: Fake Test DMM
2026-09-26 01:07:39 | INFO | Process-16[46448] | equipment | Virtual device connected: Fake Test DMM
2026-09-26 01:07:39 | INFO | Process-17[46240] | equipment | Virtual device connected: Fake Test DMM
2026-09-26 01:07:40 | WARNING | Process-18[34504] | pint.util | Redefining 'ampere_hour' (<class 'pint.delegates.txt_defparser.plain.UnitDefinition'>)
2026-09-26 01:07:40 | WARNING | Process-18[34504] | pint.util | Redefining 'Ah' (<class 'pint.delegates.txt_defparser.plain.UnitDefinition'>)
2026-09-26 01:07:40 | WARNING | Process-18[34504] | pint.util | Redefining 'watt_hour' (<class 'pint.delegates.txt_defparser.plain.UnitDefinition'>)
2026-09-26 01:07:40 | WARNING | Process-18[34504] | pint.util | Redefining 'Wh' (<class 'pint.delegates.txt_defparser.plain.UnitDefinition'>)
2026-09-26 01:07:41 | INFO | Process-18[34504] | charge_discharge.cycle_executor | CH0 - Cycle 1 starting
2026-09-26 01:07:41 | INFO | Process-18[34504] | charge_discharge.cycle_executor | CH0 - Cycle settings: [{'cycle_type': 'step', 'cycle_display': 'Discharge', 'drive_style': 'current_a', 'drive_value': -10.0, 'drive_value_other': 0.0, 'end_style': 'time_s', 'end_condition': 'greater', 'end_value': 0.05, 'meas_log_int_s': 0.01, 'safety_min_voltage_v': 2.0, 'safety_max_voltage_v': 4.3, 'safety_min_current_a': -10.0, 'safety_max_current_a': 10.0, 'safety_max_time_s': 2.0}]
2026-09-26 01:07:41 | INFO | Process-18[34504] | charge_discharge.cycle_executor | CH0 - Cycle 1 step 0 starting
2026-09-26 01:07:41 | INFO | Process-18[34504] | charge_discharge.cycle_executor | CH0 - Step settings: {'cycle_type': 'step', 'cycle_display': 'Discharge', 'drive_style': 'current_a', 'drive_value': -10.0, 'drive_value_other': 0.0, 'end_style': 'time_s', 'end_condition': 'greater', 'end_value': 0.05, 'meas_log_int_s': 0.01, 'safety_min_voltage_v': 2.0, 'safety_max_voltage_v': 4.3, 'safety_min_current_a': -10.0, 'safety_max_current_a': 10.0, 'safety_max_time_s': 2.0}
2026-09-26 01:07:41 | INFO | Process-18[34504] | charge_discharge.runner | Voltage measurement equipment chosen
2026-09-26 01:07:41 | INFO | Process-18[34504] | charge_discharge.runner | Current measurement equipment chosen
2026-09-26 01:07:41 | INFO | Process-18[34504] | charge_discharge.runner | Current-driven step setup
2026-09-26 01:07:42 | INFO | Process-18[34504] | charge_discharge.runner | Start step successful
2026-09-26 01:07:42 | INFO | Process-18[34504] | charge_discharge.runner | End condition before measurement loop: none
2026-09-26 01:07:42 | INFO | Process-18[34504] | charge_discharge.cycle_executor | CH0 - Cycle 1 step 0 ending; reason: end_condition
2026-09-26 01:07:42 | INFO | Process-18[34504] | charge_discharge.cycle_executor | CH0 - Cycle 1 ending
2026-09-26 01:07:42 | INFO | Process-18[34504] | charge_discharge.cycle_executor | CH0 - Cycle 2 starting
2026-09-26 01:07:42 | INFO | Process-18[34504] | charge_discharge.cycle_executor | CH0 - Cycle settings: [{'cycle_type': 'step', 'cycle_display': 'Discharge', 'drive_style': 'current_a', 'drive_value': -10.0, 'drive_value_other': 0.0, 'end_style': 'time_s', 'end_condition': 'greater', 'end_value': 0.05, 'meas_log_int_s': 0.01, 'safety_min_voltage_v': 2.0, 'safety_max_voltage_v': 4.3, 'safety_min_current_a': -10.0, 'safety_max_current_a': 10.0, 'safety_max_time_s': 2.0}]
2026-09-26 01:07:42 | INFO | Process-18[34504] | charge_discharge.cycle_executor | CH0 - Cycle 2 step 0 starting
2026-09-26 01:07:42 | INFO | Process-18[34504] | charge_discharge.cycle_executor | CH0 - Step settings: {'cycle_type': 'step', 'cycle_display': 'Discharge', 'drive_style': 'current_a', 'drive_value': -10.0, 'drive_value_other': 0.0, 'end_style': 'time_s', 'end_condition': 'greater', 'end_value': 0.05, 'meas_log_int_s': 0.01, 'safety_min_voltage_v': 2.0, 'safety_max_voltage_v': 4.3, 'safety_min_current_a': -10.0, 'safety_max_current_a': 10.0, 'safety_max_time_s': 2.0}
2026-09-26 01:07:42 | INFO | Process-18[34504] | charge_discharge.runner | Voltage measurement equipment chosen
2026-09-26 01:07:42 | INFO | Process-18[34504] | charge_discharge.runner | Current measurement equipment chosen
2026-09-26 01:07:42 | INFO | Process-18[34504] | charge_discharge.runner | Current-driven step setup
2026-09-26 01:07:42 | INFO | Process-18[34504] | charge_discharge.runner | Start step successful
2026-09-26 01:07:42 | INFO | Process-18[34504] | charge_discharge.runner | End condition before measurement loop: none
2026-09-26 01:07:42 | INFO | Process-18[34504] | charge_discharge.cycle_executor | CH0 - Cycle 2 step 0 ending; reason: end_condition
2026-09-26 01:07:42 | INFO | Process-18[34504] | charge_discharge.cycle_executor | CH0 - Cycle 2 ending
2026-09-26 01:07:42 | INFO | Process-18[34504] | charge_discharge.cycle_executor | CH0 - All cycles completed
2026-09-26 01:07:45 | INFO | Process-20[24360] | equipment | Virtual device connected: Fake Test PSU

2026-09-26 01:07:45 | INFO | Process-23[30800] | equipment | Virtual device connected: Fake Test DMM
2026-09-26 01:07:45 | INFO | Process-24[25040] | equipment | Virtual device connected: Fake Test DMM
2026-09-26 01:07:46 | WARNING | Process-25[24524] | pint.util | Redefining 'ampere_hour' (<class 'pint.delegates.txt_defparser.plain.UnitDefinition'>)
2026-09-26 01:07:46 | WARNING | Process-25[24524] | pint.util | Redefining 'Ah' (<class 'pint.delegates.txt_defparser.plain.UnitDefinition'>)
2026-09-26 01:07:46 | WARNING | Process-25[24524] | pint.util | Redefining 'watt_hour' (<class 'pint.delegates.txt_defparser.plain.UnitDefinition'>)
2026-09-26 01:07:46 | WARNING | Process-25[24524] | pint.util | Redefining 'Wh' (<class 'pint.delegates.txt_defparser.plain.UnitDefinition'>)
2026-09-26 01:07:47 | INFO | Process-25[24524] | charge_discharge.cycle_executor | CH0 - Cycle 3 starting
2026-09-26 01:07:47 | INFO | Process-25[24524] | charge_discharge.cycle_executor | CH0 - Cycle settings: [{'cycle_type': 'step', 'cycle_display': 'Discharge', 'drive_style': 'current_a', 'drive_value': -10.0, 'drive_value_other': 0.0, 'end_style': 'time_s', 'end_condition': 'greater', 'end_value': 0.05, 'meas_log_int_s': 0.01, 'safety_min_voltage_v': 2.0, 'safety_max_voltage_v': 4.3, 'safety_min_current_a': -10.0, 'safety_max_current_a': 10.0, 'safety_max_time_s': 2.0}]
2026-09-26 01:07:47 | INFO | Process-25[24524] | charge_discharge.cycle_executor | CH0 - Cycle 3 step 0 starting
2026-09-26 01:07:47 | INFO | Process-25[24524] | charge_discharge.cycle_executor | CH0 - Step settings: {'cycle_type': 'step', 'cycle_display': 'Discharge', 'drive_style': 'current_a', 'drive_value': -10.0, 'drive_value_other': 0.0, 'end_style': 'time_s', 'end_condition': 'greater', 'end_value': 0.05, 'meas_log_int_s': 0.01, 'safety_min_voltage_v': 2.0, 'safety_max_voltage_v': 4.3, 'safety_min_current_a': -10.0, 'safety_max_current_a': 10.0, 'safety_max_time_s': 2.0}
2026-09-26 01:07:47 | INFO | Process-25[24524] | charge_discharge.runner | Voltage measurement equipment chosen
2026-09-26 01:07:47 | INFO | Process-25[24524] | charge_discharge.runner | Current measurement equipment chosen
2026-09-26 01:07:47 | INFO | Process-25[24524] | charge_discharge.runner | Current-driven step setup
2026-09-26 01:07:47 | INFO | Process-25[24524] | charge_discharge.runner | Start step successful
2026-09-26 01:07:47 | INFO | Process-25[24524] | charge_discharge.runner | End condition before measurement loop: none
2026-09-26 01:07:47 | INFO | Process-25[24524] | charge_discharge.cycle_executor | CH0 - Cycle 3 step 0 ending; reason: end_condition
2026-09-26 01:07:47 | INFO | Process-25[24524] | charge_discharge.cycle_executor | CH0 - Cycle 3 ending
2026-09-26 01:07:48 | INFO | Process-25[24524] | charge_discharge.cycle_executor | CH0 - All cycles completed
2026-09-26 01:07:50 | INFO | Process-28[32688] | equipment | Virtual device connected: Fake Test Eload
2026-09-26 01:07:50 | INFO | Process-30[8612] | equipment | Virtual device connected: Fake Test DMM
2026-09-26 01:07:50 | INFO | Process-29[20980] | equipment | Virtual device connected: Fake Test DMM
2026-09-26 01:07:50 | INFO | Process-31[7968] | equipment | Virtual device connected: Fake Test DMM
2026-09-26 01:07:51 | WARNING | Process-32[14636] | pint.util | Redefining 'ampere_hour' (<class 'pint.delegates.txt_defparser.plain.UnitDefinition'>)
2026-09-26 01:07:51 | WARNING | Process-32[14636] | pint.util | Redefining 'Ah' (<class 'pint.delegates.txt_defparser.plain.UnitDefinition'>)
2026-09-26 01:07:51 | WARNING | Process-32[14636] | pint.util | Redefining 'watt_hour' (<class 'pint.delegates.txt_defparser.plain.UnitDefinition'>)
2026-09-26 01:07:51 | WARNING | Process-32[14636] | pint.util | Redefining 'Wh' (<class 'pint.delegates.txt_defparser.plain.UnitDefinition'>)
2026-09-26 01:07:53 | INFO | Process-32[14636] | charge_discharge.cycle_executor | CH0 - Cycle 1 starting
2026-09-26 01:07:53 | INFO | Process-32[14636] | charge_discharge.cycle_executor | CH0 - Cycle settings: [{'cycle_type': 'step', 'cycle_display': 'Discharge', 'drive_style': 'current_a', 'drive_value': -1.0, 'drive_value_other': 0, 'end_style': 'voltage_v', 'end_condition': 'lesser', 'end_value': 4.19, 'meas_log_int_s': 1, 'safety_min_voltage_v': 2.45, 'safety_max_voltage_v': 4.25, 'safety_min_current_a': -10, 'safety_max_current_a': 10, 'safety_max_time_s': 2.0}]
2026-09-26 01:07:53 | INFO | Process-32[14636] | charge_discharge.cycle_executor | CH0 - Cycle 1 step 0 starting
2026-09-26 01:07:53 | INFO | Process-32[14636] | charge_discharge.cycle_executor | CH0 - Step settings: {'cycle_type': 'step', 'cycle_display': 'Discharge', 'drive_style': 'current_a', 'drive_value': -1.0, 'drive_value_other': 0, 'end_style': 'voltage_v', 'end_condition': 'lesser', 'end_value': 4.19, 'meas_log_int_s': 1, 'safety_min_voltage_v': 2.45, 'safety_max_voltage_v': 4.25, 'safety_min_current_a': -10, 'safety_max_current_a': 10, 'safety_max_time_s': 2.0}
2026-09-26 01:07:53 | INFO | Process-32[14636] | charge_discharge.runner | Voltage measurement equipment chosen
2026-09-26 01:07:53 | INFO | Process-32[14636] | charge_discharge.runner | Current measurement equipment chosen
2026-09-26 01:07:53 | INFO | Process-32[14636] | charge_discharge.runner | Current-driven step setup
2026-09-26 01:07:53 | INFO | Process-32[14636] | charge_discharge.runner | Start step successful
2026-09-26 01:07:53 | INFO | Process-32[14636] | charge_discharge.runner | End condition before measurement loop: end_condition
2026-09-26 01:07:53 | INFO | Process-32[14636] | charge_discharge.cycle_executor | CH0 - Cycle 1 step 0 ending; reason: end_condition
2026-09-26 01:07:53 | INFO | Process-32[14636] | charge_discharge.cycle_executor | CH0 - Cycle 1 ending
2026-09-26 01:07:53 | INFO | Process-32[14636] | charge_discharge.cycle_executor | CH0 - All cycles completed
2026-09-26 01:12:59 | INFO | Process-7[5940] | equipment | Virtual device connected: Fake Test DMM

2026-09-26 01:12:59 | INFO | Process-6[41348] | equipment | Virtual device connected: Fake Test Eload
2026-09-26 01:12:59 | ERROR | Process-8[11212] | equipment | Virtual device operation failed: measure_current
Traceback (most recent call last):
  File "D:\Documents\GitHub\Test_Equipment_Control\equipment.py", line 218, in virtual_device_management_process
    return_data = _dispatch_virtual_device_method(device, operation, args)
  File "D:\Documents\GitHub\Test_Equipment_Control\equipment.py", line 142, in _dispatch_virtual_device_method
    return method(*args)
  File "D:\Documents\GitHub\Test_Equipment_Control\lab_equipment\DMM_Fake.py", line 15, in measure_current
    return require_simulation_link(self.battery_link, "Fake DMM").measure_current()
           ~~~~~~~~~~~~~~~~~~~~~~~^^^^^^^^^^^^^^^^^^^^^^^^^^^^^^^
  File "D:\Documents\GitHub\Test_Equipment_Control\battery_app\simulation.py", line 25, in require_simulation_link
    raise FakeInstrumentNotAttachedError(
        f"{instrument_name} requires an attached SIMULATED_LG_MJ1 battery link"
    )
battery_app.simulation.FakeInstrumentNotAttachedError: Fake DMM requires an attached SIMULATED_LG_MJ1 battery link
2026-09-26 01:13:01 | INFO | Process-14[25228] | equipment | Virtual device connected: Fake Test DMM
2026-09-26 01:13:01 | INFO | Process-16[17696] | equipment | Virtual device connected: Fake Test DMM
2026-09-26 01:13:01 | INFO | Process-13[32748] | equipment | Virtual device connected: Fake Test Eload
2026-09-26 01:13:02 | WARNING | Process-17[43336] | pint.util | Redefining 'ampere_hour' (<class 'pint.delegates.txt_defparser.plain.UnitDefinition'>)
2026-09-26 01:13:02 | WARNING | Process-17[43336] | pint.util | Redefining 'Ah' (<class 'pint.delegates.txt_defparser.plain.UnitDefinition'>)
2026-09-26 01:13:02 | WARNING | Process-17[43336] | pint.util | Redefining 'watt_hour' (<class 'pint.delegates.txt_defparser.plain.UnitDefinition'>)
2026-09-26 01:13:02 | WARNING | Process-17[43336] | pint.util | Redefining 'Wh' (<class 'pint.delegates.txt_defparser.plain.UnitDefinition'>)
2026-09-26 01:13:04 | INFO | Process-17[43336] | charge_discharge.cycle_executor | CH0 - Cycle 1 starting
2026-09-26 01:13:04 | INFO | Process-17[43336] | charge_discharge.cycle_executor | CH0 - Cycle settings: [{'cycle_type': 'step', 'cycle_display': 'Discharge', 'drive_style': 'current_a', 'drive_value': -10.0, 'drive_value_other': 0.0, 'end_style': 'time_s', 'end_condition': 'greater', 'end_value': 0.05, 'meas_log_int_s': 0.01, 'safety_min_voltage_v': 2.0, 'safety_max_voltage_v': 4.3, 'safety_min_current_a': -10.0, 'safety_max_current_a': 10.0, 'safety_max_time_s': 2.0}]
2026-09-26 01:13:04 | INFO | Process-17[43336] | charge_discharge.cycle_executor | CH0 - Cycle 1 step 0 starting
2026-09-26 01:13:04 | INFO | Process-17[43336] | charge_discharge.cycle_executor | CH0 - Step settings: {'cycle_type': 'step', 'cycle_display': 'Discharge', 'drive_style': 'current_a', 'drive_value': -10.0, 'drive_value_other': 0.0, 'end_style': 'time_s', 'end_condition': 'greater', 'end_value': 0.05, 'meas_log_int_s': 0.01, 'safety_min_voltage_v': 2.0, 'safety_max_voltage_v': 4.3, 'safety_min_current_a': -10.0, 'safety_max_current_a': 10.0, 'safety_max_time_s': 2.0}
2026-09-26 01:13:04 | INFO | Process-17[43336] | charge_discharge.runner | Voltage measurement equipment chosen
2026-09-26 01:13:04 | INFO | Process-17[43336] | charge_discharge.runner | Current measurement equipment chosen
2026-09-26 01:13:04 | INFO | Process-17[43336] | charge_discharge.runner | Current-driven step setup
2026-09-26 01:13:04 | INFO | Process-17[43336] | charge_discharge.runner | Start step successful
2026-09-26 01:13:04 | INFO | Process-17[43336] | charge_discharge.runner | End condition before measurement loop: none
2026-09-26 01:13:04 | INFO | Process-17[43336] | charge_discharge.cycle_executor | CH0 - Cycle 1 step 0 ending; reason: end_condition
2026-09-26 01:13:04 | INFO | Process-17[43336] | charge_discharge.cycle_executor | CH0 - Cycle 1 ending
2026-09-26 01:13:04 | INFO | Process-17[43336] | charge_discharge.cycle_executor | CH0 - Cycle 2 starting
2026-09-26 01:13:04 | INFO | Process-17[43336] | charge_discharge.cycle_executor | CH0 - Cycle settings: [{'cycle_type': 'step', 'cycle_display': 'Discharge', 'drive_style': 'current_a', 'drive_value': -10.0, 'drive_value_other': 0.0, 'end_style': 'time_s', 'end_condition': 'greater', 'end_value': 0.05, 'meas_log_int_s': 0.01, 'safety_min_voltage_v': 2.0, 'safety_max_voltage_v': 4.3, 'safety_min_current_a': -10.0, 'safety_max_current_a': 10.0, 'safety_max_time_s': 2.0}]
2026-09-26 01:13:04 | INFO | Process-17[43336] | charge_discharge.cycle_executor | CH0 - Cycle 2 step 0 starting
2026-09-26 01:13:04 | INFO | Process-17[43336] | charge_discharge.cycle_executor | CH0 - Step settings: {'cycle_type': 'step', 'cycle_display': 'Discharge', 'drive_style': 'current_a', 'drive_value': -10.0, 'drive_value_other': 0.0, 'end_style': 'time_s', 'end_condition': 'greater', 'end_value': 0.05, 'meas_log_int_s': 0.01, 'safety_min_voltage_v': 2.0, 'safety_max_voltage_v': 4.3, 'safety_min_current_a': -10.0, 'safety_max_current_a': 10.0, 'safety_max_time_s': 2.0}
2026-09-26 01:13:04 | INFO | Process-17[43336] | charge_discharge.runner | Voltage measurement equipment chosen
2026-09-26 01:13:04 | INFO | Process-17[43336] | charge_discharge.runner | Current measurement equipment chosen
2026-09-26 01:13:04 | INFO | Process-17[43336] | charge_discharge.runner | Current-driven step setup
2026-09-26 01:13:04 | INFO | Process-17[43336] | charge_discharge.runner | Start step successful
2026-09-26 01:13:04 | INFO | Process-17[43336] | charge_discharge.runner | End condition before measurement loop: none
2026-09-26 01:13:04 | INFO | Process-17[43336] | charge_discharge.cycle_executor | CH0 - Cycle 2 step 0 ending; reason: end_condition
2026-09-26 01:13:04 | INFO | Process-17[43336] | charge_discharge.cycle_executor | CH0 - Cycle 2 ending
2026-09-26 01:13:04 | INFO | Process-17[43336] | charge_discharge.cycle_executor | CH0 - All cycles completed
2026-09-26 01:13:07 | INFO | Process-20[30160] | equipment | Virtual device connected: Fake Test Eload
2026-09-26 01:13:07 | INFO | Process-21[33284] | equipment | Virtual device connected: Fake Test DMM
2026-09-26 01:13:07 | INFO | Process-22[40164] | equipment | Virtual device connected: Fake Test DMM
2026-09-26 01:13:07 | INFO | Process-23[8440] | equipment | Virtual device connected: Fake Test DMM
2026-09-26 01:13:08 | WARNING | Process-24[5760] | pint.util | Redefining 'ampere_hour' (<class 'pint.delegates.txt_defparser.plain.UnitDefinition'>)
2026-09-26 01:13:08 | WARNING | Process-24[5760] | pint.util | Redefining 'Ah' (<class 'pint.delegates.txt_defparser.plain.UnitDefinition'>)
2026-09-26 01:13:08 | WARNING | Process-24[5760] | pint.util | Redefining 'watt_hour' (<class 'pint.delegates.txt_defparser.plain.UnitDefinition'>)
2026-09-26 01:13:08 | WARNING | Process-24[5760] | pint.util | Redefining 'Wh' (<class 'pint.delegates.txt_defparser.plain.UnitDefinition'>)
2026-09-26 01:13:10 | INFO | Process-24[5760] | charge_discharge.cycle_executor | CH0 - Cycle 3 starting
2026-09-26 01:13:10 | INFO | Process-24[5760] | charge_discharge.cycle_executor | CH0 - Cycle settings: [{'cycle_type': 'step', 'cycle_display': 'Discharge', 'drive_style': 'current_a', 'drive_value': -10.0, 'drive_value_other': 0.0, 'end_style': 'time_s', 'end_condition': 'greater', 'end_value': 0.05, 'meas_log_int_s': 0.01, 'safety_min_voltage_v': 2.0, 'safety_max_voltage_v': 4.3, 'safety_min_current_a': -10.0, 'safety_max_current_a': 10.0, 'safety_max_time_s': 2.0}]
2026-09-26 01:13:10 | INFO | Process-24[5760] | charge_discharge.cycle_executor | CH0 - Cycle 3 step 0 starting
2026-09-26 01:13:10 | INFO | Process-24[5760] | charge_discharge.cycle_executor | CH0 - Step settings: {'cycle_type': 'step', 'cycle_display': 'Discharge', 'drive_style': 'current_a', 'drive_value': -10.0, 'drive_value_other': 0.0, 'end_style': 'time_s', 'end_condition': 'greater', 'end_value': 0.05, 'meas_log_int_s': 0.01, 'safety_min_voltage_v': 2.0, 'safety_max_voltage_v': 4.3, 'safety_min_current_a': -10.0, 'safety_max_current_a': 10.0, 'safety_max_time_s': 2.0}
2026-09-26 01:13:10 | INFO | Process-24[5760] | charge_discharge.runner | Voltage measurement equipment chosen
2026-09-26 01:13:10 | INFO | Process-24[5760] | charge_discharge.runner | Current measurement equipment chosen
2026-09-26 01:13:10 | INFO | Process-24[5760] | charge_discharge.runner | Current-driven step setup
2026-09-26 01:13:10 | INFO | Process-24[5760] | charge_discharge.runner | Start step successful
2026-09-26 01:13:10 | INFO | Process-24[5760] | charge_discharge.runner | End condition before measurement loop: none
2026-09-26 01:13:10 | INFO | Process-24[5760] | charge_discharge.cycle_executor | CH0 - Cycle 3 step 0 ending; reason: end_condition
2026-09-26 01:13:10 | INFO | Process-24[5760] | charge_discharge.cycle_executor | CH0 - Cycle 3 ending
2026-09-26 01:13:10 | INFO | Process-24[5760] | charge_discharge.cycle_executor | CH0 - All cycles completed
2026-09-26 01:13:31 | INFO | Process-6[32992] | equipment | Virtual device connected: Fake Test PSU
2026-09-26 01:13:31 | INFO | Process-7[15024] | equipment | Virtual device connected: Fake Test Eload
2026-09-26 01:13:31 | INFO | Process-8[36980] | equipment | Virtual device connected: Fake Test DMM
2026-09-26 01:13:31 | INFO | Process-9[19052] | equipment | Virtual device connected: Fake Test DMM
2026-09-26 01:13:31 | INFO | Process-10[39064] | equipment | Virtual device connected: Fake Test DMM
2026-09-26 01:13:31 | ERROR | Process-9[19052] | equipment | Virtual device operation failed: measure_current
Traceback (most recent call last):
  File "D:\Documents\GitHub\Test_Equipment_Control\equipment.py", line 218, in virtual_device_management_process
    return_data = _dispatch_virtual_device_method(device, operation, args)
  File "D:\Documents\GitHub\Test_Equipment_Control\equipment.py", line 142, in _dispatch_virtual_device_method
    return method(*args)
  File "D:\Documents\GitHub\Test_Equipment_Control\lab_equipment\DMM_Fake.py", line 15, in measure_current
    return require_simulation_link(self.battery_link, "Fake DMM").measure_current()
           ~~~~~~~~~~~~~~~~~~~~~~~^^^^^^^^^^^^^^^^^^^^^^^^^^^^^^^
  File "D:\Documents\GitHub\Test_Equipment_Control\battery_app\simulation.py", line 25, in require_simulation_link
    raise FakeInstrumentNotAttachedError(
        f"{instrument_name} requires an attached SIMULATED_LG_MJ1 battery link"
    )
battery_app.simulation.FakeInstrumentNotAttachedError: Fake DMM requires an attached SIMULATED_LG_MJ1 battery link
2026-09-26 01:13:33 | INFO | Process-15[27228] | equipment | Virtual device connected: Fake Test DMM
2026-09-26 01:13:33 | INFO | Process-16[2328] | equipment | Virtual device connected: Fake Test DMM
2026-09-26 01:13:33 | INFO | Process-14[3088] | equipment | Virtual device connected: Fake Test Eload
2026-09-26 01:13:33 | INFO | Process-13[7316] | equipment | Virtual device connected: Fake Test PSU
2026-09-26 01:13:34 | WARNING | Process-18[42276] | pint.util | Redefining 'ampere_hour' (<class 'pint.delegates.txt_defparser.plain.UnitDefinition'>)
2026-09-26 01:13:34 | WARNING | Process-18[42276] | pint.util | Redefining 'Ah' (<class 'pint.delegates.txt_defparser.plain.UnitDefinition'>)
2026-09-26 01:13:34 | WARNING | Process-18[42276] | pint.util | Redefining 'watt_hour' (<class 'pint.delegates.txt_defparser.plain.UnitDefinition'>)
2026-09-26 01:13:34 | WARNING | Process-18[42276] | pint.util | Redefining 'Wh' (<class 'pint.delegates.txt_defparser.plain.UnitDefinition'>)
2026-09-26 01:13:36 | INFO | Process-18[42276] | charge_discharge.cycle_executor | CH0 - Cycle 1 starting
2026-09-26 01:13:36 | INFO | Process-18[42276] | charge_discharge.cycle_executor | CH0 - Cycle settings: [{'cycle_type': 'step', 'cycle_display': 'Discharge', 'drive_style': 'current_a', 'drive_value': -10.0, 'drive_value_other': 0.0, 'end_style': 'time_s', 'end_condition': 'greater', 'end_value': 0.05, 'meas_log_int_s': 0.01, 'safety_min_voltage_v': 2.0, 'safety_max_voltage_v': 4.3, 'safety_min_current_a': -10.0, 'safety_max_current_a': 10.0, 'safety_max_time_s': 2.0}]
2026-09-26 01:13:36 | INFO | Process-18[42276] | charge_discharge.cycle_executor | CH0 - Cycle 1 step 0 starting
2026-09-26 01:13:36 | INFO | Process-18[42276] | charge_discharge.cycle_executor | CH0 - Step settings: {'cycle_type': 'step', 'cycle_display': 'Discharge', 'drive_style': 'current_a', 'drive_value': -10.0, 'drive_value_other': 0.0, 'end_style': 'time_s', 'end_condition': 'greater', 'end_value': 0.05, 'meas_log_int_s': 0.01, 'safety_min_voltage_v': 2.0, 'safety_max_voltage_v': 4.3, 'safety_min_current_a': -10.0, 'safety_max_current_a': 10.0, 'safety_max_time_s': 2.0}
2026-09-26 01:13:36 | INFO | Process-18[42276] | charge_discharge.runner | Voltage measurement equipment chosen
2026-09-26 01:13:36 | INFO | Process-18[42276] | charge_discharge.runner | Current measurement equipment chosen
2026-09-26 01:13:36 | INFO | Process-18[42276] | charge_discharge.runner | Current-driven step setup
2026-09-26 01:13:36 | INFO | Process-18[42276] | charge_discharge.runner | Start step successful
2026-09-26 01:13:36 | INFO | Process-18[42276] | charge_discharge.runner | End condition before measurement loop: none
2026-09-26 01:13:36 | INFO | Process-18[42276] | charge_discharge.cycle_executor | CH0 - Cycle 1 step 0 ending; reason: end_condition
2026-09-26 01:13:36 | INFO | Process-18[42276] | charge_discharge.cycle_executor | CH0 - Cycle 1 ending
2026-09-26 01:13:36 | INFO | Process-18[42276] | charge_discharge.cycle_executor | CH0 - Cycle 2 starting
2026-09-26 01:13:36 | INFO | Process-18[42276] | charge_discharge.cycle_executor | CH0 - Cycle settings: [{'cycle_type': 'step', 'cycle_display': 'Discharge', 'drive_style': 'current_a', 'drive_value': -10.0, 'drive_value_other': 0.0, 'end_style': 'time_s', 'end_condition': 'greater', 'end_value': 0.05, 'meas_log_int_s': 0.01, 'safety_min_voltage_v': 2.0, 'safety_max_voltage_v': 4.3, 'safety_min_current_a': -10.0, 'safety_max_current_a': 10.0, 'safety_max_time_s': 2.0}]
2026-09-26 01:13:36 | INFO | Process-18[42276] | charge_discharge.cycle_executor | CH0 - Cycle 2 step 0 starting
2026-09-26 01:13:36 | INFO | Process-18[42276] | charge_discharge.cycle_executor | CH0 - Step settings: {'cycle_type': 'step', 'cycle_display': 'Discharge', 'drive_style': 'current_a', 'drive_value': -10.0, 'drive_value_other': 0.0, 'end_style': 'time_s', 'end_condition': 'greater', 'end_value': 0.05, 'meas_log_int_s': 0.01, 'safety_min_voltage_v': 2.0, 'safety_max_voltage_v': 4.3, 'safety_min_current_a': -10.0, 'safety_max_current_a': 10.0, 'safety_max_time_s': 2.0}
2026-09-26 01:13:36 | INFO | Process-18[42276] | charge_discharge.runner | Voltage measurement equipment chosen
2026-09-26 01:13:36 | INFO | Process-18[42276] | charge_discharge.runner | Current measurement equipment chosen
2026-09-26 01:13:36 | INFO | Process-18[42276] | charge_discharge.runner | Current-driven step setup
2026-09-26 01:13:36 | INFO | Process-18[42276] | charge_discharge.runner | Start step successful
2026-09-26 01:13:36 | INFO | Process-18[42276] | charge_discharge.runner | End condition before measurement loop: none
2026-09-26 01:13:36 | INFO | Process-18[42276] | charge_discharge.cycle_executor | CH0 - Cycle 2 step 0 ending; reason: end_condition
2026-09-26 01:13:36 | INFO | Process-18[42276] | charge_discharge.cycle_executor | CH0 - Cycle 2 ending
2026-09-26 01:13:36 | INFO | Process-18[42276] | charge_discharge.cycle_executor | CH0 - All cycles completed
2026-09-26 01:13:39 | INFO | Process-20[27464] | equipment | Virtual device connected: Fake Test PSU
2026-09-26 01:13:39 | INFO | Process-21[31032] | equipment | Virtual device connected: Fake Test Eload
2026-09-26 01:13:39 | INFO | Process-23[40844] | equipment | Virtual device connected: Fake Test DMM
2026-09-26 01:13:39 | INFO | Process-22[10012] | equipment | Virtual device connected: Fake Test DMM
2026-09-26 01:13:39 | INFO | Process-24[45572] | equipment | Virtual device connected: Fake Test DMM
2026-09-26 01:13:40 | WARNING | Process-25[43072] | pint.util | Redefining 'ampere_hour' (<class 'pint.delegates.txt_defparser.plain.UnitDefinition'>)
2026-09-26 01:13:40 | WARNING | Process-25[43072] | pint.util | Redefining 'Ah' (<class 'pint.delegates.txt_defparser.plain.UnitDefinition'>)
2026-09-26 01:13:40 | WARNING | Process-25[43072] | pint.util | Redefining 'watt_hour' (<class 'pint.delegates.txt_defparser.plain.UnitDefinition'>)
2026-09-26 01:13:40 | WARNING | Process-25[43072] | pint.util | Redefining 'Wh' (<class 'pint.delegates.txt_defparser.plain.UnitDefinition'>)
2026-09-26 01:13:42 | INFO | Process-25[43072] | charge_discharge.cycle_executor | CH0 - Cycle 3 starting
2026-09-26 01:13:42 | INFO | Process-25[43072] | charge_discharge.cycle_executor | CH0 - Cycle settings: [{'cycle_type': 'step', 'cycle_display': 'Discharge', 'drive_style': 'current_a', 'drive_value': -10.0, 'drive_value_other': 0.0, 'end_style': 'time_s', 'end_condition': 'greater', 'end_value': 0.05, 'meas_log_int_s': 0.01, 'safety_min_voltage_v': 2.0, 'safety_max_voltage_v': 4.3, 'safety_min_current_a': -10.0, 'safety_max_current_a': 10.0, 'safety_max_time_s': 2.0}]
2026-09-26 01:13:42 | INFO | Process-25[43072] | charge_discharge.cycle_executor | CH0 - Cycle 3 step 0 starting
2026-09-26 01:13:42 | INFO | Process-25[43072] | charge_discharge.cycle_executor | CH0 - Step settings: {'cycle_type': 'step', 'cycle_display': 'Discharge', 'drive_style': 'current_a', 'drive_value': -10.0, 'drive_value_other': 0.0, 'end_style': 'time_s', 'end_condition': 'greater', 'end_value': 0.05, 'meas_log_int_s': 0.01, 'safety_min_voltage_v': 2.0, 'safety_max_voltage_v': 4.3, 'safety_min_current_a': -10.0, 'safety_max_current_a': 10.0, 'safety_max_time_s': 2.0}
2026-09-26 01:13:42 | INFO | Process-25[43072] | charge_discharge.runner | Voltage measurement equipment chosen
2026-09-26 01:13:42 | INFO | Process-25[43072] | charge_discharge.runner | Current measurement equipment chosen
2026-09-26 01:13:42 | INFO | Process-25[43072] | charge_discharge.runner | Current-driven step setup
2026-09-26 01:13:42 | INFO | Process-25[43072] | charge_discharge.runner | Start step successful
2026-09-26 01:13:42 | INFO | Process-25[43072] | charge_discharge.runner | End condition before measurement loop: none
2026-09-26 01:13:42 | INFO | Process-25[43072] | charge_discharge.cycle_executor | CH0 - Cycle 3 step 0 ending; reason: end_condition
2026-09-26 01:13:42 | INFO | Process-25[43072] | charge_discharge.cycle_executor | CH0 - Cycle 3 ending
2026-09-26 01:13:42 | INFO | Process-25[43072] | charge_discharge.cycle_executor | CH0 - All cycles completed
2026-09-26 01:13:45 | INFO | Process-27[38768] | equipment | Virtual device connected: Fake Test PSU
2026-09-26 01:13:45 | INFO | Process-30[9944] | equipment | Virtual device connected: Fake Test DMM
2026-09-26 01:13:45 | INFO | Process-31[21980] | equipment | Virtual device connected: Fake Test DMM
2026-09-26 01:13:45 | INFO | Process-28[32336] | equipment | Virtual device connected: Fake Test Eload
2026-09-26 01:13:45 | INFO | Process-29[24564] | equipment | Virtual device connected: Fake Test DMM
2026-09-26 01:13:46 | WARNING | Process-32[15400] | pint.util | Redefining 'ampere_hour' (<class 'pint.delegates.txt_defparser.plain.UnitDefinition'>)
2026-09-26 01:13:46 | WARNING | Process-32[15400] | pint.util | Redefining 'Ah' (<class 'pint.delegates.txt_defparser.plain.UnitDefinition'>)
2026-09-26 01:13:46 | WARNING | Process-32[15400] | pint.util | Redefining 'watt_hour' (<class 'pint.delegates.txt_defparser.plain.UnitDefinition'>)
2026-09-26 01:13:46 | WARNING | Process-32[15400] | pint.util | Redefining 'Wh' (<class 'pint.delegates.txt_defparser.plain.UnitDefinition'>)
2026-09-26 01:13:48 | INFO | Process-32[15400] | charge_discharge.cycle_executor | CH0 - Cycle 1 starting
2026-09-26 01:13:48 | INFO | Process-32[15400] | charge_discharge.cycle_executor | CH0 - Cycle settings: [{'cycle_type': 'step', 'cycle_display': 'Discharge', 'drive_style': 'current_a', 'drive_value': -1.0, 'drive_value_other': 0, 'end_style': 'voltage_v', 'end_condition': 'lesser', 'end_value': 4.19, 'meas_log_int_s': 1, 'safety_min_voltage_v': 2.45, 'safety_max_voltage_v': 4.25, 'safety_min_current_a': -10, 'safety_max_current_a': 10, 'safety_max_time_s': 2.0}]
2026-09-26 01:13:48 | INFO | Process-32[15400] | charge_discharge.cycle_executor | CH0 - Cycle 1 step 0 starting
2026-09-26 01:13:48 | INFO | Process-32[15400] | charge_discharge.cycle_executor | CH0 - Step settings: {'cycle_type': 'step', 'cycle_display': 'Discharge', 'drive_style': 'current_a', 'drive_value': -1.0, 'drive_value_other': 0, 'end_style': 'voltage_v', 'end_condition': 'lesser', 'end_value': 4.19, 'meas_log_int_s': 1, 'safety_min_voltage_v': 2.45, 'safety_max_voltage_v': 4.25, 'safety_min_current_a': -10, 'safety_max_current_a': 10, 'safety_max_time_s': 2.0}
2026-09-26 01:13:48 | INFO | Process-32[15400] | charge_discharge.runner | Voltage measurement equipment chosen
2026-09-26 01:13:48 | INFO | Process-32[15400] | charge_discharge.runner | Current measurement equipment chosen
2026-09-26 01:13:48 | INFO | Process-32[15400] | charge_discharge.runner | Current-driven step setup
2026-09-26 01:13:48 | INFO | Process-32[15400] | charge_discharge.runner | Start step successful
2026-09-26 01:13:48 | INFO | Process-32[15400] | charge_discharge.runner | End condition before measurement loop: end_condition
2026-09-26 01:13:48 | INFO | Process-32[15400] | charge_discharge.cycle_executor | CH0 - Cycle 1 step 0 ending; reason: end_condition
2026-09-26 01:13:48 | INFO | Process-32[15400] | charge_discharge.cycle_executor | CH0 - Cycle 1 ending
2026-09-26 01:13:48 | INFO | Process-32[15400] | charge_discharge.cycle_executor | CH0 - All cycles completed
2026-09-26 01:14:07 | INFO | Process-5[1584] | equipment | Virtual device connected: Fake Test DMM
2026-09-26 01:14:07 | INFO | Process-6[4352] | equipment | Virtual device connected: Fake Test DMM
2026-09-26 01:14:07 | INFO | Process-4[36116] | equipment | Virtual device connected: Fake Test DMM

2026-09-26 01:14:07 | INFO | Process-2[43576] | equipment | Virtual device connected: Fake Test PSU
2026-09-26 01:14:08 | WARNING | Process-7[31732] | pint.util | Redefining 'ampere_hour' (<class 'pint.delegates.txt_defparser.plain.UnitDefinition'>)
2026-09-26 01:14:08 | WARNING | Process-7[31732] | pint.util | Redefining 'Ah' (<class 'pint.delegates.txt_defparser.plain.UnitDefinition'>)
2026-09-26 01:14:08 | WARNING | Process-7[31732] | pint.util | Redefining 'watt_hour' (<class 'pint.delegates.txt_defparser.plain.UnitDefinition'>)
2026-09-26 01:14:08 | WARNING | Process-7[31732] | pint.util | Redefining 'Wh' (<class 'pint.delegates.txt_defparser.plain.UnitDefinition'>)
2026-09-26 01:14:09 | INFO | Process-7[31732] | charge_discharge.cycle_executor | CH0 - Cycle 1 starting
2026-09-26 01:14:09 | INFO | Process-7[31732] | charge_discharge.cycle_executor | CH0 - Cycle settings: [{'cycle_type': 'step', 'cycle_display': 'Discharge', 'drive_style': 'current_a', 'drive_value': -1.0, 'drive_value_other': 0, 'end_style': 'voltage_v', 'end_condition': 'lesser', 'end_value': 4.19, 'meas_log_int_s': 1, 'safety_min_voltage_v': 2.45, 'safety_max_voltage_v': 4.25, 'safety_min_current_a': -10, 'safety_max_current_a': 10, 'safety_max_time_s': 2.0}]
2026-09-26 01:14:09 | INFO | Process-7[31732] | charge_discharge.cycle_executor | CH0 - Cycle 1 step 0 starting
2026-09-26 01:14:09 | INFO | Process-7[31732] | charge_discharge.cycle_executor | CH0 - Step settings: {'cycle_type': 'step', 'cycle_display': 'Discharge', 'drive_style': 'current_a', 'drive_value': -1.0, 'drive_value_other': 0, 'end_style': 'voltage_v', 'end_condition': 'lesser', 'end_value': 4.19, 'meas_log_int_s': 1, 'safety_min_voltage_v': 2.45, 'safety_max_voltage_v': 4.25, 'safety_min_current_a': -10, 'safety_max_current_a': 10, 'safety_max_time_s': 2.0}
2026-09-26 01:14:09 | INFO | Process-7[31732] | charge_discharge.runner | Voltage measurement equipment chosen
2026-09-26 01:14:09 | INFO | Process-7[31732] | charge_discharge.runner | Current measurement equipment chosen
2026-09-26 01:14:09 | INFO | Process-7[31732] | charge_discharge.runner | Current-driven step setup
2026-09-26 01:14:09 | INFO | Process-7[31732] | charge_discharge.runner | Start step successful
2026-09-26 01:14:09 | INFO | Process-7[31732] | charge_discharge.runner | End condition before measurement loop: end_condition
2026-09-26 01:14:09 | INFO | Process-7[31732] | charge_discharge.cycle_executor | CH0 - Cycle 1 step 0 ending; reason: end_condition
2026-09-26 01:14:09 | INFO | Process-7[31732] | charge_discharge.cycle_executor | CH0 - Cycle 1 ending
2026-09-26 01:14:10 | INFO | Process-7[31732] | charge_discharge.cycle_executor | CH0 - All cycles completed
2026-09-26 01:14:34 | INFO | Process-9[27596] | equipment | Virtual device connected: Fake Test DMM
2026-09-26 01:14:34 | INFO | Process-8[28732] | equipment | Virtual device connected: Fake Test DMM

2026-09-26 01:14:34 | INFO | Process-6[34940] | equipment | Virtual device connected: Fake Test PSU
2026-09-26 01:14:34 | INFO | Process-7[37112] | equipment | Virtual device connected: Fake Test Eload
2026-09-26 01:14:34 | ERROR | Process-9[27596] | equipment | Virtual device operation failed: measure_current
Traceback (most recent call last):
  File "D:\Documents\GitHub\Test_Equipment_Control\equipment.py", line 218, in virtual_device_management_process
    return_data = _dispatch_virtual_device_method(device, operation, args)
  File "D:\Documents\GitHub\Test_Equipment_Control\equipment.py", line 142, in _dispatch_virtual_device_method
    return method(*args)
  File "D:\Documents\GitHub\Test_Equipment_Control\lab_equipment\DMM_Fake.py", line 15, in measure_current
    return require_simulation_link(self.battery_link, "Fake DMM").measure_current()
           ~~~~~~~~~~~~~~~~~~~~~~~^^^^^^^^^^^^^^^^^^^^^^^^^^^^^^^
  File "D:\Documents\GitHub\Test_Equipment_Control\battery_app\simulation.py", line 25, in require_simulation_link
    raise FakeInstrumentNotAttachedError(
        f"{instrument_name} requires an attached SIMULATED_LG_MJ1 battery link"
    )
battery_app.simulation.FakeInstrumentNotAttachedError: Fake DMM requires an attached SIMULATED_LG_MJ1 battery link
2026-09-26 01:14:36 | INFO | Process-13[1600] | equipment | Virtual device connected: Fake Test PSU
2026-09-26 01:14:36 | INFO | Process-14[30912] | equipment | Virtual device connected: Fake Test Eload
2026-09-26 01:14:36 | INFO | Process-15[31844] | equipment | Virtual device connected: Fake Test DMM
2026-09-26 01:14:36 | INFO | Process-17[24828] | equipment | Virtual device connected: Fake Test DMM
2026-09-26 01:14:37 | WARNING | Process-18[31000] | pint.util | Redefining 'ampere_hour' (<class 'pint.delegates.txt_defparser.plain.UnitDefinition'>)
2026-09-26 01:14:37 | WARNING | Process-18[31000] | pint.util | Redefining 'Ah' (<class 'pint.delegates.txt_defparser.plain.UnitDefinition'>)
2026-09-26 01:14:37 | WARNING | Process-18[31000] | pint.util | Redefining 'watt_hour' (<class 'pint.delegates.txt_defparser.plain.UnitDefinition'>)
2026-09-26 01:14:37 | WARNING | Process-18[31000] | pint.util | Redefining 'Wh' (<class 'pint.delegates.txt_defparser.plain.UnitDefinition'>)
2026-09-26 01:14:39 | INFO | Process-18[31000] | charge_discharge.cycle_executor | CH0 - Cycle 1 starting
2026-09-26 01:14:39 | INFO | Process-18[31000] | charge_discharge.cycle_executor | CH0 - Cycle settings: [{'cycle_type': 'step', 'cycle_display': 'Discharge', 'drive_style': 'current_a', 'drive_value': -10.0, 'drive_value_other': 0.0, 'end_style': 'time_s', 'end_condition': 'greater', 'end_value': 0.05, 'meas_log_int_s': 0.01, 'safety_min_voltage_v': 2.0, 'safety_max_voltage_v': 4.3, 'safety_min_current_a': -10.0, 'safety_max_current_a': 10.0, 'safety_max_time_s': 2.0}]
2026-09-26 01:14:39 | INFO | Process-18[31000] | charge_discharge.cycle_executor | CH0 - Cycle 1 step 0 starting
2026-09-26 01:14:39 | INFO | Process-18[31000] | charge_discharge.cycle_executor | CH0 - Step settings: {'cycle_type': 'step', 'cycle_display': 'Discharge', 'drive_style': 'current_a', 'drive_value': -10.0, 'drive_value_other': 0.0, 'end_style': 'time_s', 'end_condition': 'greater', 'end_value': 0.05, 'meas_log_int_s': 0.01, 'safety_min_voltage_v': 2.0, 'safety_max_voltage_v': 4.3, 'safety_min_current_a': -10.0, 'safety_max_current_a': 10.0, 'safety_max_time_s': 2.0}
2026-09-26 01:14:39 | INFO | Process-18[31000] | charge_discharge.runner | Voltage measurement equipment chosen
2026-09-26 01:14:39 | INFO | Process-18[31000] | charge_discharge.runner | Current measurement equipment chosen
2026-09-26 01:14:39 | INFO | Process-18[31000] | charge_discharge.runner | Current-driven step setup
2026-09-26 01:14:39 | INFO | Process-18[31000] | charge_discharge.runner | Start step successful
2026-09-26 01:14:39 | INFO | Process-18[31000] | charge_discharge.runner | End condition before measurement loop: none
2026-09-26 01:14:39 | INFO | Process-18[31000] | charge_discharge.cycle_executor | CH0 - Cycle 1 step 0 ending; reason: end_condition
2026-09-26 01:14:39 | INFO | Process-18[31000] | charge_discharge.cycle_executor | CH0 - Cycle 1 ending
2026-09-26 01:14:39 | INFO | Process-18[31000] | charge_discharge.cycle_executor | CH0 - Cycle 2 starting
2026-09-26 01:14:39 | INFO | Process-18[31000] | charge_discharge.cycle_executor | CH0 - Cycle settings: [{'cycle_type': 'step', 'cycle_display': 'Discharge', 'drive_style': 'current_a', 'drive_value': -10.0, 'drive_value_other': 0.0, 'end_style': 'time_s', 'end_condition': 'greater', 'end_value': 0.05, 'meas_log_int_s': 0.01, 'safety_min_voltage_v': 2.0, 'safety_max_voltage_v': 4.3, 'safety_min_current_a': -10.0, 'safety_max_current_a': 10.0, 'safety_max_time_s': 2.0}]
2026-09-26 01:14:39 | INFO | Process-18[31000] | charge_discharge.cycle_executor | CH0 - Cycle 2 step 0 starting
2026-09-26 01:14:39 | INFO | Process-18[31000] | charge_discharge.cycle_executor | CH0 - Step settings: {'cycle_type': 'step', 'cycle_display': 'Discharge', 'drive_style': 'current_a', 'drive_value': -10.0, 'drive_value_other': 0.0, 'end_style': 'time_s', 'end_condition': 'greater', 'end_value': 0.05, 'meas_log_int_s': 0.01, 'safety_min_voltage_v': 2.0, 'safety_max_voltage_v': 4.3, 'safety_min_current_a': -10.0, 'safety_max_current_a': 10.0, 'safety_max_time_s': 2.0}
2026-09-26 01:14:39 | INFO | Process-18[31000] | charge_discharge.runner | Voltage measurement equipment chosen
2026-09-26 01:14:39 | INFO | Process-18[31000] | charge_discharge.runner | Current measurement equipment chosen
2026-09-26 01:14:39 | INFO | Process-18[31000] | charge_discharge.runner | Current-driven step setup
2026-09-26 01:14:39 | INFO | Process-18[31000] | charge_discharge.runner | Start step successful
2026-09-26 01:14:39 | INFO | Process-18[31000] | charge_discharge.runner | End condition before measurement loop: none
2026-09-26 01:14:39 | INFO | Process-18[31000] | charge_discharge.cycle_executor | CH0 - Cycle 2 step 0 ending; reason: end_condition
2026-09-26 01:14:39 | INFO | Process-18[31000] | charge_discharge.cycle_executor | CH0 - Cycle 2 ending
2026-09-26 01:14:40 | INFO | Process-18[31000] | charge_discharge.cycle_executor | CH0 - All cycles completed
2026-09-26 01:14:42 | INFO | Process-22[41764] | equipment | Virtual device connected: Fake Test DMM
2026-09-26 01:14:42 | INFO | Process-20[15948] | equipment | Virtual device connected: Fake Test PSU
2026-09-26 01:14:42 | INFO | Process-23[29448] | equipment | Virtual device connected: Fake Test DMM
2026-09-26 01:14:42 | INFO | Process-21[37428] | equipment | Virtual device connected: Fake Test Eload
2026-09-26 01:14:42 | INFO | Process-24[22796] | equipment | Virtual device connected: Fake Test DMM
2026-09-26 01:14:43 | WARNING | Process-25[13824] | pint.util | Redefining 'ampere_hour' (<class 'pint.delegates.txt_defparser.plain.UnitDefinition'>)
2026-09-26 01:14:43 | WARNING | Process-25[13824] | pint.util | Redefining 'Ah' (<class 'pint.delegates.txt_defparser.plain.UnitDefinition'>)
2026-09-26 01:14:43 | WARNING | Process-25[13824] | pint.util | Redefining 'watt_hour' (<class 'pint.delegates.txt_defparser.plain.UnitDefinition'>)
2026-09-26 01:14:43 | WARNING | Process-25[13824] | pint.util | Redefining 'Wh' (<class 'pint.delegates.txt_defparser.plain.UnitDefinition'>)
2026-09-26 01:14:45 | INFO | Process-25[13824] | charge_discharge.cycle_executor | CH0 - Cycle 3 starting
2026-09-26 01:14:45 | INFO | Process-25[13824] | charge_discharge.cycle_executor | CH0 - Cycle settings: [{'cycle_type': 'step', 'cycle_display': 'Discharge', 'drive_style': 'current_a', 'drive_value': -10.0, 'drive_value_other': 0.0, 'end_style': 'time_s', 'end_condition': 'greater', 'end_value': 0.05, 'meas_log_int_s': 0.01, 'safety_min_voltage_v': 2.0, 'safety_max_voltage_v': 4.3, 'safety_min_current_a': -10.0, 'safety_max_current_a': 10.0, 'safety_max_time_s': 2.0}]
2026-09-26 01:14:45 | INFO | Process-25[13824] | charge_discharge.cycle_executor | CH0 - Cycle 3 step 0 starting
2026-09-26 01:14:45 | INFO | Process-25[13824] | charge_discharge.cycle_executor | CH0 - Step settings: {'cycle_type': 'step', 'cycle_display': 'Discharge', 'drive_style': 'current_a', 'drive_value': -10.0, 'drive_value_other': 0.0, 'end_style': 'time_s', 'end_condition': 'greater', 'end_value': 0.05, 'meas_log_int_s': 0.01, 'safety_min_voltage_v': 2.0, 'safety_max_voltage_v': 4.3, 'safety_min_current_a': -10.0, 'safety_max_current_a': 10.0, 'safety_max_time_s': 2.0}
2026-09-26 01:14:45 | INFO | Process-25[13824] | charge_discharge.runner | Voltage measurement equipment chosen
2026-09-26 01:14:45 | INFO | Process-25[13824] | charge_discharge.runner | Current measurement equipment chosen
2026-09-26 01:14:45 | INFO | Process-25[13824] | charge_discharge.runner | Current-driven step setup
2026-09-26 01:14:45 | INFO | Process-25[13824] | charge_discharge.runner | Start step successful
2026-09-26 01:14:45 | INFO | Process-25[13824] | charge_discharge.runner | End condition before measurement loop: none
2026-09-26 01:14:45 | INFO | Process-25[13824] | charge_discharge.cycle_executor | CH0 - Cycle 3 step 0 ending; reason: end_condition
2026-09-26 01:14:45 | INFO | Process-25[13824] | charge_discharge.cycle_executor | CH0 - Cycle 3 ending
2026-09-26 01:14:45 | INFO | Process-25[13824] | charge_discharge.cycle_executor | CH0 - All cycles completed
2026-09-26 01:14:46 | INFO | Process-8[39528] | equipment | Virtual device connected: Fake Test DMM

2026-09-26 01:14:46 | INFO | Process-9[28876] | equipment | Virtual device connected: Fake Test DMM
2026-09-26 01:14:46 | INFO | Process-10[29120] | equipment | Virtual device connected: Fake Test DMM
2026-09-26 01:14:46 | ERROR | Process-9[28876] | equipment | Virtual device operation failed: measure_current
Traceback (most recent call last):
  File "D:\Documents\GitHub\Test_Equipment_Control\equipment.py", line 218, in virtual_device_management_process
    return_data = _dispatch_virtual_device_method(device, operation, args)
  File "D:\Documents\GitHub\Test_Equipment_Control\equipment.py", line 142, in _dispatch_virtual_device_method
    return method(*args)
  File "D:\Documents\GitHub\Test_Equipment_Control\lab_equipment\DMM_Fake.py", line 15, in measure_current
    return require_simulation_link(self.battery_link, "Fake DMM").measure_current()
           ~~~~~~~~~~~~~~~~~~~~~~~^^^^^^^^^^^^^^^^^^^^^^^^^^^^^^^
  File "D:\Documents\GitHub\Test_Equipment_Control\battery_app\simulation.py", line 25, in require_simulation_link
    raise FakeInstrumentNotAttachedError(
        f"{instrument_name} requires an attached SIMULATED_LG_MJ1 battery link"
    )
battery_app.simulation.FakeInstrumentNotAttachedError: Fake DMM requires an attached SIMULATED_LG_MJ1 battery link
2026-09-26 01:14:48 | INFO | Process-31[36108] | equipment | Virtual device connected: Fake Test DMM
2026-09-26 01:14:48 | INFO | Process-29[31604] | equipment | Virtual device connected: Fake Test DMM
2026-09-26 01:14:49 | INFO | Process-28[24308] | equipment | Virtual device connected: Fake Test Eload
2026-09-26 01:14:49 | INFO | Process-30[31160] | equipment | Virtual device connected: Fake Test DMM
2026-09-26 01:14:49 | INFO | Process-27[40328] | equipment | Virtual device connected: Fake Test PSU
2026-09-26 01:14:49 | INFO | Process-13[43336] | equipment | Virtual device connected: Fake Test PSU
2026-09-26 01:14:49 | INFO | Process-15[43028] | equipment | Virtual device connected: Fake Test DMM
2026-09-26 01:14:49 | INFO | Process-14[32460] | equipment | Virtual device connected: Fake Test Eload
2026-09-26 01:14:49 | INFO | Process-17[7064] | equipment | Virtual device connected: Fake Test DMM
2026-09-26 01:14:49 | INFO | Process-16[1980] | equipment | Virtual device connected: Fake Test DMM
2026-09-26 01:14:50 | WARNING | Process-32[4348] | pint.util | Redefining 'ampere_hour' (<class 'pint.delegates.txt_defparser.plain.UnitDefinition'>)
2026-09-26 01:14:50 | WARNING | Process-32[4348] | pint.util | Redefining 'Ah' (<class 'pint.delegates.txt_defparser.plain.UnitDefinition'>)
2026-09-26 01:14:50 | WARNING | Process-32[4348] | pint.util | Redefining 'watt_hour' (<class 'pint.delegates.txt_defparser.plain.UnitDefinition'>)
2026-09-26 01:14:50 | WARNING | Process-32[4348] | pint.util | Redefining 'Wh' (<class 'pint.delegates.txt_defparser.plain.UnitDefinition'>)
2026-09-26 01:14:50 | WARNING | Process-18[41312] | pint.util | Redefining 'ampere_hour' (<class 'pint.delegates.txt_defparser.plain.UnitDefinition'>)
2026-09-26 01:14:50 | WARNING | Process-18[41312] | pint.util | Redefining 'Ah' (<class 'pint.delegates.txt_defparser.plain.UnitDefinition'>)
2026-09-26 01:14:50 | WARNING | Process-18[41312] | pint.util | Redefining 'watt_hour' (<class 'pint.delegates.txt_defparser.plain.UnitDefinition'>)
2026-09-26 01:14:50 | WARNING | Process-18[41312] | pint.util | Redefining 'Wh' (<class 'pint.delegates.txt_defparser.plain.UnitDefinition'>)
2026-09-26 01:14:51 | INFO | Process-32[4348] | charge_discharge.cycle_executor | CH0 - Cycle 1 starting
2026-09-26 01:14:51 | INFO | Process-32[4348] | charge_discharge.cycle_executor | CH0 - Cycle settings: [{'cycle_type': 'step', 'cycle_display': 'Discharge', 'drive_style': 'current_a', 'drive_value': -1.0, 'drive_value_other': 0, 'end_style': 'voltage_v', 'end_condition': 'lesser', 'end_value': 4.19, 'meas_log_int_s': 1, 'safety_min_voltage_v': 2.45, 'safety_max_voltage_v': 4.25, 'safety_min_current_a': -10, 'safety_max_current_a': 10, 'safety_max_time_s': 2.0}]
2026-09-26 01:14:51 | INFO | Process-32[4348] | charge_discharge.cycle_executor | CH0 - Cycle 1 step 0 starting
2026-09-26 01:14:51 | INFO | Process-32[4348] | charge_discharge.cycle_executor | CH0 - Step settings: {'cycle_type': 'step', 'cycle_display': 'Discharge', 'drive_style': 'current_a', 'drive_value': -1.0, 'drive_value_other': 0, 'end_style': 'voltage_v', 'end_condition': 'lesser', 'end_value': 4.19, 'meas_log_int_s': 1, 'safety_min_voltage_v': 2.45, 'safety_max_voltage_v': 4.25, 'safety_min_current_a': -10, 'safety_max_current_a': 10, 'safety_max_time_s': 2.0}
2026-09-26 01:14:51 | INFO | Process-32[4348] | charge_discharge.runner | Voltage measurement equipment chosen
2026-09-26 01:14:51 | INFO | Process-32[4348] | charge_discharge.runner | Current measurement equipment chosen
2026-09-26 01:14:51 | INFO | Process-32[4348] | charge_discharge.runner | Current-driven step setup
2026-09-26 01:14:51 | INFO | Process-32[4348] | charge_discharge.runner | Start step successful
2026-09-26 01:14:51 | INFO | Process-32[4348] | charge_discharge.runner | End condition before measurement loop: end_condition
2026-09-26 01:14:51 | INFO | Process-32[4348] | charge_discharge.cycle_executor | CH0 - Cycle 1 step 0 ending; reason: end_condition
2026-09-26 01:14:51 | INFO | Process-32[4348] | charge_discharge.cycle_executor | CH0 - Cycle 1 ending
2026-09-26 01:14:52 | INFO | Process-32[4348] | charge_discharge.cycle_executor | CH0 - All cycles completed
2026-09-26 01:14:52 | INFO | Process-2[13972] | equipment | Virtual device connected: Fake Test PSU
2026-09-26 01:14:52 | INFO | Process-3[43236] | equipment | Virtual device connected: Fake Test Eload
2026-09-26 01:14:52 | INFO | Process-4[35056] | equipment | Virtual device connected: Fake Test DMM
2026-09-26 01:14:52 | INFO | Process-5[36892] | equipment | Virtual device connected: Fake Test DMM
2026-09-26 01:14:52 | INFO | Process-6[45928] | equipment | Virtual device connected: Fake Test DMM
2026-09-26 01:14:52 | INFO | Process-18[41312] | charge_discharge.cycle_executor | CH0 - Cycle 1 starting
2026-09-26 01:14:52 | INFO | Process-18[41312] | charge_discharge.cycle_executor | CH0 - Cycle settings: [{'cycle_type': 'step', 'cycle_display': 'Discharge', 'drive_style': 'current_a', 'drive_value': -10.0, 'drive_value_other': 0.0, 'end_style': 'time_s', 'end_condition': 'greater', 'end_value': 0.05, 'meas_log_int_s': 0.01, 'safety_min_voltage_v': 2.0, 'safety_max_voltage_v': 4.3, 'safety_min_current_a': -10.0, 'safety_max_current_a': 10.0, 'safety_max_time_s': 2.0}]
2026-09-26 01:14:52 | INFO | Process-18[41312] | charge_discharge.cycle_executor | CH0 - Cycle 1 step 0 starting
2026-09-26 01:14:52 | INFO | Process-18[41312] | charge_discharge.cycle_executor | CH0 - Step settings: {'cycle_type': 'step', 'cycle_display': 'Discharge', 'drive_style': 'current_a', 'drive_value': -10.0, 'drive_value_other': 0.0, 'end_style': 'time_s', 'end_condition': 'greater', 'end_value': 0.05, 'meas_log_int_s': 0.01, 'safety_min_voltage_v': 2.0, 'safety_max_voltage_v': 4.3, 'safety_min_current_a': -10.0, 'safety_max_current_a': 10.0, 'safety_max_time_s': 2.0}
2026-09-26 01:14:52 | INFO | Process-18[41312] | charge_discharge.runner | Voltage measurement equipment chosen
2026-09-26 01:14:52 | INFO | Process-18[41312] | charge_discharge.runner | Current measurement equipment chosen
2026-09-26 01:14:52 | INFO | Process-18[41312] | charge_discharge.runner | Current-driven step setup
2026-09-26 01:14:52 | INFO | Process-18[41312] | charge_discharge.runner | Start step successful
2026-09-26 01:14:52 | INFO | Process-18[41312] | charge_discharge.runner | End condition before measurement loop: none
2026-09-26 01:14:52 | INFO | Process-18[41312] | charge_discharge.cycle_executor | CH0 - Cycle 1 step 0 ending; reason: end_condition
2026-09-26 01:14:52 | INFO | Process-18[41312] | charge_discharge.cycle_executor | CH0 - Cycle 1 ending
2026-09-26 01:14:52 | INFO | Process-18[41312] | charge_discharge.cycle_executor | CH0 - Cycle 2 starting
2026-09-26 01:14:52 | INFO | Process-18[41312] | charge_discharge.cycle_executor | CH0 - Cycle settings: [{'cycle_type': 'step', 'cycle_display': 'Discharge', 'drive_style': 'current_a', 'drive_value': -10.0, 'drive_value_other': 0.0, 'end_style': 'time_s', 'end_condition': 'greater', 'end_value': 0.05, 'meas_log_int_s': 0.01, 'safety_min_voltage_v': 2.0, 'safety_max_voltage_v': 4.3, 'safety_min_current_a': -10.0, 'safety_max_current_a': 10.0, 'safety_max_time_s': 2.0}]
2026-09-26 01:14:52 | INFO | Process-18[41312] | charge_discharge.cycle_executor | CH0 - Cycle 2 step 0 starting
2026-09-26 01:14:52 | INFO | Process-18[41312] | charge_discharge.cycle_executor | CH0 - Step settings: {'cycle_type': 'step', 'cycle_display': 'Discharge', 'drive_style': 'current_a', 'drive_value': -10.0, 'drive_value_other': 0.0, 'end_style': 'time_s', 'end_condition': 'greater', 'end_value': 0.05, 'meas_log_int_s': 0.01, 'safety_min_voltage_v': 2.0, 'safety_max_voltage_v': 4.3, 'safety_min_current_a': -10.0, 'safety_max_current_a': 10.0, 'safety_max_time_s': 2.0}
2026-09-26 01:14:52 | INFO | Process-18[41312] | charge_discharge.runner | Voltage measurement equipment chosen
2026-09-26 01:14:52 | INFO | Process-18[41312] | charge_discharge.runner | Current measurement equipment chosen
2026-09-26 01:14:52 | INFO | Process-18[41312] | charge_discharge.runner | Current-driven step setup
2026-09-26 01:14:52 | INFO | Process-18[41312] | charge_discharge.runner | Start step successful
2026-09-26 01:14:52 | INFO | Process-18[41312] | charge_discharge.runner | End condition before measurement loop: none
2026-09-26 01:14:52 | INFO | Process-18[41312] | charge_discharge.cycle_executor | CH0 - Cycle 2 step 0 ending; reason: end_condition
2026-09-26 01:14:52 | INFO | Process-18[41312] | charge_discharge.cycle_executor | CH0 - Cycle 2 ending
2026-09-26 01:14:52 | INFO | Process-18[41312] | charge_discharge.cycle_executor | CH0 - All cycles completed
2026-09-26 01:14:53 | WARNING | Process-7[4380] | pint.util | Redefining 'ampere_hour' (<class 'pint.delegates.txt_defparser.plain.UnitDefinition'>)
2026-09-26 01:14:53 | WARNING | Process-7[4380] | pint.util | Redefining 'Ah' (<class 'pint.delegates.txt_defparser.plain.UnitDefinition'>)
2026-09-26 01:14:53 | WARNING | Process-7[4380] | pint.util | Redefining 'watt_hour' (<class 'pint.delegates.txt_defparser.plain.UnitDefinition'>)
2026-09-26 01:14:53 | WARNING | Process-7[4380] | pint.util | Redefining 'Wh' (<class 'pint.delegates.txt_defparser.plain.UnitDefinition'>)
2026-09-26 01:14:54 | INFO | Process-7[4380] | charge_discharge.cycle_executor | CH0 - Cycle 1 starting
2026-09-26 01:14:54 | INFO | Process-7[4380] | charge_discharge.cycle_executor | CH0 - Cycle settings: [{'cycle_type': 'step', 'cycle_display': 'Discharge', 'drive_style': 'current_a', 'drive_value': -1.0, 'drive_value_other': 0, 'end_style': 'voltage_v', 'end_condition': 'lesser', 'end_value': 4.19, 'meas_log_int_s': 1, 'safety_min_voltage_v': 2.45, 'safety_max_voltage_v': 4.25, 'safety_min_current_a': -10, 'safety_max_current_a': 10, 'safety_max_time_s': 2.0}]
2026-09-26 01:14:54 | INFO | Process-7[4380] | charge_discharge.cycle_executor | CH0 - Cycle 1 step 0 starting
2026-09-26 01:14:54 | INFO | Process-7[4380] | charge_discharge.cycle_executor | CH0 - Step settings: {'cycle_type': 'step', 'cycle_display': 'Discharge', 'drive_style': 'current_a', 'drive_value': -1.0, 'drive_value_other': 0, 'end_style': 'voltage_v', 'end_condition': 'lesser', 'end_value': 4.19, 'meas_log_int_s': 1, 'safety_min_voltage_v': 2.45, 'safety_max_voltage_v': 4.25, 'safety_min_current_a': -10, 'safety_max_current_a': 10, 'safety_max_time_s': 2.0}
2026-09-26 01:14:54 | INFO | Process-7[4380] | charge_discharge.runner | Voltage measurement equipment chosen
2026-09-26 01:14:54 | INFO | Process-7[4380] | charge_discharge.runner | Current measurement equipment chosen
2026-09-26 01:14:54 | INFO | Process-7[4380] | charge_discharge.runner | Current-driven step setup
2026-09-26 01:14:55 | INFO | Process-7[4380] | charge_discharge.runner | Start step successful
2026-09-26 01:14:55 | INFO | Process-7[4380] | charge_discharge.runner | End condition before measurement loop: end_condition
2026-09-26 01:14:55 | INFO | Process-7[4380] | charge_discharge.cycle_executor | CH0 - Cycle 1 step 0 ending; reason: end_condition
2026-09-26 01:14:55 | INFO | Process-7[4380] | charge_discharge.cycle_executor | CH0 - Cycle 1 ending
2026-09-26 01:14:55 | INFO | Process-7[4380] | charge_discharge.cycle_executor | CH0 - All cycles completed
2026-09-26 01:14:55 | INFO | Process-22[25096] | equipment | Virtual device connected: Fake Test DMM

2026-09-26 01:14:55 | INFO | Process-23[41276] | equipment | Virtual device connected: Fake Test DMM
2026-09-26 01:14:55 | INFO | Process-24[22776] | equipment | Virtual device connected: Fake Test DMM
2026-09-26 01:14:56 | WARNING | Process-25[8736] | pint.util | Redefining 'ampere_hour' (<class 'pint.delegates.txt_defparser.plain.UnitDefinition'>)
2026-09-26 01:14:56 | WARNING | Process-25[8736] | pint.util | Redefining 'Ah' (<class 'pint.delegates.txt_defparser.plain.UnitDefinition'>)
2026-09-26 01:14:56 | WARNING | Process-25[8736] | pint.util | Redefining 'watt_hour' (<class 'pint.delegates.txt_defparser.plain.UnitDefinition'>)
2026-09-26 01:14:56 | WARNING | Process-25[8736] | pint.util | Redefining 'Wh' (<class 'pint.delegates.txt_defparser.plain.UnitDefinition'>)
2026-09-26 01:14:58 | INFO | Process-25[8736] | charge_discharge.cycle_executor | CH0 - Cycle 3 starting
2026-09-26 01:14:58 | INFO | Process-25[8736] | charge_discharge.cycle_executor | CH0 - Cycle settings: [{'cycle_type': 'step', 'cycle_display': 'Discharge', 'drive_style': 'current_a', 'drive_value': -10.0, 'drive_value_other': 0.0, 'end_style': 'time_s', 'end_condition': 'greater', 'end_value': 0.05, 'meas_log_int_s': 0.01, 'safety_min_voltage_v': 2.0, 'safety_max_voltage_v': 4.3, 'safety_min_current_a': -10.0, 'safety_max_current_a': 10.0, 'safety_max_time_s': 2.0}]
2026-09-26 01:14:58 | INFO | Process-25[8736] | charge_discharge.cycle_executor | CH0 - Cycle 3 step 0 starting
2026-09-26 01:14:58 | INFO | Process-25[8736] | charge_discharge.cycle_executor | CH0 - Step settings: {'cycle_type': 'step', 'cycle_display': 'Discharge', 'drive_style': 'current_a', 'drive_value': -10.0, 'drive_value_other': 0.0, 'end_style': 'time_s', 'end_condition': 'greater', 'end_value': 0.05, 'meas_log_int_s': 0.01, 'safety_min_voltage_v': 2.0, 'safety_max_voltage_v': 4.3, 'safety_min_current_a': -10.0, 'safety_max_current_a': 10.0, 'safety_max_time_s': 2.0}
2026-09-26 01:14:58 | INFO | Process-25[8736] | charge_discharge.runner | Voltage measurement equipment chosen
2026-09-26 01:14:58 | INFO | Process-25[8736] | charge_discharge.runner | Current measurement equipment chosen
2026-09-26 01:14:58 | INFO | Process-25[8736] | charge_discharge.runner | Current-driven step setup
2026-09-26 01:14:58 | INFO | Process-25[8736] | charge_discharge.runner | Start step successful
2026-09-26 01:14:58 | INFO | Process-25[8736] | charge_discharge.runner | End condition before measurement loop: none
2026-09-26 01:14:58 | INFO | Process-25[8736] | charge_discharge.cycle_executor | CH0 - Cycle 3 step 0 ending; reason: end_condition
2026-09-26 01:14:58 | INFO | Process-25[8736] | charge_discharge.cycle_executor | CH0 - Cycle 3 ending
2026-09-26 01:14:58 | INFO | Process-25[8736] | charge_discharge.cycle_executor | CH0 - All cycles completed
2026-09-26 01:15:01 | INFO | Process-28[31048] | equipment | Virtual device connected: Fake Test Eload
2026-09-26 01:15:01 | INFO | Process-31[31764] | equipment | Virtual device connected: Fake Test DMM
2026-09-26 01:15:01 | INFO | Process-30[22932] | equipment | Virtual device connected: Fake Test DMM
2026-09-26 01:15:01 | INFO | Process-29[9564] | equipment | Virtual device connected: Fake Test DMM
2026-09-26 01:15:01 | INFO | Process-27[36308] | equipment | Virtual device connected: Fake Test PSU
2026-09-26 01:15:02 | WARNING | Process-32[44264] | pint.util | Redefining 'ampere_hour' (<class 'pint.delegates.txt_defparser.plain.UnitDefinition'>)
2026-09-26 01:15:02 | WARNING | Process-32[44264] | pint.util | Redefining 'Ah' (<class 'pint.delegates.txt_defparser.plain.UnitDefinition'>)
2026-09-26 01:15:02 | WARNING | Process-32[44264] | pint.util | Redefining 'watt_hour' (<class 'pint.delegates.txt_defparser.plain.UnitDefinition'>)
2026-09-26 01:15:02 | WARNING | Process-32[44264] | pint.util | Redefining 'Wh' (<class 'pint.delegates.txt_defparser.plain.UnitDefinition'>)
2026-09-26 01:15:04 | INFO | Process-32[44264] | charge_discharge.cycle_executor | CH0 - Cycle 1 starting
2026-09-26 01:15:04 | INFO | Process-32[44264] | charge_discharge.cycle_executor | CH0 - Cycle settings: [{'cycle_type': 'step', 'cycle_display': 'Discharge', 'drive_style': 'current_a', 'drive_value': -1.0, 'drive_value_other': 0, 'end_style': 'voltage_v', 'end_condition': 'lesser', 'end_value': 4.19, 'meas_log_int_s': 1, 'safety_min_voltage_v': 2.45, 'safety_max_voltage_v': 4.25, 'safety_min_current_a': -10, 'safety_max_current_a': 10, 'safety_max_time_s': 2.0}]
2026-09-26 01:15:04 | INFO | Process-32[44264] | charge_discharge.cycle_executor | CH0 - Cycle 1 step 0 starting
2026-09-26 01:15:04 | INFO | Process-32[44264] | charge_discharge.cycle_executor | CH0 - Step settings: {'cycle_type': 'step', 'cycle_display': 'Discharge', 'drive_style': 'current_a', 'drive_value': -1.0, 'drive_value_other': 0, 'end_style': 'voltage_v', 'end_condition': 'lesser', 'end_value': 4.19, 'meas_log_int_s': 1, 'safety_min_voltage_v': 2.45, 'safety_max_voltage_v': 4.25, 'safety_min_current_a': -10, 'safety_max_current_a': 10, 'safety_max_time_s': 2.0}
2026-09-26 01:15:04 | INFO | Process-32[44264] | charge_discharge.runner | Voltage measurement equipment chosen
2026-09-26 01:15:04 | INFO | Process-32[44264] | charge_discharge.runner | Current measurement equipment chosen
2026-09-26 01:15:04 | INFO | Process-32[44264] | charge_discharge.runner | Current-driven step setup
2026-09-26 01:15:04 | INFO | Process-32[44264] | charge_discharge.runner | Start step successful
2026-09-26 01:15:04 | INFO | Process-32[44264] | charge_discharge.runner | End condition before measurement loop: end_condition
2026-09-26 01:15:04 | INFO | Process-32[44264] | charge_discharge.cycle_executor | CH0 - Cycle 1 step 0 ending; reason: end_condition
2026-09-26 01:15:04 | INFO | Process-32[44264] | charge_discharge.cycle_executor | CH0 - Cycle 1 ending
2026-09-26 01:15:04 | INFO | Process-32[44264] | charge_discharge.cycle_executor | CH0 - All cycles completed
2026-09-26 01:21:06 | INFO | Process-6[31624] | equipment | Virtual device connected: Fake Test PSU
2026-09-26 01:21:06 | INFO | Process-7[18224] | equipment | Virtual device connected: Fake Test Eload
2026-09-26 01:21:06 | INFO | Process-8[36256] | equipment | Virtual device connected: Fake Test DMM
2026-09-26 01:21:06 | INFO | Process-9[35752] | equipment | Virtual device connected: Fake Test DMM
2026-09-26 01:21:06 | INFO | Process-10[31988] | equipment | Virtual device connected: Fake Test DMM
2026-09-26 01:21:06 | ERROR | Process-9[35752] | equipment | Virtual device operation failed: measure_current
Traceback (most recent call last):
  File "D:\Documents\GitHub\Test_Equipment_Control\equipment.py", line 218, in virtual_device_management_process
    return_data = _dispatch_virtual_device_method(device, operation, args)
  File "D:\Documents\GitHub\Test_Equipment_Control\equipment.py", line 142, in _dispatch_virtual_device_method
    return method(*args)
  File "D:\Documents\GitHub\Test_Equipment_Control\lab_equipment\DMM_Fake.py", line 15, in measure_current
    return require_simulation_link(self.battery_link, "Fake DMM").measure_current()
           ~~~~~~~~~~~~~~~~~~~~~~~^^^^^^^^^^^^^^^^^^^^^^^^^^^^^^^
  File "D:\Documents\GitHub\Test_Equipment_Control\battery_app\simulation.py", line 25, in require_simulation_link
    raise FakeInstrumentNotAttachedError(
        f"{instrument_name} requires an attached SIMULATED_LG_MJ1 battery link"
    )
battery_app.simulation.FakeInstrumentNotAttachedError: Fake DMM requires an attached SIMULATED_LG_MJ1 battery link
2026-09-26 01:21:08 | INFO | Process-15[18340] | equipment | Virtual device connected: Fake Test DMM

2026-09-26 01:21:08 | INFO | Process-16[20040] | equipment | Virtual device connected: Fake Test DMM
2026-09-26 01:21:08 | INFO | Process-17[41632] | equipment | Virtual device connected: Fake Test DMM
2026-09-26 01:21:09 | WARNING | Process-18[30828] | pint.util | Redefining 'ampere_hour' (<class 'pint.delegates.txt_defparser.plain.UnitDefinition'>)
2026-09-26 01:21:09 | WARNING | Process-18[30828] | pint.util | Redefining 'Ah' (<class 'pint.delegates.txt_defparser.plain.UnitDefinition'>)
2026-09-26 01:21:09 | WARNING | Process-18[30828] | pint.util | Redefining 'watt_hour' (<class 'pint.delegates.txt_defparser.plain.UnitDefinition'>)
2026-09-26 01:21:09 | WARNING | Process-18[30828] | pint.util | Redefining 'Wh' (<class 'pint.delegates.txt_defparser.plain.UnitDefinition'>)
2026-09-26 01:21:11 | INFO | Process-18[30828] | charge_discharge.cycle_executor | CH0 - Cycle 1 starting
2026-09-26 01:21:11 | INFO | Process-18[30828] | charge_discharge.cycle_executor | CH0 - Cycle settings: [{'cycle_type': 'step', 'cycle_display': 'Discharge', 'drive_style': 'current_a', 'drive_value': -10.0, 'drive_value_other': 0.0, 'end_style': 'time_s', 'end_condition': 'greater', 'end_value': 0.05, 'meas_log_int_s': 0.01, 'safety_min_voltage_v': 2.0, 'safety_max_voltage_v': 4.3, 'safety_min_current_a': -10.0, 'safety_max_current_a': 10.0, 'safety_max_time_s': 2.0}]
2026-09-26 01:21:11 | INFO | Process-18[30828] | charge_discharge.cycle_executor | CH0 - Cycle 1 step 0 starting
2026-09-26 01:21:11 | INFO | Process-18[30828] | charge_discharge.cycle_executor | CH0 - Step settings: {'cycle_type': 'step', 'cycle_display': 'Discharge', 'drive_style': 'current_a', 'drive_value': -10.0, 'drive_value_other': 0.0, 'end_style': 'time_s', 'end_condition': 'greater', 'end_value': 0.05, 'meas_log_int_s': 0.01, 'safety_min_voltage_v': 2.0, 'safety_max_voltage_v': 4.3, 'safety_min_current_a': -10.0, 'safety_max_current_a': 10.0, 'safety_max_time_s': 2.0}
2026-09-26 01:21:11 | INFO | Process-18[30828] | charge_discharge.runner | Voltage measurement equipment chosen
2026-09-26 01:21:11 | INFO | Process-18[30828] | charge_discharge.runner | Current measurement equipment chosen
2026-09-26 01:21:11 | INFO | Process-18[30828] | charge_discharge.runner | Current-driven step setup
2026-09-26 01:21:11 | INFO | Process-18[30828] | charge_discharge.runner | Start step successful
2026-09-26 01:21:11 | INFO | Process-18[30828] | charge_discharge.runner | End condition before measurement loop: none
2026-09-26 01:21:11 | INFO | Process-18[30828] | charge_discharge.cycle_executor | CH0 - Cycle 1 step 0 ending; reason: end_condition
2026-09-26 01:21:11 | INFO | Process-18[30828] | charge_discharge.cycle_executor | CH0 - Cycle 1 ending
2026-09-26 01:21:11 | INFO | Process-18[30828] | charge_discharge.cycle_executor | CH0 - Cycle 2 starting
2026-09-26 01:21:11 | INFO | Process-18[30828] | charge_discharge.cycle_executor | CH0 - Cycle settings: [{'cycle_type': 'step', 'cycle_display': 'Discharge', 'drive_style': 'current_a', 'drive_value': -10.0, 'drive_value_other': 0.0, 'end_style': 'time_s', 'end_condition': 'greater', 'end_value': 0.05, 'meas_log_int_s': 0.01, 'safety_min_voltage_v': 2.0, 'safety_max_voltage_v': 4.3, 'safety_min_current_a': -10.0, 'safety_max_current_a': 10.0, 'safety_max_time_s': 2.0}]
2026-09-26 01:21:11 | INFO | Process-18[30828] | charge_discharge.cycle_executor | CH0 - Cycle 2 step 0 starting
2026-09-26 01:21:11 | INFO | Process-18[30828] | charge_discharge.cycle_executor | CH0 - Step settings: {'cycle_type': 'step', 'cycle_display': 'Discharge', 'drive_style': 'current_a', 'drive_value': -10.0, 'drive_value_other': 0.0, 'end_style': 'time_s', 'end_condition': 'greater', 'end_value': 0.05, 'meas_log_int_s': 0.01, 'safety_min_voltage_v': 2.0, 'safety_max_voltage_v': 4.3, 'safety_min_current_a': -10.0, 'safety_max_current_a': 10.0, 'safety_max_time_s': 2.0}
2026-09-26 01:21:11 | INFO | Process-18[30828] | charge_discharge.runner | Voltage measurement equipment chosen
2026-09-26 01:21:11 | INFO | Process-18[30828] | charge_discharge.runner | Current measurement equipment chosen
2026-09-26 01:21:11 | INFO | Process-18[30828] | charge_discharge.runner | Current-driven step setup
2026-09-26 01:21:11 | INFO | Process-18[30828] | charge_discharge.runner | Start step successful
2026-09-26 01:21:11 | INFO | Process-18[30828] | charge_discharge.runner | End condition before measurement loop: none
2026-09-26 01:21:11 | INFO | Process-18[30828] | charge_discharge.cycle_executor | CH0 - Cycle 2 step 0 ending; reason: end_condition
2026-09-26 01:21:11 | INFO | Process-18[30828] | charge_discharge.cycle_executor | CH0 - Cycle 2 ending
2026-09-26 01:21:11 | INFO | Process-18[30828] | charge_discharge.cycle_executor | CH0 - All cycles completed
2026-09-26 01:21:14 | INFO | Process-21[16072] | equipment | Virtual device connected: Fake Test Eload
2026-09-26 01:21:14 | INFO | Process-20[38284] | equipment | Virtual device connected: Fake Test PSU
2026-09-26 01:21:14 | INFO | Process-22[40576] | equipment | Virtual device connected: Fake Test DMM
2026-09-26 01:21:14 | INFO | Process-24[38444] | equipment | Virtual device connected: Fake Test DMM
2026-09-26 01:21:15 | WARNING | Process-25[36520] | pint.util | Redefining 'ampere_hour' (<class 'pint.delegates.txt_defparser.plain.UnitDefinition'>)
2026-09-26 01:21:15 | WARNING | Process-25[36520] | pint.util | Redefining 'Ah' (<class 'pint.delegates.txt_defparser.plain.UnitDefinition'>)
2026-09-26 01:21:15 | WARNING | Process-25[36520] | pint.util | Redefining 'watt_hour' (<class 'pint.delegates.txt_defparser.plain.UnitDefinition'>)
2026-09-26 01:21:15 | WARNING | Process-25[36520] | pint.util | Redefining 'Wh' (<class 'pint.delegates.txt_defparser.plain.UnitDefinition'>)
2026-09-26 01:21:16 | INFO | Process-25[36520] | charge_discharge.cycle_executor | CH0 - Cycle 3 starting
2026-09-26 01:21:16 | INFO | Process-25[36520] | charge_discharge.cycle_executor | CH0 - Cycle settings: [{'cycle_type': 'step', 'cycle_display': 'Discharge', 'drive_style': 'current_a', 'drive_value': -10.0, 'drive_value_other': 0.0, 'end_style': 'time_s', 'end_condition': 'greater', 'end_value': 0.05, 'meas_log_int_s': 0.01, 'safety_min_voltage_v': 2.0, 'safety_max_voltage_v': 4.3, 'safety_min_current_a': -10.0, 'safety_max_current_a': 10.0, 'safety_max_time_s': 2.0}]
2026-09-26 01:21:16 | INFO | Process-25[36520] | charge_discharge.cycle_executor | CH0 - Cycle 3 step 0 starting
2026-09-26 01:21:16 | INFO | Process-25[36520] | charge_discharge.cycle_executor | CH0 - Step settings: {'cycle_type': 'step', 'cycle_display': 'Discharge', 'drive_style': 'current_a', 'drive_value': -10.0, 'drive_value_other': 0.0, 'end_style': 'time_s', 'end_condition': 'greater', 'end_value': 0.05, 'meas_log_int_s': 0.01, 'safety_min_voltage_v': 2.0, 'safety_max_voltage_v': 4.3, 'safety_min_current_a': -10.0, 'safety_max_current_a': 10.0, 'safety_max_time_s': 2.0}
2026-09-26 01:21:16 | INFO | Process-25[36520] | charge_discharge.runner | Voltage measurement equipment chosen
2026-09-26 01:21:16 | INFO | Process-25[36520] | charge_discharge.runner | Current measurement equipment chosen
2026-09-26 01:21:16 | INFO | Process-25[36520] | charge_discharge.runner | Current-driven step setup
2026-09-26 01:21:16 | INFO | Process-25[36520] | charge_discharge.runner | Start step successful
2026-09-26 01:21:16 | INFO | Process-25[36520] | charge_discharge.runner | End condition before measurement loop: none
2026-09-26 01:21:16 | INFO | Process-25[36520] | charge_discharge.cycle_executor | CH0 - Cycle 3 step 0 ending; reason: end_condition
2026-09-26 01:21:16 | INFO | Process-25[36520] | charge_discharge.cycle_executor | CH0 - Cycle 3 ending
2026-09-26 01:21:17 | INFO | Process-25[36520] | charge_discharge.cycle_executor | CH0 - All cycles completed
2026-09-26 01:21:19 | INFO | Process-28[16800] | equipment | Virtual device connected: Fake Test Eload
2026-09-26 01:21:19 | INFO | Process-31[37796] | equipment | Virtual device connected: Fake Test DMM
2026-09-26 01:21:19 | INFO | Process-30[1584] | equipment | Virtual device connected: Fake Test DMM
2026-09-26 01:21:20 | WARNING | Process-32[24532] | pint.util | Redefining 'ampere_hour' (<class 'pint.delegates.txt_defparser.plain.UnitDefinition'>)
2026-09-26 01:21:20 | WARNING | Process-32[24532] | pint.util | Redefining 'Ah' (<class 'pint.delegates.txt_defparser.plain.UnitDefinition'>)
2026-09-26 01:21:20 | WARNING | Process-32[24532] | pint.util | Redefining 'watt_hour' (<class 'pint.delegates.txt_defparser.plain.UnitDefinition'>)
2026-09-26 01:21:20 | WARNING | Process-32[24532] | pint.util | Redefining 'Wh' (<class 'pint.delegates.txt_defparser.plain.UnitDefinition'>)
2026-09-26 01:21:22 | INFO | Process-32[24532] | charge_discharge.cycle_executor | CH0 - Cycle 1 starting
2026-09-26 01:21:22 | INFO | Process-32[24532] | charge_discharge.cycle_executor | CH0 - Cycle settings: [{'cycle_type': 'step', 'cycle_display': 'Discharge', 'drive_style': 'current_a', 'drive_value': -1.0, 'drive_value_other': 0, 'end_style': 'voltage_v', 'end_condition': 'lesser', 'end_value': 4.19, 'meas_log_int_s': 1, 'safety_min_voltage_v': 2.45, 'safety_max_voltage_v': 4.25, 'safety_min_current_a': -10, 'safety_max_current_a': 10, 'safety_max_time_s': 2.0}]
2026-09-26 01:21:22 | INFO | Process-32[24532] | charge_discharge.cycle_executor | CH0 - Cycle 1 step 0 starting
2026-09-26 01:21:22 | INFO | Process-32[24532] | charge_discharge.cycle_executor | CH0 - Step settings: {'cycle_type': 'step', 'cycle_display': 'Discharge', 'drive_style': 'current_a', 'drive_value': -1.0, 'drive_value_other': 0, 'end_style': 'voltage_v', 'end_condition': 'lesser', 'end_value': 4.19, 'meas_log_int_s': 1, 'safety_min_voltage_v': 2.45, 'safety_max_voltage_v': 4.25, 'safety_min_current_a': -10, 'safety_max_current_a': 10, 'safety_max_time_s': 2.0}
2026-09-26 01:21:22 | INFO | Process-32[24532] | charge_discharge.runner | Voltage measurement equipment chosen
2026-09-26 01:21:22 | INFO | Process-32[24532] | charge_discharge.runner | Current measurement equipment chosen
2026-09-26 01:21:22 | INFO | Process-32[24532] | charge_discharge.runner | Current-driven step setup
2026-09-26 01:21:22 | INFO | Process-32[24532] | charge_discharge.runner | Start step successful
2026-09-26 01:21:22 | INFO | Process-32[24532] | charge_discharge.runner | End condition before measurement loop: end_condition
2026-09-26 01:21:22 | INFO | Process-32[24532] | charge_discharge.cycle_executor | CH0 - Cycle 1 step 0 ending; reason: end_condition
2026-09-26 01:21:22 | INFO | Process-32[24532] | charge_discharge.cycle_executor | CH0 - Cycle 1 ending
2026-09-26 01:21:22 | INFO | Process-32[24532] | charge_discharge.cycle_executor | CH0 - All cycles completed
2026-09-26 01:28:50 | INFO | Process-8[31616] | equipment | Virtual device connected: Fake Test DMM
2026-09-26 01:28:50 | INFO | Process-5[9992] | equipment | Virtual device connected: Fake Test PSU
2026-09-26 01:28:50 | INFO | Process-9[1584] | equipment | Virtual device connected: Fake Test DMM
2026-09-26 01:28:50 | INFO | Process-7[27152] | equipment | Virtual device connected: Fake Test DMM
2026-09-26 01:28:50 | INFO | Process-6[44320] | equipment | Virtual device connected: Fake Test Eload
2026-09-26 01:28:52 | WARNING | Process-10[29372] | pint.util | Redefining 'ampere_hour' (<class 'pint.delegates.txt_defparser.plain.UnitDefinition'>)
2026-09-26 01:28:52 | WARNING | Process-10[29372] | pint.util | Redefining 'Ah' (<class 'pint.delegates.txt_defparser.plain.UnitDefinition'>)
2026-09-26 01:28:52 | WARNING | Process-10[29372] | pint.util | Redefining 'watt_hour' (<class 'pint.delegates.txt_defparser.plain.UnitDefinition'>)
2026-09-26 01:28:52 | WARNING | Process-10[29372] | pint.util | Redefining 'Wh' (<class 'pint.delegates.txt_defparser.plain.UnitDefinition'>)
2026-09-26 01:28:53 | INFO | Process-10[29372] | charge_discharge.cycle_executor | CH0 - Cycle 1 starting
2026-09-26 01:28:53 | INFO | Process-10[29372] | charge_discharge.cycle_executor | CH0 - Cycle settings: [{'cycle_type': 'step', 'cycle_display': 'Discharge', 'drive_style': 'current_a', 'drive_value': -1.0, 'drive_value_other': 0, 'end_style': 'voltage_v', 'end_condition': 'lesser', 'end_value': 4.19, 'meas_log_int_s': 1, 'safety_min_voltage_v': 2.45, 'safety_max_voltage_v': 4.25, 'safety_min_current_a': -10, 'safety_max_current_a': 10, 'safety_max_time_s': 2.0}]
2026-09-26 01:28:53 | INFO | Process-10[29372] | charge_discharge.cycle_executor | CH0 - Cycle 1 step 0 starting
2026-09-26 01:28:53 | INFO | Process-10[29372] | charge_discharge.cycle_executor | CH0 - Step settings: {'cycle_type': 'step', 'cycle_display': 'Discharge', 'drive_style': 'current_a', 'drive_value': -1.0, 'drive_value_other': 0, 'end_style': 'voltage_v', 'end_condition': 'lesser', 'end_value': 4.19, 'meas_log_int_s': 1, 'safety_min_voltage_v': 2.45, 'safety_max_voltage_v': 4.25, 'safety_min_current_a': -10, 'safety_max_current_a': 10, 'safety_max_time_s': 2.0}
2026-09-26 01:28:53 | INFO | Process-10[29372] | charge_discharge.runner | Voltage measurement equipment chosen
2026-09-26 01:28:53 | INFO | Process-10[29372] | charge_discharge.runner | Current measurement equipment chosen
2026-09-26 01:28:53 | INFO | Process-10[29372] | charge_discharge.runner | Current-driven step setup
2026-09-26 01:28:53 | INFO | Process-10[29372] | charge_discharge.runner | Start step successful
2026-09-26 01:28:53 | INFO | Process-10[29372] | charge_discharge.runner | End condition before measurement loop: end_condition
2026-09-26 01:28:53 | INFO | Process-10[29372] | charge_discharge.cycle_executor | CH0 - Cycle 1 step 0 ending; reason: end_condition
2026-09-26 01:28:53 | INFO | Process-10[29372] | charge_discharge.cycle_executor | CH0 - Cycle 1 ending
2026-09-26 01:28:53 | INFO | Process-10[29372] | charge_discharge.cycle_executor | CH0 - All cycles completed
2026-09-26 01:29:11 | INFO | Process-6[32532] | equipment | Virtual device connected: Fake Test PSU
2026-09-26 01:29:11 | INFO | Process-9[36040] | equipment | Virtual device connected: Fake Test DMM

2026-09-26 01:29:11 | INFO | Process-10[34676] | equipment | Virtual device connected: Fake Test DMM
2026-09-26 01:29:11 | ERROR | Process-9[36040] | equipment | Virtual device operation failed: measure_current
Traceback (most recent call last):
  File "D:\Documents\GitHub\Test_Equipment_Control\equipment.py", line 218, in virtual_device_management_process
    return_data = _dispatch_virtual_device_method(device, operation, args)
  File "D:\Documents\GitHub\Test_Equipment_Control\equipment.py", line 142, in _dispatch_virtual_device_method
    return method(*args)
  File "D:\Documents\GitHub\Test_Equipment_Control\lab_equipment\DMM_Fake.py", line 15, in measure_current
    return require_simulation_link(self.battery_link, "Fake DMM").measure_current()
           ~~~~~~~~~~~~~~~~~~~~~~~^^^^^^^^^^^^^^^^^^^^^^^^^^^^^^^
  File "D:\Documents\GitHub\Test_Equipment_Control\battery_app\simulation.py", line 25, in require_simulation_link
    raise FakeInstrumentNotAttachedError(
        f"{instrument_name} requires an attached SIMULATED_LG_MJ1 battery link"
    )
battery_app.simulation.FakeInstrumentNotAttachedError: Fake DMM requires an attached SIMULATED_LG_MJ1 battery link
2026-09-26 01:29:13 | INFO | Process-13[33460] | equipment | Virtual device connected: Fake Test PSU
2026-09-26 01:29:13 | INFO | Process-14[19992] | equipment | Virtual device connected: Fake Test Eload
2026-09-26 01:29:13 | INFO | Process-15[8896] | equipment | Virtual device connected: Fake Test DMM
2026-09-26 01:29:13 | INFO | Process-16[37836] | equipment | Virtual device connected: Fake Test DMM
2026-09-26 01:29:13 | INFO | Process-17[39124] | equipment | Virtual device connected: Fake Test DMM
2026-09-26 01:29:14 | INFO | Process-10[42020] | equipment | Virtual device connected: Fake Test DMM
2026-09-26 01:29:14 | WARNING | Process-18[45092] | pint.util | Redefining 'ampere_hour' (<class 'pint.delegates.txt_defparser.plain.UnitDefinition'>)
2026-09-26 01:29:14 | WARNING | Process-18[45092] | pint.util | Redefining 'Ah' (<class 'pint.delegates.txt_defparser.plain.UnitDefinition'>)
2026-09-26 01:29:14 | WARNING | Process-18[45092] | pint.util | Redefining 'watt_hour' (<class 'pint.delegates.txt_defparser.plain.UnitDefinition'>)
2026-09-26 01:29:14 | WARNING | Process-18[45092] | pint.util | Redefining 'Wh' (<class 'pint.delegates.txt_defparser.plain.UnitDefinition'>)
2026-09-26 01:29:14 | INFO | Process-8[21588] | equipment | Virtual device connected: Fake Test DMM
2026-09-26 01:29:14 | INFO | Process-6[10208] | equipment | Virtual device connected: Fake Test PSU
2026-09-26 01:29:14 | INFO | Process-9[26376] | equipment | Virtual device connected: Fake Test DMM
2026-09-26 01:29:14 | INFO | Process-7[43484] | equipment | Virtual device connected: Fake Test Eload
2026-09-26 01:29:14 | ERROR | Process-9[26376] | equipment | Virtual device operation failed: measure_current
Traceback (most recent call last):
  File "D:\Documents\GitHub\Test_Equipment_Control\equipment.py", line 218, in virtual_device_management_process
    return_data = _dispatch_virtual_device_method(device, operation, args)
  File "D:\Documents\GitHub\Test_Equipment_Control\equipment.py", line 142, in _dispatch_virtual_device_method
    return method(*args)
  File "D:\Documents\GitHub\Test_Equipment_Control\lab_equipment\DMM_Fake.py", line 15, in measure_current
    return require_simulation_link(self.battery_link, "Fake DMM").measure_current()
           ~~~~~~~~~~~~~~~~~~~~~~~^^^^^^^^^^^^^^^^^^^^^^^^^^^^^^^
  File "D:\Documents\GitHub\Test_Equipment_Control\battery_app\simulation.py", line 25, in require_simulation_link
    raise FakeInstrumentNotAttachedError(
        f"{instrument_name} requires an attached SIMULATED_LG_MJ1 battery link"
    )
battery_app.simulation.FakeInstrumentNotAttachedError: Fake DMM requires an attached SIMULATED_LG_MJ1 battery link
2026-09-26 01:29:16 | INFO | Process-18[45092] | charge_discharge.cycle_executor | CH0 - Cycle 1 starting
2026-09-26 01:29:16 | INFO | Process-18[45092] | charge_discharge.cycle_executor | CH0 - Cycle settings: [{'cycle_type': 'step', 'cycle_display': 'Discharge', 'drive_style': 'current_a', 'drive_value': -10.0, 'drive_value_other': 0.0, 'end_style': 'time_s', 'end_condition': 'greater', 'end_value': 0.05, 'meas_log_int_s': 0.01, 'safety_min_voltage_v': 2.0, 'safety_max_voltage_v': 4.3, 'safety_min_current_a': -10.0, 'safety_max_current_a': 10.0, 'safety_max_time_s': 2.0}]
2026-09-26 01:29:16 | INFO | Process-18[45092] | charge_discharge.cycle_executor | CH0 - Cycle 1 step 0 starting
2026-09-26 01:29:16 | INFO | Process-18[45092] | charge_discharge.cycle_executor | CH0 - Step settings: {'cycle_type': 'step', 'cycle_display': 'Discharge', 'drive_style': 'current_a', 'drive_value': -10.0, 'drive_value_other': 0.0, 'end_style': 'time_s', 'end_condition': 'greater', 'end_value': 0.05, 'meas_log_int_s': 0.01, 'safety_min_voltage_v': 2.0, 'safety_max_voltage_v': 4.3, 'safety_min_current_a': -10.0, 'safety_max_current_a': 10.0, 'safety_max_time_s': 2.0}
2026-09-26 01:29:16 | INFO | Process-18[45092] | charge_discharge.runner | Voltage measurement equipment chosen
2026-09-26 01:29:16 | INFO | Process-18[45092] | charge_discharge.runner | Current measurement equipment chosen
2026-09-26 01:29:16 | INFO | Process-18[45092] | charge_discharge.runner | Current-driven step setup
2026-09-26 01:29:16 | INFO | Process-18[45092] | charge_discharge.runner | Start step successful
2026-09-26 01:29:16 | INFO | Process-18[45092] | charge_discharge.runner | End condition before measurement loop: none
2026-09-26 01:29:16 | INFO | Process-18[45092] | charge_discharge.cycle_executor | CH0 - Cycle 1 step 0 ending; reason: end_condition
2026-09-26 01:29:16 | INFO | Process-18[45092] | charge_discharge.cycle_executor | CH0 - Cycle 1 ending
2026-09-26 01:29:16 | INFO | Process-18[45092] | charge_discharge.cycle_executor | CH0 - Cycle 2 starting
2026-09-26 01:29:16 | INFO | Process-18[45092] | charge_discharge.cycle_executor | CH0 - Cycle settings: [{'cycle_type': 'step', 'cycle_display': 'Discharge', 'drive_style': 'current_a', 'drive_value': -10.0, 'drive_value_other': 0.0, 'end_style': 'time_s', 'end_condition': 'greater', 'end_value': 0.05, 'meas_log_int_s': 0.01, 'safety_min_voltage_v': 2.0, 'safety_max_voltage_v': 4.3, 'safety_min_current_a': -10.0, 'safety_max_current_a': 10.0, 'safety_max_time_s': 2.0}]
2026-09-26 01:29:16 | INFO | Process-18[45092] | charge_discharge.cycle_executor | CH0 - Cycle 2 step 0 starting
2026-09-26 01:29:16 | INFO | Process-18[45092] | charge_discharge.cycle_executor | CH0 - Step settings: {'cycle_type': 'step', 'cycle_display': 'Discharge', 'drive_style': 'current_a', 'drive_value': -10.0, 'drive_value_other': 0.0, 'end_style': 'time_s', 'end_condition': 'greater', 'end_value': 0.05, 'meas_log_int_s': 0.01, 'safety_min_voltage_v': 2.0, 'safety_max_voltage_v': 4.3, 'safety_min_current_a': -10.0, 'safety_max_current_a': 10.0, 'safety_max_time_s': 2.0}
2026-09-26 01:29:16 | INFO | Process-18[45092] | charge_discharge.runner | Voltage measurement equipment chosen
2026-09-26 01:29:16 | INFO | Process-18[45092] | charge_discharge.runner | Current measurement equipment chosen
2026-09-26 01:29:16 | INFO | Process-18[45092] | charge_discharge.runner | Current-driven step setup
2026-09-26 01:29:16 | INFO | Process-18[45092] | charge_discharge.runner | Start step successful
2026-09-26 01:29:16 | INFO | Process-18[45092] | charge_discharge.runner | End condition before measurement loop: none
2026-09-26 01:29:16 | INFO | Process-18[45092] | charge_discharge.cycle_executor | CH0 - Cycle 2 step 0 ending; reason: end_condition
2026-09-26 01:29:16 | INFO | Process-18[45092] | charge_discharge.cycle_executor | CH0 - Cycle 2 ending
2026-09-26 01:29:16 | INFO | Process-18[45092] | charge_discharge.cycle_executor | CH0 - All cycles completed
2026-09-26 01:29:16 | INFO | Process-13[40192] | equipment | Virtual device connected: Fake Test PSU
2026-09-26 01:29:16 | INFO | Process-14[13988] | equipment | Virtual device connected: Fake Test Eload
2026-09-26 01:29:17 | WARNING | Process-18[28960] | pint.util | Redefining 'ampere_hour' (<class 'pint.delegates.txt_defparser.plain.UnitDefinition'>)
2026-09-26 01:29:17 | WARNING | Process-18[28960] | pint.util | Redefining 'Ah' (<class 'pint.delegates.txt_defparser.plain.UnitDefinition'>)
2026-09-26 01:29:17 | WARNING | Process-18[28960] | pint.util | Redefining 'watt_hour' (<class 'pint.delegates.txt_defparser.plain.UnitDefinition'>)
2026-09-26 01:29:17 | WARNING | Process-18[28960] | pint.util | Redefining 'Wh' (<class 'pint.delegates.txt_defparser.plain.UnitDefinition'>)
2026-09-26 01:29:19 | INFO | Process-20[27400] | equipment | Virtual device connected: Fake Test PSU
2026-09-26 01:29:19 | INFO | Process-21[8512] | equipment | Virtual device connected: Fake Test Eload
2026-09-26 01:29:19 | INFO | Process-24[45212] | equipment | Virtual device connected: Fake Test DMM
2026-09-26 01:29:19 | INFO | Process-18[28960] | charge_discharge.cycle_executor | CH0 - Cycle 1 starting
2026-09-26 01:29:19 | INFO | Process-18[28960] | charge_discharge.cycle_executor | CH0 - Cycle settings: [{'cycle_type': 'step', 'cycle_display': 'Discharge', 'drive_style': 'current_a', 'drive_value': -10.0, 'drive_value_other': 0.0, 'end_style': 'time_s', 'end_condition': 'greater', 'end_value': 0.05, 'meas_log_int_s': 0.01, 'safety_min_voltage_v': 2.0, 'safety_max_voltage_v': 4.3, 'safety_min_current_a': -10.0, 'safety_max_current_a': 10.0, 'safety_max_time_s': 2.0}]
2026-09-26 01:29:19 | INFO | Process-18[28960] | charge_discharge.cycle_executor | CH0 - Cycle 1 step 0 starting
2026-09-26 01:29:19 | INFO | Process-18[28960] | charge_discharge.cycle_executor | CH0 - Step settings: {'cycle_type': 'step', 'cycle_display': 'Discharge', 'drive_style': 'current_a', 'drive_value': -10.0, 'drive_value_other': 0.0, 'end_style': 'time_s', 'end_condition': 'greater', 'end_value': 0.05, 'meas_log_int_s': 0.01, 'safety_min_voltage_v': 2.0, 'safety_max_voltage_v': 4.3, 'safety_min_current_a': -10.0, 'safety_max_current_a': 10.0, 'safety_max_time_s': 2.0}
2026-09-26 01:29:19 | INFO | Process-18[28960] | charge_discharge.runner | Voltage measurement equipment chosen
2026-09-26 01:29:19 | INFO | Process-18[28960] | charge_discharge.runner | Current measurement equipment chosen
2026-09-26 01:29:19 | INFO | Process-18[28960] | charge_discharge.runner | Current-driven step setup
2026-09-26 01:29:19 | INFO | Process-18[28960] | charge_discharge.runner | Start step successful
2026-09-26 01:29:19 | INFO | Process-18[28960] | charge_discharge.runner | End condition before measurement loop: none
2026-09-26 01:29:19 | INFO | Process-18[28960] | charge_discharge.cycle_executor | CH0 - Cycle 1 step 0 ending; reason: end_condition
2026-09-26 01:29:19 | INFO | Process-18[28960] | charge_discharge.cycle_executor | CH0 - Cycle 1 ending
2026-09-26 01:29:19 | INFO | Process-18[28960] | charge_discharge.cycle_executor | CH0 - Cycle 2 starting
2026-09-26 01:29:19 | INFO | Process-18[28960] | charge_discharge.cycle_executor | CH0 - Cycle settings: [{'cycle_type': 'step', 'cycle_display': 'Discharge', 'drive_style': 'current_a', 'drive_value': -10.0, 'drive_value_other': 0.0, 'end_style': 'time_s', 'end_condition': 'greater', 'end_value': 0.05, 'meas_log_int_s': 0.01, 'safety_min_voltage_v': 2.0, 'safety_max_voltage_v': 4.3, 'safety_min_current_a': -10.0, 'safety_max_current_a': 10.0, 'safety_max_time_s': 2.0}]
2026-09-26 01:29:19 | INFO | Process-18[28960] | charge_discharge.cycle_executor | CH0 - Cycle 2 step 0 starting
2026-09-26 01:29:19 | INFO | Process-18[28960] | charge_discharge.cycle_executor | CH0 - Step settings: {'cycle_type': 'step', 'cycle_display': 'Discharge', 'drive_style': 'current_a', 'drive_value': -10.0, 'drive_value_other': 0.0, 'end_style': 'time_s', 'end_condition': 'greater', 'end_value': 0.05, 'meas_log_int_s': 0.01, 'safety_min_voltage_v': 2.0, 'safety_max_voltage_v': 4.3, 'safety_min_current_a': -10.0, 'safety_max_current_a': 10.0, 'safety_max_time_s': 2.0}
2026-09-26 01:29:19 | INFO | Process-18[28960] | charge_discharge.runner | Voltage measurement equipment chosen
2026-09-26 01:29:19 | INFO | Process-18[28960] | charge_discharge.runner | Current measurement equipment chosen
2026-09-26 01:29:19 | INFO | Process-18[28960] | charge_discharge.runner | Current-driven step setup
2026-09-26 01:29:19 | INFO | Process-18[28960] | charge_discharge.runner | Start step successful
2026-09-26 01:29:19 | INFO | Process-18[28960] | charge_discharge.runner | End condition before measurement loop: none
2026-09-26 01:29:19 | INFO | Process-18[28960] | charge_discharge.cycle_executor | CH0 - Cycle 2 step 0 ending; reason: end_condition
2026-09-26 01:29:19 | INFO | Process-18[28960] | charge_discharge.cycle_executor | CH0 - Cycle 2 ending
2026-09-26 01:29:20 | INFO | Process-18[28960] | charge_discharge.cycle_executor | CH0 - All cycles completed
2026-09-26 01:29:20 | WARNING | Process-25[34156] | pint.util | Redefining 'ampere_hour' (<class 'pint.delegates.txt_defparser.plain.UnitDefinition'>)
2026-09-26 01:29:20 | WARNING | Process-25[34156] | pint.util | Redefining 'Ah' (<class 'pint.delegates.txt_defparser.plain.UnitDefinition'>)
2026-09-26 01:29:20 | WARNING | Process-25[34156] | pint.util | Redefining 'watt_hour' (<class 'pint.delegates.txt_defparser.plain.UnitDefinition'>)
2026-09-26 01:29:20 | WARNING | Process-25[34156] | pint.util | Redefining 'Wh' (<class 'pint.delegates.txt_defparser.plain.UnitDefinition'>)
2026-09-26 01:29:21 | INFO | Process-25[34156] | charge_discharge.cycle_executor | CH0 - Cycle 3 starting
2026-09-26 01:29:21 | INFO | Process-25[34156] | charge_discharge.cycle_executor | CH0 - Cycle settings: [{'cycle_type': 'step', 'cycle_display': 'Discharge', 'drive_style': 'current_a', 'drive_value': -10.0, 'drive_value_other': 0.0, 'end_style': 'time_s', 'end_condition': 'greater', 'end_value': 0.05, 'meas_log_int_s': 0.01, 'safety_min_voltage_v': 2.0, 'safety_max_voltage_v': 4.3, 'safety_min_current_a': -10.0, 'safety_max_current_a': 10.0, 'safety_max_time_s': 2.0}]
2026-09-26 01:29:21 | INFO | Process-25[34156] | charge_discharge.cycle_executor | CH0 - Cycle 3 step 0 starting
2026-09-26 01:29:21 | INFO | Process-25[34156] | charge_discharge.cycle_executor | CH0 - Step settings: {'cycle_type': 'step', 'cycle_display': 'Discharge', 'drive_style': 'current_a', 'drive_value': -10.0, 'drive_value_other': 0.0, 'end_style': 'time_s', 'end_condition': 'greater', 'end_value': 0.05, 'meas_log_int_s': 0.01, 'safety_min_voltage_v': 2.0, 'safety_max_voltage_v': 4.3, 'safety_min_current_a': -10.0, 'safety_max_current_a': 10.0, 'safety_max_time_s': 2.0}
2026-09-26 01:29:21 | INFO | Process-25[34156] | charge_discharge.runner | Voltage measurement equipment chosen
2026-09-26 01:29:21 | INFO | Process-25[34156] | charge_discharge.runner | Current measurement equipment chosen
2026-09-26 01:29:21 | INFO | Process-25[34156] | charge_discharge.runner | Current-driven step setup
2026-09-26 01:29:22 | INFO | Process-25[34156] | charge_discharge.runner | Start step successful
2026-09-26 01:29:22 | INFO | Process-25[34156] | charge_discharge.runner | End condition before measurement loop: none
2026-09-26 01:29:22 | INFO | Process-25[34156] | charge_discharge.cycle_executor | CH0 - Cycle 3 step 0 ending; reason: end_condition
2026-09-26 01:29:22 | INFO | Process-25[34156] | charge_discharge.cycle_executor | CH0 - Cycle 3 ending
2026-09-26 01:29:22 | INFO | Process-25[34156] | charge_discharge.cycle_executor | CH0 - All cycles completed
2026-09-26 01:29:22 | INFO | Process-20[43356] | equipment | Virtual device connected: Fake Test PSU
2026-09-26 01:29:22 | INFO | Process-23[20096] | equipment | Virtual device connected: Fake Test DMM
2026-09-26 01:29:22 | INFO | Process-22[44440] | equipment | Virtual device connected: Fake Test DMM
2026-09-26 01:29:22 | INFO | Process-21[31668] | equipment | Virtual device connected: Fake Test Eload
2026-09-26 01:29:22 | INFO | Process-24[18380] | equipment | Virtual device connected: Fake Test DMM
2026-09-26 01:29:23 | WARNING | Process-25[17336] | pint.util | Redefining 'ampere_hour' (<class 'pint.delegates.txt_defparser.plain.UnitDefinition'>)
2026-09-26 01:29:23 | WARNING | Process-25[17336] | pint.util | Redefining 'Ah' (<class 'pint.delegates.txt_defparser.plain.UnitDefinition'>)
2026-09-26 01:29:23 | WARNING | Process-25[17336] | pint.util | Redefining 'watt_hour' (<class 'pint.delegates.txt_defparser.plain.UnitDefinition'>)
2026-09-26 01:29:23 | WARNING | Process-25[17336] | pint.util | Redefining 'Wh' (<class 'pint.delegates.txt_defparser.plain.UnitDefinition'>)
2026-09-26 01:29:25 | INFO | Process-30[23852] | equipment | Virtual device connected: Fake Test DMM
2026-09-26 01:29:25 | INFO | Process-27[32532] | equipment | Virtual device connected: Fake Test PSU
2026-09-26 01:29:25 | INFO | Process-31[26984] | equipment | Virtual device connected: Fake Test DMM
2026-09-26 01:29:25 | INFO | Process-29[39236] | equipment | Virtual device connected: Fake Test DMM
2026-09-26 01:29:25 | INFO | Process-28[7808] | equipment | Virtual device connected: Fake Test Eload
2026-09-26 01:29:25 | INFO | Process-25[17336] | charge_discharge.cycle_executor | CH0 - Cycle 3 starting
2026-09-26 01:29:25 | INFO | Process-25[17336] | charge_discharge.cycle_executor | CH0 - Cycle settings: [{'cycle_type': 'step', 'cycle_display': 'Discharge', 'drive_style': 'current_a', 'drive_value': -10.0, 'drive_value_other': 0.0, 'end_style': 'time_s', 'end_condition': 'greater', 'end_value': 0.05, 'meas_log_int_s': 0.01, 'safety_min_voltage_v': 2.0, 'safety_max_voltage_v': 4.3, 'safety_min_current_a': -10.0, 'safety_max_current_a': 10.0, 'safety_max_time_s': 2.0}]
2026-09-26 01:29:25 | INFO | Process-25[17336] | charge_discharge.cycle_executor | CH0 - Cycle 3 step 0 starting
2026-09-26 01:29:25 | INFO | Process-25[17336] | charge_discharge.cycle_executor | CH0 - Step settings: {'cycle_type': 'step', 'cycle_display': 'Discharge', 'drive_style': 'current_a', 'drive_value': -10.0, 'drive_value_other': 0.0, 'end_style': 'time_s', 'end_condition': 'greater', 'end_value': 0.05, 'meas_log_int_s': 0.01, 'safety_min_voltage_v': 2.0, 'safety_max_voltage_v': 4.3, 'safety_min_current_a': -10.0, 'safety_max_current_a': 10.0, 'safety_max_time_s': 2.0}
2026-09-26 01:29:25 | INFO | Process-25[17336] | charge_discharge.runner | Voltage measurement equipment chosen
2026-09-26 01:29:25 | INFO | Process-25[17336] | charge_discharge.runner | Current measurement equipment chosen
2026-09-26 01:29:25 | INFO | Process-25[17336] | charge_discharge.runner | Current-driven step setup
2026-09-26 01:29:25 | INFO | Process-25[17336] | charge_discharge.runner | Start step successful
2026-09-26 01:29:25 | INFO | Process-25[17336] | charge_discharge.runner | End condition before measurement loop: none
2026-09-26 01:29:25 | INFO | Process-25[17336] | charge_discharge.cycle_executor | CH0 - Cycle 3 step 0 ending; reason: end_condition
2026-09-26 01:29:25 | INFO | Process-25[17336] | charge_discharge.cycle_executor | CH0 - Cycle 3 ending
2026-09-26 01:29:25 | INFO | Process-25[17336] | charge_discharge.cycle_executor | CH0 - All cycles completed
2026-09-26 01:29:26 | WARNING | Process-32[24268] | pint.util | Redefining 'ampere_hour' (<class 'pint.delegates.txt_defparser.plain.UnitDefinition'>)
2026-09-26 01:29:26 | WARNING | Process-32[24268] | pint.util | Redefining 'Ah' (<class 'pint.delegates.txt_defparser.plain.UnitDefinition'>)
2026-09-26 01:29:26 | WARNING | Process-32[24268] | pint.util | Redefining 'watt_hour' (<class 'pint.delegates.txt_defparser.plain.UnitDefinition'>)
2026-09-26 01:29:26 | WARNING | Process-32[24268] | pint.util | Redefining 'Wh' (<class 'pint.delegates.txt_defparser.plain.UnitDefinition'>)
2026-09-26 01:29:27 | INFO | Process-32[24268] | charge_discharge.cycle_executor | CH0 - Cycle 1 starting
2026-09-26 01:29:27 | INFO | Process-32[24268] | charge_discharge.cycle_executor | CH0 - Cycle settings: [{'cycle_type': 'step', 'cycle_display': 'Discharge', 'drive_style': 'current_a', 'drive_value': -1.0, 'drive_value_other': 0, 'end_style': 'voltage_v', 'end_condition': 'lesser', 'end_value': 4.19, 'meas_log_int_s': 1, 'safety_min_voltage_v': 2.45, 'safety_max_voltage_v': 4.25, 'safety_min_current_a': -10, 'safety_max_current_a': 10, 'safety_max_time_s': 2.0}]
2026-09-26 01:29:27 | INFO | Process-32[24268] | charge_discharge.cycle_executor | CH0 - Cycle 1 step 0 starting
2026-09-26 01:29:27 | INFO | Process-32[24268] | charge_discharge.cycle_executor | CH0 - Step settings: {'cycle_type': 'step', 'cycle_display': 'Discharge', 'drive_style': 'current_a', 'drive_value': -1.0, 'drive_value_other': 0, 'end_style': 'voltage_v', 'end_condition': 'lesser', 'end_value': 4.19, 'meas_log_int_s': 1, 'safety_min_voltage_v': 2.45, 'safety_max_voltage_v': 4.25, 'safety_min_current_a': -10, 'safety_max_current_a': 10, 'safety_max_time_s': 2.0}
2026-09-26 01:29:27 | INFO | Process-32[24268] | charge_discharge.runner | Voltage measurement equipment chosen
2026-09-26 01:29:27 | INFO | Process-32[24268] | charge_discharge.runner | Current measurement equipment chosen
2026-09-26 01:29:27 | INFO | Process-32[24268] | charge_discharge.runner | Current-driven step setup
2026-09-26 01:29:28 | INFO | Process-32[24268] | charge_discharge.runner | Start step successful
2026-09-26 01:29:28 | INFO | Process-32[24268] | charge_discharge.runner | End condition before measurement loop: end_condition
2026-09-26 01:29:28 | INFO | Process-32[24268] | charge_discharge.cycle_executor | CH0 - Cycle 1 step 0 ending; reason: end_condition
2026-09-26 01:29:28 | INFO | Process-32[24268] | charge_discharge.cycle_executor | CH0 - Cycle 1 ending
2026-09-26 01:29:28 | INFO | Process-32[24268] | charge_discharge.cycle_executor | CH0 - All cycles completed
2026-09-26 01:29:28 | INFO | Process-29[17188] | equipment | Virtual device connected: Fake Test DMM
2026-09-26 01:29:28 | INFO | Process-30[4468] | equipment | Virtual device connected: Fake Test DMM
d
2026-09-26 01:29:28 | INFO | Process-31[31360] | equipment | Virtual device connected: Fake Test DMM
2026-09-26 01:29:29 | WARNING | Process-32[45668] | pint.util | Redefining 'ampere_hour' (<class 'pint.delegates.txt_defparser.plain.UnitDefinition'>)
2026-09-26 01:29:29 | WARNING | Process-32[45668] | pint.util | Redefining 'Ah' (<class 'pint.delegates.txt_defparser.plain.UnitDefinition'>)
2026-09-26 01:29:29 | WARNING | Process-32[45668] | pint.util | Redefining 'watt_hour' (<class 'pint.delegates.txt_defparser.plain.UnitDefinition'>)
2026-09-26 01:29:29 | WARNING | Process-32[45668] | pint.util | Redefining 'Wh' (<class 'pint.delegates.txt_defparser.plain.UnitDefinition'>)
2026-09-26 01:29:31 | INFO | Process-32[45668] | charge_discharge.cycle_executor | CH0 - Cycle 1 starting
2026-09-26 01:29:31 | INFO | Process-32[45668] | charge_discharge.cycle_executor | CH0 - Cycle settings: [{'cycle_type': 'step', 'cycle_display': 'Discharge', 'drive_style': 'current_a', 'drive_value': -1.0, 'drive_value_other': 0, 'end_style': 'voltage_v', 'end_condition': 'lesser', 'end_value': 4.19, 'meas_log_int_s': 1, 'safety_min_voltage_v': 2.45, 'safety_max_voltage_v': 4.25, 'safety_min_current_a': -10, 'safety_max_current_a': 10, 'safety_max_time_s': 2.0}]
2026-09-26 01:29:31 | INFO | Process-32[45668] | charge_discharge.cycle_executor | CH0 - Cycle 1 step 0 starting
2026-09-26 01:29:31 | INFO | Process-32[45668] | charge_discharge.cycle_executor | CH0 - Step settings: {'cycle_type': 'step', 'cycle_display': 'Discharge', 'drive_style': 'current_a', 'drive_value': -1.0, 'drive_value_other': 0, 'end_style': 'voltage_v', 'end_condition': 'lesser', 'end_value': 4.19, 'meas_log_int_s': 1, 'safety_min_voltage_v': 2.45, 'safety_max_voltage_v': 4.25, 'safety_min_current_a': -10, 'safety_max_current_a': 10, 'safety_max_time_s': 2.0}
2026-09-26 01:29:31 | INFO | Process-32[45668] | charge_discharge.runner | Voltage measurement equipment chosen
2026-09-26 01:29:31 | INFO | Process-32[45668] | charge_discharge.runner | Current measurement equipment chosen
2026-09-26 01:29:31 | INFO | Process-32[45668] | charge_discharge.runner | Current-driven step setup
2026-09-26 01:29:31 | INFO | Process-32[45668] | charge_discharge.runner | Start step successful
2026-09-26 01:29:31 | INFO | Process-32[45668] | charge_discharge.runner | End condition before measurement loop: end_condition
2026-09-26 01:29:31 | INFO | Process-32[45668] | charge_discharge.cycle_executor | CH0 - Cycle 1 step 0 ending; reason: end_condition
2026-09-26 01:29:31 | INFO | Process-32[45668] | charge_discharge.cycle_executor | CH0 - Cycle 1 ending
2026-09-26 01:29:31 | INFO | Process-32[45668] | charge_discharge.cycle_executor | CH0 - All cycles completed
2026-09-26 01:30:04 | INFO | Process-8[31620] | equipment | Virtual device connected: Fake Test DMM
2026-09-26 01:30:04 | INFO | Process-9[27272] | equipment | Virtual device connected: Fake Test DMM
2026-09-26 01:30:04 | INFO | Process-6[18184] | equipment | Virtual device connected: Fake Test Eload
2026-09-26 01:30:04 | INFO | Process-7[46452] | equipment | Virtual device connected: Fake Test DMM
2026-09-26 01:30:04 | INFO | Process-5[43512] | equipment | Virtual device connected: Fake Test PSU
2026-09-26 01:30:05 | WARNING | Process-10[25908] | pint.util | Redefining 'ampere_hour' (<class 'pint.delegates.txt_defparser.plain.UnitDefinition'>)
2026-09-26 01:30:05 | WARNING | Process-10[25908] | pint.util | Redefining 'Ah' (<class 'pint.delegates.txt_defparser.plain.UnitDefinition'>)
2026-09-26 01:30:05 | WARNING | Process-10[25908] | pint.util | Redefining 'watt_hour' (<class 'pint.delegates.txt_defparser.plain.UnitDefinition'>)
2026-09-26 01:30:05 | WARNING | Process-10[25908] | pint.util | Redefining 'Wh' (<class 'pint.delegates.txt_defparser.plain.UnitDefinition'>)
2026-09-26 01:30:07 | INFO | Process-10[25908] | charge_discharge.cycle_executor | CH0 - Cycle 1 starting
2026-09-26 01:30:07 | INFO | Process-10[25908] | charge_discharge.cycle_executor | CH0 - Cycle settings: [{'cycle_type': 'step', 'cycle_display': 'Discharge', 'drive_style': 'current_a', 'drive_value': -1.0, 'drive_value_other': 0, 'end_style': 'voltage_v', 'end_condition': 'lesser', 'end_value': 4.19, 'meas_log_int_s': 1, 'safety_min_voltage_v': 2.45, 'safety_max_voltage_v': 4.25, 'safety_min_current_a': -10, 'safety_max_current_a': 10, 'safety_max_time_s': 2.0}]
2026-09-26 01:30:07 | INFO | Process-10[25908] | charge_discharge.cycle_executor | CH0 - Cycle 1 step 0 starting
2026-09-26 01:30:07 | INFO | Process-10[25908] | charge_discharge.cycle_executor | CH0 - Step settings: {'cycle_type': 'step', 'cycle_display': 'Discharge', 'drive_style': 'current_a', 'drive_value': -1.0, 'drive_value_other': 0, 'end_style': 'voltage_v', 'end_condition': 'lesser', 'end_value': 4.19, 'meas_log_int_s': 1, 'safety_min_voltage_v': 2.45, 'safety_max_voltage_v': 4.25, 'safety_min_current_a': -10, 'safety_max_current_a': 10, 'safety_max_time_s': 2.0}
2026-09-26 01:30:07 | INFO | Process-10[25908] | charge_discharge.runner | Voltage measurement equipment chosen
2026-09-26 01:30:07 | INFO | Process-10[25908] | charge_discharge.runner | Current measurement equipment chosen
2026-09-26 01:30:07 | INFO | Process-10[25908] | charge_discharge.runner | Current-driven step setup
2026-09-26 01:30:07 | INFO | Process-10[25908] | charge_discharge.runner | Start step successful
2026-09-26 01:30:07 | INFO | Process-10[25908] | charge_discharge.runner | End condition before measurement loop: end_condition
2026-09-26 01:30:07 | INFO | Process-10[25908] | charge_discharge.cycle_executor | CH0 - Cycle 1 step 0 ending; reason: end_condition
2026-09-26 01:30:07 | INFO | Process-10[25908] | charge_discharge.cycle_executor | CH0 - Cycle 1 ending
2026-09-26 01:30:07 | INFO | Process-10[25908] | charge_discharge.cycle_executor | CH0 - All cycles completed
2026-09-26 01:30:34 | INFO | Process-9[12252] | equipment | Virtual device connected: Fake Test DMM
2026-09-26 01:30:34 | INFO | Process-10[37192] | equipment | Virtual device connected: Fake Test DMM
2026-09-26 01:30:34 | INFO | Process-7[30396] | equipment | Virtual device connected: Fake Test Eload
2026-09-26 01:30:34 | INFO | Process-6[44540] | equipment | Virtual device connected: Fake Test PSU
2026-09-26 01:30:34 | INFO | Process-8[4352] | equipment | Virtual device connected: Fake Test DMM
2026-09-26 01:30:34 | ERROR | Process-9[12252] | equipment | Virtual device operation failed: measure_current
Traceback (most recent call last):
  File "D:\Documents\GitHub\Test_Equipment_Control\equipment.py", line 218, in virtual_device_management_process
    return_data = _dispatch_virtual_device_method(device, operation, args)
  File "D:\Documents\GitHub\Test_Equipment_Control\equipment.py", line 142, in _dispatch_virtual_device_method
    return method(*args)
  File "D:\Documents\GitHub\Test_Equipment_Control\lab_equipment\DMM_Fake.py", line 15, in measure_current
    return require_simulation_link(self.battery_link, "Fake DMM").measure_current()
           ~~~~~~~~~~~~~~~~~~~~~~~^^^^^^^^^^^^^^^^^^^^^^^^^^^^^^^
  File "D:\Documents\GitHub\Test_Equipment_Control\battery_app\simulation.py", line 25, in require_simulation_link
    raise FakeInstrumentNotAttachedError(
        f"{instrument_name} requires an attached SIMULATED_LG_MJ1 battery link"
    )
battery_app.simulation.FakeInstrumentNotAttachedError: Fake DMM requires an attached SIMULATED_LG_MJ1 battery link
2026-09-26 01:30:37 | INFO | Process-14[30868] | equipment | Virtual device connected: Fake Test Eload
2026-09-26 01:30:37 | INFO | Process-15[13564] | equipment | Virtual device connected: Fake Test DMM
2026-09-26 01:30:37 | INFO | Process-16[3188] | equipment | Virtual device connected: Fake Test DMM
2026-09-26 01:30:37 | INFO | Process-17[37976] | equipment | Virtual device connected: Fake Test DMM
2026-09-26 01:30:38 | WARNING | Process-18[41164] | pint.util | Redefining 'ampere_hour' (<class 'pint.delegates.txt_defparser.plain.UnitDefinition'>)
2026-09-26 01:30:38 | WARNING | Process-18[41164] | pint.util | Redefining 'Ah' (<class 'pint.delegates.txt_defparser.plain.UnitDefinition'>)
2026-09-26 01:30:38 | WARNING | Process-18[41164] | pint.util | Redefining 'watt_hour' (<class 'pint.delegates.txt_defparser.plain.UnitDefinition'>)
2026-09-26 01:30:38 | WARNING | Process-18[41164] | pint.util | Redefining 'Wh' (<class 'pint.delegates.txt_defparser.plain.UnitDefinition'>)
2026-09-26 01:30:39 | INFO | Process-18[41164] | charge_discharge.cycle_executor | CH0 - Cycle 1 starting
2026-09-26 01:30:39 | INFO | Process-18[41164] | charge_discharge.cycle_executor | CH0 - Cycle settings: [{'cycle_type': 'step', 'cycle_display': 'Discharge', 'drive_style': 'current_a', 'drive_value': -10.0, 'drive_value_other': 0.0, 'end_style': 'time_s', 'end_condition': 'greater', 'end_value': 0.05, 'meas_log_int_s': 0.01, 'safety_min_voltage_v': 2.0, 'safety_max_voltage_v': 4.3, 'safety_min_current_a': -10.0, 'safety_max_current_a': 10.0, 'safety_max_time_s': 2.0}]
2026-09-26 01:30:39 | INFO | Process-18[41164] | charge_discharge.cycle_executor | CH0 - Cycle 1 step 0 starting
2026-09-26 01:30:39 | INFO | Process-18[41164] | charge_discharge.cycle_executor | CH0 - Step settings: {'cycle_type': 'step', 'cycle_display': 'Discharge', 'drive_style': 'current_a', 'drive_value': -10.0, 'drive_value_other': 0.0, 'end_style': 'time_s', 'end_condition': 'greater', 'end_value': 0.05, 'meas_log_int_s': 0.01, 'safety_min_voltage_v': 2.0, 'safety_max_voltage_v': 4.3, 'safety_min_current_a': -10.0, 'safety_max_current_a': 10.0, 'safety_max_time_s': 2.0}
2026-09-26 01:30:39 | INFO | Process-18[41164] | charge_discharge.runner | Voltage measurement equipment chosen
2026-09-26 01:30:39 | INFO | Process-18[41164] | charge_discharge.runner | Current measurement equipment chosen
2026-09-26 01:30:39 | INFO | Process-18[41164] | charge_discharge.runner | Current-driven step setup
2026-09-26 01:30:40 | INFO | Process-18[41164] | charge_discharge.runner | Start step successful
2026-09-26 01:30:40 | INFO | Process-18[41164] | charge_discharge.runner | End condition before measurement loop: none
2026-09-26 01:30:40 | INFO | Process-18[41164] | charge_discharge.cycle_executor | CH0 - Cycle 1 step 0 ending; reason: end_condition
2026-09-26 01:30:40 | INFO | Process-18[41164] | charge_discharge.cycle_executor | CH0 - Cycle 1 ending
2026-09-26 01:30:40 | INFO | Process-18[41164] | charge_discharge.cycle_executor | CH0 - Cycle 2 starting
2026-09-26 01:30:40 | INFO | Process-18[41164] | charge_discharge.cycle_executor | CH0 - Cycle settings: [{'cycle_type': 'step', 'cycle_display': 'Discharge', 'drive_style': 'current_a', 'drive_value': -10.0, 'drive_value_other': 0.0, 'end_style': 'time_s', 'end_condition': 'greater', 'end_value': 0.05, 'meas_log_int_s': 0.01, 'safety_min_voltage_v': 2.0, 'safety_max_voltage_v': 4.3, 'safety_min_current_a': -10.0, 'safety_max_current_a': 10.0, 'safety_max_time_s': 2.0}]
2026-09-26 01:30:40 | INFO | Process-18[41164] | charge_discharge.cycle_executor | CH0 - Cycle 2 step 0 starting
2026-09-26 01:30:40 | INFO | Process-18[41164] | charge_discharge.cycle_executor | CH0 - Step settings: {'cycle_type': 'step', 'cycle_display': 'Discharge', 'drive_style': 'current_a', 'drive_value': -10.0, 'drive_value_other': 0.0, 'end_style': 'time_s', 'end_condition': 'greater', 'end_value': 0.05, 'meas_log_int_s': 0.01, 'safety_min_voltage_v': 2.0, 'safety_max_voltage_v': 4.3, 'safety_min_current_a': -10.0, 'safety_max_current_a': 10.0, 'safety_max_time_s': 2.0}
2026-09-26 01:30:40 | INFO | Process-18[41164] | charge_discharge.runner | Voltage measurement equipment chosen
2026-09-26 01:30:40 | INFO | Process-18[41164] | charge_discharge.runner | Current measurement equipment chosen
2026-09-26 01:30:40 | INFO | Process-18[41164] | charge_discharge.runner | Current-driven step setup
2026-09-26 01:30:40 | INFO | Process-18[41164] | charge_discharge.runner | Start step successful
2026-09-26 01:30:40 | INFO | Process-18[41164] | charge_discharge.runner | End condition before measurement loop: none
2026-09-26 01:30:40 | INFO | Process-18[41164] | charge_discharge.cycle_executor | CH0 - Cycle 2 step 0 ending; reason: end_condition
2026-09-26 01:30:40 | INFO | Process-18[41164] | charge_discharge.cycle_executor | CH0 - Cycle 2 ending
2026-09-26 01:30:40 | INFO | Process-18[41164] | charge_discharge.cycle_executor | CH0 - All cycles completed
2026-09-26 01:30:43 | INFO | Process-24[11728] | equipment | Virtual device connected: Fake Test DMM
2026-09-26 01:30:43 | INFO | Process-20[36900] | equipment | Virtual device connected: Fake Test PSU
2026-09-26 01:30:43 | INFO | Process-21[42796] | equipment | Virtual device connected: Fake Test Eload
2026-09-26 01:30:43 | WARNING | Process-25[45680] | pint.util | Redefining 'ampere_hour' (<class 'pint.delegates.txt_defparser.plain.UnitDefinition'>)
2026-09-26 01:30:43 | WARNING | Process-25[45680] | pint.util | Redefining 'Ah' (<class 'pint.delegates.txt_defparser.plain.UnitDefinition'>)
2026-09-26 01:30:43 | WARNING | Process-25[45680] | pint.util | Redefining 'watt_hour' (<class 'pint.delegates.txt_defparser.plain.UnitDefinition'>)
2026-09-26 01:30:43 | WARNING | Process-25[45680] | pint.util | Redefining 'Wh' (<class 'pint.delegates.txt_defparser.plain.UnitDefinition'>)
2026-09-26 01:30:45 | INFO | Process-25[45680] | charge_discharge.cycle_executor | CH0 - Cycle 3 starting
2026-09-26 01:30:45 | INFO | Process-25[45680] | charge_discharge.cycle_executor | CH0 - Cycle settings: [{'cycle_type': 'step', 'cycle_display': 'Discharge', 'drive_style': 'current_a', 'drive_value': -10.0, 'drive_value_other': 0.0, 'end_style': 'time_s', 'end_condition': 'greater', 'end_value': 0.05, 'meas_log_int_s': 0.01, 'safety_min_voltage_v': 2.0, 'safety_max_voltage_v': 4.3, 'safety_min_current_a': -10.0, 'safety_max_current_a': 10.0, 'safety_max_time_s': 2.0}]
2026-09-26 01:30:45 | INFO | Process-25[45680] | charge_discharge.cycle_executor | CH0 - Cycle 3 step 0 starting
2026-09-26 01:30:45 | INFO | Process-25[45680] | charge_discharge.cycle_executor | CH0 - Step settings: {'cycle_type': 'step', 'cycle_display': 'Discharge', 'drive_style': 'current_a', 'drive_value': -10.0, 'drive_value_other': 0.0, 'end_style': 'time_s', 'end_condition': 'greater', 'end_value': 0.05, 'meas_log_int_s': 0.01, 'safety_min_voltage_v': 2.0, 'safety_max_voltage_v': 4.3, 'safety_min_current_a': -10.0, 'safety_max_current_a': 10.0, 'safety_max_time_s': 2.0}
2026-09-26 01:30:45 | INFO | Process-25[45680] | charge_discharge.runner | Voltage measurement equipment chosen
2026-09-26 01:30:45 | INFO | Process-25[45680] | charge_discharge.runner | Current measurement equipment chosen
2026-09-26 01:30:45 | INFO | Process-25[45680] | charge_discharge.runner | Current-driven step setup
2026-09-26 01:30:45 | INFO | Process-25[45680] | charge_discharge.runner | Start step successful
2026-09-26 01:30:45 | INFO | Process-25[45680] | charge_discharge.runner | End condition before measurement loop: none
2026-09-26 01:30:45 | INFO | Process-25[45680] | charge_discharge.cycle_executor | CH0 - Cycle 3 step 0 ending; reason: end_condition
2026-09-26 01:30:45 | INFO | Process-25[45680] | charge_discharge.cycle_executor | CH0 - Cycle 3 ending
2026-09-26 01:30:46 | INFO | Process-25[45680] | charge_discharge.cycle_executor | CH0 - All cycles completed
2026-09-26 01:30:48 | INFO | Process-27[41568] | equipment | Virtual device connected: Fake Test PSU

2026-09-26 01:30:48 | INFO | Process-29[7900] | equipment | Virtual device connected: Fake Test DMM
2026-09-26 01:30:48 | INFO | Process-30[41932] | equipment | Virtual device connected: Fake Test DMM
2026-09-26 01:30:48 | INFO | Process-31[39060] | equipment | Virtual device connected: Fake Test DMM
2026-09-26 01:30:49 | WARNING | Process-32[26640] | pint.util | Redefining 'ampere_hour' (<class 'pint.delegates.txt_defparser.plain.UnitDefinition'>)
2026-09-26 01:30:49 | WARNING | Process-32[26640] | pint.util | Redefining 'Ah' (<class 'pint.delegates.txt_defparser.plain.UnitDefinition'>)
2026-09-26 01:30:49 | WARNING | Process-32[26640] | pint.util | Redefining 'watt_hour' (<class 'pint.delegates.txt_defparser.plain.UnitDefinition'>)
2026-09-26 01:30:49 | WARNING | Process-32[26640] | pint.util | Redefining 'Wh' (<class 'pint.delegates.txt_defparser.plain.UnitDefinition'>)
2026-09-26 01:30:51 | INFO | Process-32[26640] | charge_discharge.cycle_executor | CH0 - Cycle 1 starting
2026-09-26 01:30:51 | INFO | Process-32[26640] | charge_discharge.cycle_executor | CH0 - Cycle settings: [{'cycle_type': 'step', 'cycle_display': 'Discharge', 'drive_style': 'current_a', 'drive_value': -1.0, 'drive_value_other': 0, 'end_style': 'voltage_v', 'end_condition': 'lesser', 'end_value': 4.19, 'meas_log_int_s': 1, 'safety_min_voltage_v': 2.45, 'safety_max_voltage_v': 4.25, 'safety_min_current_a': -10, 'safety_max_current_a': 10, 'safety_max_time_s': 2.0}]
2026-09-26 01:30:51 | INFO | Process-32[26640] | charge_discharge.cycle_executor | CH0 - Cycle 1 step 0 starting
2026-09-26 01:30:51 | INFO | Process-32[26640] | charge_discharge.cycle_executor | CH0 - Step settings: {'cycle_type': 'step', 'cycle_display': 'Discharge', 'drive_style': 'current_a', 'drive_value': -1.0, 'drive_value_other': 0, 'end_style': 'voltage_v', 'end_condition': 'lesser', 'end_value': 4.19, 'meas_log_int_s': 1, 'safety_min_voltage_v': 2.45, 'safety_max_voltage_v': 4.25, 'safety_min_current_a': -10, 'safety_max_current_a': 10, 'safety_max_time_s': 2.0}
2026-09-26 01:30:51 | INFO | Process-32[26640] | charge_discharge.runner | Voltage measurement equipment chosen
2026-09-26 01:30:51 | INFO | Process-32[26640] | charge_discharge.runner | Current measurement equipment chosen
2026-09-26 01:30:51 | INFO | Process-32[26640] | charge_discharge.runner | Current-driven step setup
2026-09-26 01:30:51 | INFO | Process-32[26640] | charge_discharge.runner | Start step successful
2026-09-26 01:30:51 | INFO | Process-32[26640] | charge_discharge.runner | End condition before measurement loop: end_condition
2026-09-26 01:30:51 | INFO | Process-32[26640] | charge_discharge.cycle_executor | CH0 - Cycle 1 step 0 ending; reason: end_condition
2026-09-26 01:30:51 | INFO | Process-32[26640] | charge_discharge.cycle_executor | CH0 - Cycle 1 ending
2026-09-26 01:30:51 | INFO | Process-32[26640] | charge_discharge.cycle_executor | CH0 - All cycles completed
2026-09-26 01:31:17 | INFO | Process-10[14084] | equipment | Virtual device connected: Fake Test DMM
2026-09-26 01:31:17 | INFO | Process-9[17924] | equipment | Virtual device connected: Fake Test DMM
2026-09-26 01:31:17 | INFO | Process-7[19092] | equipment | Virtual device connected: Fake Test Eload
2026-09-26 01:31:17 | INFO | Process-6[31940] | equipment | Virtual device connected: Fake Test PSU
2026-09-26 01:31:17 | INFO | Process-8[38160] | equipment | Virtual device connected: Fake Test DMM
2026-09-26 01:31:17 | ERROR | Process-9[17924] | equipment | Virtual device operation failed: measure_current
Traceback (most recent call last):
  File "D:\Documents\GitHub\Test_Equipment_Control\equipment.py", line 218, in virtual_device_management_process
    return_data = _dispatch_virtual_device_method(device, operation, args)
  File "D:\Documents\GitHub\Test_Equipment_Control\equipment.py", line 142, in _dispatch_virtual_device_method
    return method(*args)
  File "D:\Documents\GitHub\Test_Equipment_Control\lab_equipment\DMM_Fake.py", line 15, in measure_current
    return require_simulation_link(self.battery_link, "Fake DMM").measure_current()
           ~~~~~~~~~~~~~~~~~~~~~~~^^^^^^^^^^^^^^^^^^^^^^^^^^^^^^^
  File "D:\Documents\GitHub\Test_Equipment_Control\battery_app\simulation.py", line 25, in require_simulation_link
    raise FakeInstrumentNotAttachedError(
        f"{instrument_name} requires an attached SIMULATED_LG_MJ1 battery link"
    )
battery_app.simulation.FakeInstrumentNotAttachedError: Fake DMM requires an attached SIMULATED_LG_MJ1 battery link
2026-09-26 01:31:20 | INFO | Process-13[12144] | equipment | Virtual device connected: Fake Test PSU
2026-09-26 01:31:20 | INFO | Process-16[41848] | equipment | Virtual device connected: Fake Test DMM
2026-09-26 01:31:20 | INFO | Process-14[40808] | equipment | Virtual device connected: Fake Test Eload
2026-09-26 01:31:20 | INFO | Process-15[35592] | equipment | Virtual device connected: Fake Test DMM
2026-09-26 01:31:20 | INFO | Process-17[45012] | equipment | Virtual device connected: Fake Test DMM
2026-09-26 01:31:21 | WARNING | Process-18[768] | pint.util | Redefining 'ampere_hour' (<class 'pint.delegates.txt_defparser.plain.UnitDefinition'>)
2026-09-26 01:31:21 | WARNING | Process-18[768] | pint.util | Redefining 'Ah' (<class 'pint.delegates.txt_defparser.plain.UnitDefinition'>)
2026-09-26 01:31:21 | WARNING | Process-18[768] | pint.util | Redefining 'watt_hour' (<class 'pint.delegates.txt_defparser.plain.UnitDefinition'>)
2026-09-26 01:31:21 | WARNING | Process-18[768] | pint.util | Redefining 'Wh' (<class 'pint.delegates.txt_defparser.plain.UnitDefinition'>)
2026-09-26 01:31:23 | INFO | Process-18[768] | charge_discharge.cycle_executor | CH0 - Cycle 1 starting
2026-09-26 01:31:23 | INFO | Process-18[768] | charge_discharge.cycle_executor | CH0 - Cycle settings: [{'cycle_type': 'step', 'cycle_display': 'Discharge', 'drive_style': 'current_a', 'drive_value': -10.0, 'drive_value_other': 0.0, 'end_style': 'time_s', 'end_condition': 'greater', 'end_value': 0.05, 'meas_log_int_s': 0.01, 'safety_min_voltage_v': 2.0, 'safety_max_voltage_v': 4.3, 'safety_min_current_a': -10.0, 'safety_max_current_a': 10.0, 'safety_max_time_s': 2.0}]
2026-09-26 01:31:23 | INFO | Process-18[768] | charge_discharge.cycle_executor | CH0 - Cycle 1 step 0 starting
2026-09-26 01:31:23 | INFO | Process-18[768] | charge_discharge.cycle_executor | CH0 - Step settings: {'cycle_type': 'step', 'cycle_display': 'Discharge', 'drive_style': 'current_a', 'drive_value': -10.0, 'drive_value_other': 0.0, 'end_style': 'time_s', 'end_condition': 'greater', 'end_value': 0.05, 'meas_log_int_s': 0.01, 'safety_min_voltage_v': 2.0, 'safety_max_voltage_v': 4.3, 'safety_min_current_a': -10.0, 'safety_max_current_a': 10.0, 'safety_max_time_s': 2.0}
2026-09-26 01:31:23 | INFO | Process-18[768] | charge_discharge.runner | Voltage measurement equipment chosen
2026-09-26 01:31:23 | INFO | Process-18[768] | charge_discharge.runner | Current measurement equipment chosen
2026-09-26 01:31:23 | INFO | Process-18[768] | charge_discharge.runner | Current-driven step setup
2026-09-26 01:31:23 | INFO | Process-18[768] | charge_discharge.runner | Start step successful
2026-09-26 01:31:23 | INFO | Process-18[768] | charge_discharge.runner | End condition before measurement loop: none
2026-09-26 01:31:23 | INFO | Process-18[768] | charge_discharge.cycle_executor | CH0 - Cycle 1 step 0 ending; reason: end_condition
2026-09-26 01:31:23 | INFO | Process-18[768] | charge_discharge.cycle_executor | CH0 - Cycle 1 ending
2026-09-26 01:31:23 | INFO | Process-18[768] | charge_discharge.cycle_executor | CH0 - Cycle 2 starting
2026-09-26 01:31:23 | INFO | Process-18[768] | charge_discharge.cycle_executor | CH0 - Cycle settings: [{'cycle_type': 'step', 'cycle_display': 'Discharge', 'drive_style': 'current_a', 'drive_value': -10.0, 'drive_value_other': 0.0, 'end_style': 'time_s', 'end_condition': 'greater', 'end_value': 0.05, 'meas_log_int_s': 0.01, 'safety_min_voltage_v': 2.0, 'safety_max_voltage_v': 4.3, 'safety_min_current_a': -10.0, 'safety_max_current_a': 10.0, 'safety_max_time_s': 2.0}]
2026-09-26 01:31:23 | INFO | Process-18[768] | charge_discharge.cycle_executor | CH0 - Cycle 2 step 0 starting
2026-09-26 01:31:23 | INFO | Process-18[768] | charge_discharge.cycle_executor | CH0 - Step settings: {'cycle_type': 'step', 'cycle_display': 'Discharge', 'drive_style': 'current_a', 'drive_value': -10.0, 'drive_value_other': 0.0, 'end_style': 'time_s', 'end_condition': 'greater', 'end_value': 0.05, 'meas_log_int_s': 0.01, 'safety_min_voltage_v': 2.0, 'safety_max_voltage_v': 4.3, 'safety_min_current_a': -10.0, 'safety_max_current_a': 10.0, 'safety_max_time_s': 2.0}
2026-09-26 01:31:23 | INFO | Process-18[768] | charge_discharge.runner | Voltage measurement equipment chosen
2026-09-26 01:31:23 | INFO | Process-18[768] | charge_discharge.runner | Current measurement equipment chosen
2026-09-26 01:31:23 | INFO | Process-18[768] | charge_discharge.runner | Current-driven step setup
2026-09-26 01:31:23 | INFO | Process-18[768] | charge_discharge.runner | Start step successful
2026-09-26 01:31:23 | INFO | Process-18[768] | charge_discharge.runner | End condition before measurement loop: none
2026-09-26 01:31:23 | INFO | Process-18[768] | charge_discharge.cycle_executor | CH0 - Cycle 2 step 0 ending; reason: end_condition
2026-09-26 01:31:23 | INFO | Process-18[768] | charge_discharge.cycle_executor | CH0 - Cycle 2 ending
2026-09-26 01:31:24 | INFO | Process-18[768] | charge_discharge.cycle_executor | CH0 - All cycles completed
2026-09-26 01:31:28 | INFO | Process-21[19716] | equipment | Virtual device connected: Fake Test Eload
2026-09-26 01:31:28 | INFO | Process-20[46004] | equipment | Virtual device connected: Fake Test PSU
2026-09-26 01:31:28 | INFO | Process-22[45192] | equipment | Virtual device connected: Fake Test DMM
2026-09-26 01:31:28 | INFO | Process-23[30452] | equipment | Virtual device connected: Fake Test DMM
2026-09-26 01:31:28 | INFO | Process-24[27844] | equipment | Virtual device connected: Fake Test DMM
2026-09-26 01:31:29 | WARNING | Process-25[41528] | pint.util | Redefining 'ampere_hour' (<class 'pint.delegates.txt_defparser.plain.UnitDefinition'>)
2026-09-26 01:31:29 | WARNING | Process-25[41528] | pint.util | Redefining 'Ah' (<class 'pint.delegates.txt_defparser.plain.UnitDefinition'>)
2026-09-26 01:31:29 | WARNING | Process-25[41528] | pint.util | Redefining 'watt_hour' (<class 'pint.delegates.txt_defparser.plain.UnitDefinition'>)
2026-09-26 01:31:29 | WARNING | Process-25[41528] | pint.util | Redefining 'Wh' (<class 'pint.delegates.txt_defparser.plain.UnitDefinition'>)
2026-09-26 01:31:31 | INFO | Process-25[41528] | charge_discharge.cycle_executor | CH0 - Cycle 3 starting
2026-09-26 01:31:31 | INFO | Process-25[41528] | charge_discharge.cycle_executor | CH0 - Cycle settings: [{'cycle_type': 'step', 'cycle_display': 'Discharge', 'drive_style': 'current_a', 'drive_value': -10.0, 'drive_value_other': 0.0, 'end_style': 'time_s', 'end_condition': 'greater', 'end_value': 0.05, 'meas_log_int_s': 0.01, 'safety_min_voltage_v': 2.0, 'safety_max_voltage_v': 4.3, 'safety_min_current_a': -10.0, 'safety_max_current_a': 10.0, 'safety_max_time_s': 2.0}]
2026-09-26 01:31:31 | INFO | Process-25[41528] | charge_discharge.cycle_executor | CH0 - Cycle 3 step 0 starting
2026-09-26 01:31:31 | INFO | Process-25[41528] | charge_discharge.cycle_executor | CH0 - Step settings: {'cycle_type': 'step', 'cycle_display': 'Discharge', 'drive_style': 'current_a', 'drive_value': -10.0, 'drive_value_other': 0.0, 'end_style': 'time_s', 'end_condition': 'greater', 'end_value': 0.05, 'meas_log_int_s': 0.01, 'safety_min_voltage_v': 2.0, 'safety_max_voltage_v': 4.3, 'safety_min_current_a': -10.0, 'safety_max_current_a': 10.0, 'safety_max_time_s': 2.0}
2026-09-26 01:31:31 | INFO | Process-25[41528] | charge_discharge.runner | Voltage measurement equipment chosen
2026-09-26 01:31:31 | INFO | Process-25[41528] | charge_discharge.runner | Current measurement equipment chosen
2026-09-26 01:31:31 | INFO | Process-25[41528] | charge_discharge.runner | Current-driven step setup
2026-09-26 01:31:31 | INFO | Process-25[41528] | charge_discharge.runner | Start step successful
2026-09-26 01:31:31 | INFO | Process-25[41528] | charge_discharge.runner | End condition before measurement loop: none
2026-09-26 01:31:31 | INFO | Process-25[41528] | charge_discharge.cycle_executor | CH0 - Cycle 3 step 0 ending; reason: end_condition
2026-09-26 01:31:31 | INFO | Process-25[41528] | charge_discharge.cycle_executor | CH0 - Cycle 3 ending
2026-09-26 01:31:31 | INFO | Process-25[41528] | charge_discharge.cycle_executor | CH0 - All cycles completed
2026-09-26 01:31:34 | INFO | Process-27[13116] | equipment | Virtual device connected: Fake Test PSU
2026-09-26 01:31:34 | INFO | Process-28[27880] | equipment | Virtual device connected: Fake Test Eload
2026-09-26 01:31:34 | INFO | Process-31[5388] | equipment | Virtual device connected: Fake Test DMM
2026-09-26 01:31:34 | INFO | Process-29[32600] | equipment | Virtual device connected: Fake Test DMM
2026-09-26 01:31:34 | INFO | Process-30[16420] | equipment | Virtual device connected: Fake Test DMM
2026-09-26 01:31:35 | WARNING | Process-32[26808] | pint.util | Redefining 'ampere_hour' (<class 'pint.delegates.txt_defparser.plain.UnitDefinition'>)
2026-09-26 01:31:35 | WARNING | Process-32[26808] | pint.util | Redefining 'Ah' (<class 'pint.delegates.txt_defparser.plain.UnitDefinition'>)
2026-09-26 01:31:35 | WARNING | Process-32[26808] | pint.util | Redefining 'watt_hour' (<class 'pint.delegates.txt_defparser.plain.UnitDefinition'>)
2026-09-26 01:31:35 | WARNING | Process-32[26808] | pint.util | Redefining 'Wh' (<class 'pint.delegates.txt_defparser.plain.UnitDefinition'>)
2026-09-26 01:31:37 | INFO | Process-32[26808] | charge_discharge.cycle_executor | CH0 - Cycle 1 starting
2026-09-26 01:31:37 | INFO | Process-32[26808] | charge_discharge.cycle_executor | CH0 - Cycle settings: [{'cycle_type': 'step', 'cycle_display': 'Discharge', 'drive_style': 'current_a', 'drive_value': -1.0, 'drive_value_other': 0, 'end_style': 'voltage_v', 'end_condition': 'lesser', 'end_value': 4.19, 'meas_log_int_s': 1, 'safety_min_voltage_v': 2.45, 'safety_max_voltage_v': 4.25, 'safety_min_current_a': -10, 'safety_max_current_a': 10, 'safety_max_time_s': 2.0}]
2026-09-26 01:31:37 | INFO | Process-32[26808] | charge_discharge.cycle_executor | CH0 - Cycle 1 step 0 starting
2026-09-26 01:31:37 | INFO | Process-32[26808] | charge_discharge.cycle_executor | CH0 - Step settings: {'cycle_type': 'step', 'cycle_display': 'Discharge', 'drive_style': 'current_a', 'drive_value': -1.0, 'drive_value_other': 0, 'end_style': 'voltage_v', 'end_condition': 'lesser', 'end_value': 4.19, 'meas_log_int_s': 1, 'safety_min_voltage_v': 2.45, 'safety_max_voltage_v': 4.25, 'safety_min_current_a': -10, 'safety_max_current_a': 10, 'safety_max_time_s': 2.0}
2026-09-26 01:31:37 | INFO | Process-32[26808] | charge_discharge.runner | Voltage measurement equipment chosen
2026-09-26 01:31:37 | INFO | Process-32[26808] | charge_discharge.runner | Current measurement equipment chosen
2026-09-26 01:31:37 | INFO | Process-32[26808] | charge_discharge.runner | Current-driven step setup
2026-09-26 01:31:37 | INFO | Process-32[26808] | charge_discharge.runner | Start step successful
2026-09-26 01:31:37 | INFO | Process-32[26808] | charge_discharge.runner | End condition before measurement loop: end_condition
2026-09-26 01:31:37 | INFO | Process-32[26808] | charge_discharge.cycle_executor | CH0 - Cycle 1 step 0 ending; reason: end_condition
2026-09-26 01:31:37 | INFO | Process-32[26808] | charge_discharge.cycle_executor | CH0 - Cycle 1 ending
2026-09-26 01:31:37 | INFO | Process-32[26808] | charge_discharge.cycle_executor | CH0 - All cycles completed
2026-09-26 01:37:06 | INFO | Process-6[46268] | equipment | Virtual device connected: Fake Test DMM
2026-09-26 01:37:06 | INFO | Process-5[39032] | equipment | Virtual device connected: Fake Test DMM
2026-09-26 01:37:06 | INFO | Process-2[40260] | equipment | Virtual device connected: Fake Test PSU
2026-09-26 01:37:06 | INFO | Process-4[45548] | equipment | Virtual device connected: Fake Test DMM
2026-09-26 01:37:06 | INFO | Process-3[18464] | equipment | Virtual device connected: Fake Test Eload
2026-09-26 01:37:07 | WARNING | Process-7[27244] | pint.util | Redefining 'ampere_hour' (<class 'pint.delegates.txt_defparser.plain.UnitDefinition'>)
2026-09-26 01:37:07 | WARNING | Process-7[27244] | pint.util | Redefining 'Ah' (<class 'pint.delegates.txt_defparser.plain.UnitDefinition'>)
2026-09-26 01:37:07 | WARNING | Process-7[27244] | pint.util | Redefining 'watt_hour' (<class 'pint.delegates.txt_defparser.plain.UnitDefinition'>)
2026-09-26 01:37:07 | WARNING | Process-7[27244] | pint.util | Redefining 'Wh' (<class 'pint.delegates.txt_defparser.plain.UnitDefinition'>)
2026-09-26 01:37:08 | INFO | Process-7[27244] | charge_discharge.cycle_executor | CH0 - Cycle 1 starting
2026-09-26 01:37:08 | INFO | Process-7[27244] | charge_discharge.cycle_executor | CH0 - Cycle settings: [{'cycle_type': 'step', 'cycle_display': 'Discharge', 'drive_style': 'current_a', 'drive_value': -1.0, 'drive_value_other': 0, 'end_style': 'voltage_v', 'end_condition': 'lesser', 'end_value': 4.19, 'meas_log_int_s': 1, 'safety_min_voltage_v': 2.45, 'safety_max_voltage_v': 4.25, 'safety_min_current_a': -10, 'safety_max_current_a': 10, 'safety_max_time_s': 2.0}]
2026-09-26 01:37:08 | INFO | Process-7[27244] | charge_discharge.cycle_executor | CH0 - Cycle 1 step 0 starting
2026-09-26 01:37:08 | INFO | Process-7[27244] | charge_discharge.cycle_executor | CH0 - Step settings: {'cycle_type': 'step', 'cycle_display': 'Discharge', 'drive_style': 'current_a', 'drive_value': -1.0, 'drive_value_other': 0, 'end_style': 'voltage_v', 'end_condition': 'lesser', 'end_value': 4.19, 'meas_log_int_s': 1, 'safety_min_voltage_v': 2.45, 'safety_max_voltage_v': 4.25, 'safety_min_current_a': -10, 'safety_max_current_a': 10, 'safety_max_time_s': 2.0}
2026-09-26 01:37:08 | INFO | Process-7[27244] | charge_discharge.runner | Voltage measurement equipment chosen
2026-09-26 01:37:08 | INFO | Process-7[27244] | charge_discharge.runner | Current measurement equipment chosen
2026-09-26 01:37:08 | INFO | Process-7[27244] | charge_discharge.runner | Current-driven step setup
2026-09-26 01:37:09 | INFO | Process-7[27244] | charge_discharge.runner | Start step successful
2026-09-26 01:37:09 | INFO | Process-7[27244] | charge_discharge.runner | End condition before measurement loop: end_condition
2026-09-26 01:37:09 | INFO | Process-7[27244] | charge_discharge.cycle_executor | CH0 - Cycle 1 step 0 ending; reason: end_condition
2026-09-26 01:37:09 | INFO | Process-7[27244] | charge_discharge.cycle_executor | CH0 - Cycle 1 ending
2026-09-26 01:37:09 | INFO | Process-7[27244] | charge_discharge.cycle_executor | CH0 - All cycles completed
2026-09-26 01:38:23 | INFO | Process-5[29908] | equipment | Virtual device connected: Fake Test DMM
2026-09-26 01:38:23 | INFO | Process-6[36156] | equipment | Virtual device connected: Fake Test DMM
2026-09-26 01:38:23 | INFO | Process-3[24044] | equipment | Virtual device connected: Fake Test Eload
2026-09-26 01:38:23 | INFO | Process-4[17696] | equipment | Virtual device connected: Fake Test DMM
2026-09-26 01:38:23 | INFO | Process-2[10120] | equipment | Virtual device connected: Fake Test PSU
2026-09-26 01:38:24 | WARNING | Process-7[36084] | pint.util | Redefining 'ampere_hour' (<class 'pint.delegates.txt_defparser.plain.UnitDefinition'>)
2026-09-26 01:38:24 | WARNING | Process-7[36084] | pint.util | Redefining 'Ah' (<class 'pint.delegates.txt_defparser.plain.UnitDefinition'>)
2026-09-26 01:38:24 | WARNING | Process-7[36084] | pint.util | Redefining 'watt_hour' (<class 'pint.delegates.txt_defparser.plain.UnitDefinition'>)
2026-09-26 01:38:24 | WARNING | Process-7[36084] | pint.util | Redefining 'Wh' (<class 'pint.delegates.txt_defparser.plain.UnitDefinition'>)
2026-09-26 01:38:25 | INFO | Process-7[36084] | charge_discharge.cycle_executor | CH0 - Cycle 1 starting
2026-09-26 01:38:25 | INFO | Process-7[36084] | charge_discharge.cycle_executor | CH0 - Cycle settings: [{'cycle_type': 'step', 'cycle_display': 'Discharge', 'drive_style': 'current_a', 'drive_value': -1.0, 'drive_value_other': 0, 'end_style': 'voltage_v', 'end_condition': 'lesser', 'end_value': 4.19, 'meas_log_int_s': 1, 'safety_min_voltage_v': 2.45, 'safety_max_voltage_v': 4.25, 'safety_min_current_a': -10, 'safety_max_current_a': 10, 'safety_max_time_s': 2.0}]
2026-09-26 01:38:25 | INFO | Process-7[36084] | charge_discharge.cycle_executor | CH0 - Cycle 1 step 0 starting
2026-09-26 01:38:25 | INFO | Process-7[36084] | charge_discharge.cycle_executor | CH0 - Step settings: {'cycle_type': 'step', 'cycle_display': 'Discharge', 'drive_style': 'current_a', 'drive_value': -1.0, 'drive_value_other': 0, 'end_style': 'voltage_v', 'end_condition': 'lesser', 'end_value': 4.19, 'meas_log_int_s': 1, 'safety_min_voltage_v': 2.45, 'safety_max_voltage_v': 4.25, 'safety_min_current_a': -10, 'safety_max_current_a': 10, 'safety_max_time_s': 2.0}
2026-09-26 01:38:25 | INFO | Process-7[36084] | charge_discharge.runner | Voltage measurement equipment chosen
2026-09-26 01:38:25 | INFO | Process-7[36084] | charge_discharge.runner | Current measurement equipment chosen
2026-09-26 01:38:25 | INFO | Process-7[36084] | charge_discharge.runner | Current-driven step setup
2026-09-26 01:38:25 | INFO | Process-7[36084] | charge_discharge.runner | Start step successful
2026-09-26 01:38:25 | INFO | Process-7[36084] | charge_discharge.runner | End condition before measurement loop: end_condition
2026-09-26 01:38:25 | INFO | Process-7[36084] | charge_discharge.cycle_executor | CH0 - Cycle 1 step 0 ending; reason: end_condition
2026-09-26 01:38:25 | INFO | Process-7[36084] | charge_discharge.cycle_executor | CH0 - Cycle 1 ending
2026-09-26 01:38:26 | INFO | Process-7[36084] | charge_discharge.cycle_executor | CH0 - All cycles completed
2026-09-26 10:11:34 | INFO | Process-6[28536] | equipment | Virtual device connected: Fake Test DMM
2026-09-26 10:11:34 | INFO | Process-3[40452] | equipment | Virtual device connected: Fake Test Eload
2026-09-26 10:11:34 | INFO | Process-5[42084] | equipment | Virtual device connected: Fake Test DMM
2026-09-26 10:11:34 | INFO | Process-4[46068] | equipment | Virtual device connected: Fake Test DMM
2026-09-26 10:11:34 | INFO | Process-2[44704] | equipment | Virtual device connected: Fake Test PSU
2026-09-26 10:11:35 | WARNING | Process-7[40548] | pint.util | Redefining 'ampere_hour' (<class 'pint.delegates.txt_defparser.plain.UnitDefinition'>)
2026-09-26 10:11:35 | WARNING | Process-7[40548] | pint.util | Redefining 'Ah' (<class 'pint.delegates.txt_defparser.plain.UnitDefinition'>)
2026-09-26 10:11:35 | WARNING | Process-7[40548] | pint.util | Redefining 'watt_hour' (<class 'pint.delegates.txt_defparser.plain.UnitDefinition'>)
2026-09-26 10:11:35 | WARNING | Process-7[40548] | pint.util | Redefining 'Wh' (<class 'pint.delegates.txt_defparser.plain.UnitDefinition'>)
2026-09-26 10:11:36 | INFO | Process-7[40548] | charge_discharge.cycle_executor | CH0 - Cycle 1 starting
2026-09-26 10:11:36 | INFO | Process-7[40548] | charge_discharge.cycle_executor | CH0 - Cycle settings: [{'cycle_type': 'step', 'cycle_display': 'Discharge', 'drive_style': 'current_a', 'drive_value': -1.0, 'drive_value_other': 0, 'end_style': 'voltage_v', 'end_condition': 'lesser', 'end_value': 4.19, 'meas_log_int_s': 1, 'safety_min_voltage_v': 2.45, 'safety_max_voltage_v': 4.25, 'safety_min_current_a': -10, 'safety_max_current_a': 10, 'safety_max_time_s': 2.0}]
2026-09-26 10:11:36 | INFO | Process-7[40548] | charge_discharge.cycle_executor | CH0 - Cycle 1 step 0 starting
2026-09-26 10:11:36 | INFO | Process-7[40548] | charge_discharge.cycle_executor | CH0 - Step settings: {'cycle_type': 'step', 'cycle_display': 'Discharge', 'drive_style': 'current_a', 'drive_value': -1.0, 'drive_value_other': 0, 'end_style': 'voltage_v', 'end_condition': 'lesser', 'end_value': 4.19, 'meas_log_int_s': 1, 'safety_min_voltage_v': 2.45, 'safety_max_voltage_v': 4.25, 'safety_min_current_a': -10, 'safety_max_current_a': 10, 'safety_max_time_s': 2.0}
2026-09-26 10:11:36 | INFO | Process-7[40548] | charge_discharge.runner | Voltage measurement equipment chosen
2026-09-26 10:11:36 | INFO | Process-7[40548] | charge_discharge.runner | Current measurement equipment chosen
2026-09-26 10:11:36 | INFO | Process-7[40548] | charge_discharge.runner | Current-driven step setup
2026-09-26 10:11:37 | INFO | Process-7[40548] | charge_discharge.runner | Start step successful
2026-09-26 10:11:37 | INFO | Process-7[40548] | charge_discharge.runner | End condition before measurement loop: end_condition
2026-09-26 10:11:37 | INFO | Process-7[40548] | charge_discharge.cycle_executor | CH0 - Cycle 1 step 0 ending; reason: end_condition
2026-09-26 10:11:37 | INFO | Process-7[40548] | charge_discharge.cycle_executor | CH0 - Cycle 1 ending
2026-09-26 10:11:37 | INFO | Process-7[40548] | charge_discharge.cycle_executor | CH0 - All cycles completed
2026-09-26 10:12:14 | INFO | Process-4[23760] | equipment | Virtual device connected: Fake Test DMM
2026-09-26 10:12:14 | INFO | Process-2[18800] | equipment | Virtual device connected: Fake Test PSU
2026-09-26 10:12:14 | INFO | Process-5[27752] | equipment | Virtual device connected: Fake Test DMM
2026-09-26 10:12:14 | INFO | Process-3[6624] | equipment | Virtual device connected: Fake Test Eload
2026-09-26 10:12:14 | INFO | Process-6[42940] | equipment | Virtual device connected: Fake Test DMM
2026-09-26 10:12:16 | WARNING | Process-7[20740] | pint.util | Redefining 'ampere_hour' (<class 'pint.delegates.txt_defparser.plain.UnitDefinition'>)
2026-09-26 10:12:16 | WARNING | Process-7[20740] | pint.util | Redefining 'Ah' (<class 'pint.delegates.txt_defparser.plain.UnitDefinition'>)
2026-09-26 10:12:16 | WARNING | Process-7[20740] | pint.util | Redefining 'watt_hour' (<class 'pint.delegates.txt_defparser.plain.UnitDefinition'>)
2026-09-26 10:12:16 | WARNING | Process-7[20740] | pint.util | Redefining 'Wh' (<class 'pint.delegates.txt_defparser.plain.UnitDefinition'>)
2026-09-26 10:12:20 | INFO | Process-7[20740] | charge_discharge.cycle_executor | CH0 - Cycle 1 starting
2026-09-26 10:12:20 | INFO | Process-7[20740] | charge_discharge.cycle_executor | CH0 - Cycle settings: [{'cycle_type': 'step', 'cycle_display': 'Discharge', 'drive_style': 'current_a', 'drive_value': -1.0, 'drive_value_other': 0, 'end_style': 'voltage_v', 'end_condition': 'lesser', 'end_value': 4.19, 'meas_log_int_s': 1, 'safety_min_voltage_v': 2.45, 'safety_max_voltage_v': 4.25, 'safety_min_current_a': -10, 'safety_max_current_a': 10, 'safety_max_time_s': 2.0}]
2026-09-26 10:12:20 | INFO | Process-7[20740] | charge_discharge.cycle_executor | CH0 - Cycle 1 step 0 starting
2026-09-26 10:12:20 | INFO | Process-7[20740] | charge_discharge.cycle_executor | CH0 - Step settings: {'cycle_type': 'step', 'cycle_display': 'Discharge', 'drive_style': 'current_a', 'drive_value': -1.0, 'drive_value_other': 0, 'end_style': 'voltage_v', 'end_condition': 'lesser', 'end_value': 4.19, 'meas_log_int_s': 1, 'safety_min_voltage_v': 2.45, 'safety_max_voltage_v': 4.25, 'safety_min_current_a': -10, 'safety_max_current_a': 10, 'safety_max_time_s': 2.0}
2026-09-26 10:12:20 | INFO | Process-7[20740] | charge_discharge.runner | Voltage measurement equipment chosen
2026-09-26 10:12:20 | INFO | Process-7[20740] | charge_discharge.runner | Current measurement equipment chosen
2026-09-26 10:12:20 | INFO | Process-7[20740] | charge_discharge.runner | Current-driven step setup
2026-09-26 10:12:20 | INFO | Process-7[20740] | charge_discharge.runner | Start step successful
2026-09-26 10:12:20 | INFO | Process-7[20740] | charge_discharge.runner | End condition before measurement loop: end_condition
2026-09-26 10:12:20 | INFO | Process-7[20740] | charge_discharge.cycle_executor | CH0 - Cycle 1 step 0 ending; reason: end_condition
2026-09-26 10:12:20 | INFO | Process-7[20740] | charge_discharge.cycle_executor | CH0 - Cycle 1 ending
2026-09-26 10:12:20 | INFO | Process-7[20740] | charge_discharge.cycle_executor | CH0 - All cycles completed
2026-09-26 10:13:08 | INFO | Process-8[44808] | equipment | Virtual device connected: Fake Test DMM
2026-09-26 10:13:08 | INFO | Process-9[32388] | equipment | Virtual device connected: Fake Test DMM
2026-09-26 10:13:08 | INFO | Process-6[23732] | equipment | Virtual device connected: Fake Test PSU
2026-09-26 10:13:08 | INFO | Process-7[40452] | equipment | Virtual device connected: Fake Test Eload
2026-09-26 10:13:08 | INFO | Process-10[39512] | equipment | Virtual device connected: Fake Test DMM
2026-09-26 10:13:08 | ERROR | Process-9[32388] | equipment | Virtual device operation failed: measure_current
Traceback (most recent call last):
  File "D:\Documents\GitHub\Test_Equipment_Control\equipment.py", line 218, in virtual_device_management_process
    return_data = _dispatch_virtual_device_method(device, operation, args)
  File "D:\Documents\GitHub\Test_Equipment_Control\equipment.py", line 142, in _dispatch_virtual_device_method
    return method(*args)
  File "D:\Documents\GitHub\Test_Equipment_Control\lab_equipment\DMM_Fake.py", line 15, in measure_current
    return require_simulation_link(self.battery_link, "Fake DMM").measure_current()
           ~~~~~~~~~~~~~~~~~~~~~~~^^^^^^^^^^^^^^^^^^^^^^^^^^^^^^^
  File "D:\Documents\GitHub\Test_Equipment_Control\battery_app\simulation.py", line 25, in require_simulation_link
    raise FakeInstrumentNotAttachedError(
        f"{instrument_name} requires an attached SIMULATED_LG_MJ1 battery link"
    )
battery_app.simulation.FakeInstrumentNotAttachedError: Fake DMM requires an attached SIMULATED_LG_MJ1 battery link
2026-09-26 10:13:10 | INFO | Process-13[31820] | equipment | Virtual device connected: Fake Test PSU
2026-09-26 10:13:10 | INFO | Process-16[43276] | equipment | Virtual device connected: Fake Test DMM
2026-09-26 10:13:10 | INFO | Process-14[39276] | equipment | Virtual device connected: Fake Test Eload
2026-09-26 10:13:10 | INFO | Process-17[32312] | equipment | Virtual device connected: Fake Test DMM
2026-09-26 10:13:11 | WARNING | Process-18[15656] | pint.util | Redefining 'ampere_hour' (<class 'pint.delegates.txt_defparser.plain.UnitDefinition'>)
2026-09-26 10:13:11 | WARNING | Process-18[15656] | pint.util | Redefining 'Ah' (<class 'pint.delegates.txt_defparser.plain.UnitDefinition'>)
2026-09-26 10:13:11 | WARNING | Process-18[15656] | pint.util | Redefining 'watt_hour' (<class 'pint.delegates.txt_defparser.plain.UnitDefinition'>)
2026-09-26 10:13:11 | WARNING | Process-18[15656] | pint.util | Redefining 'Wh' (<class 'pint.delegates.txt_defparser.plain.UnitDefinition'>)
2026-09-26 10:13:13 | INFO | Process-18[15656] | charge_discharge.cycle_executor | CH0 - Cycle 1 starting
2026-09-26 10:13:13 | INFO | Process-18[15656] | charge_discharge.cycle_executor | CH0 - Cycle settings: [{'cycle_type': 'step', 'cycle_display': 'Discharge', 'drive_style': 'current_a', 'drive_value': -10.0, 'drive_value_other': 0.0, 'end_style': 'time_s', 'end_condition': 'greater', 'end_value': 0.05, 'meas_log_int_s': 0.01, 'safety_min_voltage_v': 2.0, 'safety_max_voltage_v': 4.3, 'safety_min_current_a': -10.0, 'safety_max_current_a': 10.0, 'safety_max_time_s': 2.0}]
2026-09-26 10:13:13 | INFO | Process-18[15656] | charge_discharge.cycle_executor | CH0 - Cycle 1 step 0 starting
2026-09-26 10:13:13 | INFO | Process-18[15656] | charge_discharge.cycle_executor | CH0 - Step settings: {'cycle_type': 'step', 'cycle_display': 'Discharge', 'drive_style': 'current_a', 'drive_value': -10.0, 'drive_value_other': 0.0, 'end_style': 'time_s', 'end_condition': 'greater', 'end_value': 0.05, 'meas_log_int_s': 0.01, 'safety_min_voltage_v': 2.0, 'safety_max_voltage_v': 4.3, 'safety_min_current_a': -10.0, 'safety_max_current_a': 10.0, 'safety_max_time_s': 2.0}
2026-09-26 10:13:13 | INFO | Process-18[15656] | charge_discharge.runner | Voltage measurement equipment chosen
2026-09-26 10:13:13 | INFO | Process-18[15656] | charge_discharge.runner | Current measurement equipment chosen
2026-09-26 10:13:13 | INFO | Process-18[15656] | charge_discharge.runner | Current-driven step setup
2026-09-26 10:13:13 | INFO | Process-18[15656] | charge_discharge.runner | Start step successful
2026-09-26 10:13:13 | INFO | Process-18[15656] | charge_discharge.runner | End condition before measurement loop: none
2026-09-26 10:13:13 | INFO | Process-18[15656] | charge_discharge.cycle_executor | CH0 - Cycle 1 step 0 ending; reason: end_condition
2026-09-26 10:13:13 | INFO | Process-18[15656] | charge_discharge.cycle_executor | CH0 - Cycle 1 ending
2026-09-26 10:13:13 | INFO | Process-18[15656] | charge_discharge.cycle_executor | CH0 - Cycle 2 starting
2026-09-26 10:13:13 | INFO | Process-18[15656] | charge_discharge.cycle_executor | CH0 - Cycle settings: [{'cycle_type': 'step', 'cycle_display': 'Discharge', 'drive_style': 'current_a', 'drive_value': -10.0, 'drive_value_other': 0.0, 'end_style': 'time_s', 'end_condition': 'greater', 'end_value': 0.05, 'meas_log_int_s': 0.01, 'safety_min_voltage_v': 2.0, 'safety_max_voltage_v': 4.3, 'safety_min_current_a': -10.0, 'safety_max_current_a': 10.0, 'safety_max_time_s': 2.0}]
2026-09-26 10:13:13 | INFO | Process-18[15656] | charge_discharge.cycle_executor | CH0 - Cycle 2 step 0 starting
2026-09-26 10:13:13 | INFO | Process-18[15656] | charge_discharge.cycle_executor | CH0 - Step settings: {'cycle_type': 'step', 'cycle_display': 'Discharge', 'drive_style': 'current_a', 'drive_value': -10.0, 'drive_value_other': 0.0, 'end_style': 'time_s', 'end_condition': 'greater', 'end_value': 0.05, 'meas_log_int_s': 0.01, 'safety_min_voltage_v': 2.0, 'safety_max_voltage_v': 4.3, 'safety_min_current_a': -10.0, 'safety_max_current_a': 10.0, 'safety_max_time_s': 2.0}
2026-09-26 10:13:13 | INFO | Process-18[15656] | charge_discharge.runner | Voltage measurement equipment chosen
2026-09-26 10:13:13 | INFO | Process-18[15656] | charge_discharge.runner | Current measurement equipment chosen
2026-09-26 10:13:13 | INFO | Process-18[15656] | charge_discharge.runner | Current-driven step setup
2026-09-26 10:13:13 | INFO | Process-18[15656] | charge_discharge.runner | Start step successful
2026-09-26 10:13:13 | INFO | Process-18[15656] | charge_discharge.runner | End condition before measurement loop: none
2026-09-26 10:13:13 | INFO | Process-18[15656] | charge_discharge.cycle_executor | CH0 - Cycle 2 step 0 ending; reason: end_condition
2026-09-26 10:13:13 | INFO | Process-18[15656] | charge_discharge.cycle_executor | CH0 - Cycle 2 ending
2026-09-26 10:13:13 | INFO | Process-18[15656] | charge_discharge.cycle_executor | CH0 - All cycles completed
2026-09-26 10:13:16 | INFO | Process-23[28988] | equipment | Virtual device connected: Fake Test DMM

2026-09-26 10:13:16 | INFO | Process-24[40724] | equipment | Virtual device connected: Fake Test DMM
2026-09-26 10:13:17 | WARNING | Process-25[10532] | pint.util | Redefining 'ampere_hour' (<class 'pint.delegates.txt_defparser.plain.UnitDefinition'>)
2026-09-26 10:13:17 | WARNING | Process-25[10532] | pint.util | Redefining 'Ah' (<class 'pint.delegates.txt_defparser.plain.UnitDefinition'>)
2026-09-26 10:13:17 | WARNING | Process-25[10532] | pint.util | Redefining 'watt_hour' (<class 'pint.delegates.txt_defparser.plain.UnitDefinition'>)
2026-09-26 10:13:17 | WARNING | Process-25[10532] | pint.util | Redefining 'Wh' (<class 'pint.delegates.txt_defparser.plain.UnitDefinition'>)
2026-09-26 10:13:18 | INFO | Process-25[10532] | charge_discharge.cycle_executor | CH0 - Cycle 3 starting
2026-09-26 10:13:18 | INFO | Process-25[10532] | charge_discharge.cycle_executor | CH0 - Cycle settings: [{'cycle_type': 'step', 'cycle_display': 'Discharge', 'drive_style': 'current_a', 'drive_value': -10.0, 'drive_value_other': 0.0, 'end_style': 'time_s', 'end_condition': 'greater', 'end_value': 0.05, 'meas_log_int_s': 0.01, 'safety_min_voltage_v': 2.0, 'safety_max_voltage_v': 4.3, 'safety_min_current_a': -10.0, 'safety_max_current_a': 10.0, 'safety_max_time_s': 2.0}]
2026-09-26 10:13:18 | INFO | Process-25[10532] | charge_discharge.cycle_executor | CH0 - Cycle 3 step 0 starting
2026-09-26 10:13:18 | INFO | Process-25[10532] | charge_discharge.cycle_executor | CH0 - Step settings: {'cycle_type': 'step', 'cycle_display': 'Discharge', 'drive_style': 'current_a', 'drive_value': -10.0, 'drive_value_other': 0.0, 'end_style': 'time_s', 'end_condition': 'greater', 'end_value': 0.05, 'meas_log_int_s': 0.01, 'safety_min_voltage_v': 2.0, 'safety_max_voltage_v': 4.3, 'safety_min_current_a': -10.0, 'safety_max_current_a': 10.0, 'safety_max_time_s': 2.0}
2026-09-26 10:13:18 | INFO | Process-25[10532] | charge_discharge.runner | Voltage measurement equipment chosen
2026-09-26 10:13:18 | INFO | Process-25[10532] | charge_discharge.runner | Current measurement equipment chosen
2026-09-26 10:13:18 | INFO | Process-25[10532] | charge_discharge.runner | Current-driven step setup
2026-09-26 10:13:18 | INFO | Process-25[10532] | charge_discharge.runner | Start step successful
2026-09-26 10:13:18 | INFO | Process-25[10532] | charge_discharge.runner | End condition before measurement loop: none
2026-09-26 10:13:19 | INFO | Process-25[10532] | charge_discharge.cycle_executor | CH0 - Cycle 3 step 0 ending; reason: end_condition
2026-09-26 10:13:19 | INFO | Process-25[10532] | charge_discharge.cycle_executor | CH0 - Cycle 3 ending
2026-09-26 10:13:19 | INFO | Process-25[10532] | charge_discharge.cycle_executor | CH0 - All cycles completed
2026-09-26 10:13:21 | INFO | Process-28[23276] | equipment | Virtual device connected: Fake Test Eload
2026-09-26 10:13:21 | INFO | Process-29[33732] | equipment | Virtual device connected: Fake Test DMM
2026-09-26 10:13:22 | INFO | Process-27[18996] | equipment | Virtual device connected: Fake Test PSU
2026-09-26 10:13:22 | INFO | Process-30[20248] | equipment | Virtual device connected: Fake Test DMM
2026-09-26 10:13:22 | INFO | Process-31[21892] | equipment | Virtual device connected: Fake Test DMM
2026-09-26 10:13:23 | WARNING | Process-32[13912] | pint.util | Redefining 'ampere_hour' (<class 'pint.delegates.txt_defparser.plain.UnitDefinition'>)
2026-09-26 10:13:23 | WARNING | Process-32[13912] | pint.util | Redefining 'Ah' (<class 'pint.delegates.txt_defparser.plain.UnitDefinition'>)
2026-09-26 10:13:23 | WARNING | Process-32[13912] | pint.util | Redefining 'watt_hour' (<class 'pint.delegates.txt_defparser.plain.UnitDefinition'>)
2026-09-26 10:13:23 | WARNING | Process-32[13912] | pint.util | Redefining 'Wh' (<class 'pint.delegates.txt_defparser.plain.UnitDefinition'>)
2026-09-26 10:13:24 | INFO | Process-32[13912] | charge_discharge.cycle_executor | CH0 - Cycle 1 starting
2026-09-26 10:13:24 | INFO | Process-32[13912] | charge_discharge.cycle_executor | CH0 - Cycle settings: [{'cycle_type': 'step', 'cycle_display': 'Discharge', 'drive_style': 'current_a', 'drive_value': -1.0, 'drive_value_other': 0, 'end_style': 'voltage_v', 'end_condition': 'lesser', 'end_value': 4.19, 'meas_log_int_s': 1, 'safety_min_voltage_v': 2.45, 'safety_max_voltage_v': 4.25, 'safety_min_current_a': -10, 'safety_max_current_a': 10, 'safety_max_time_s': 2.0}]
2026-09-26 10:13:24 | INFO | Process-32[13912] | charge_discharge.cycle_executor | CH0 - Cycle 1 step 0 starting
2026-09-26 10:13:24 | INFO | Process-32[13912] | charge_discharge.cycle_executor | CH0 - Step settings: {'cycle_type': 'step', 'cycle_display': 'Discharge', 'drive_style': 'current_a', 'drive_value': -1.0, 'drive_value_other': 0, 'end_style': 'voltage_v', 'end_condition': 'lesser', 'end_value': 4.19, 'meas_log_int_s': 1, 'safety_min_voltage_v': 2.45, 'safety_max_voltage_v': 4.25, 'safety_min_current_a': -10, 'safety_max_current_a': 10, 'safety_max_time_s': 2.0}
2026-09-26 10:13:24 | INFO | Process-32[13912] | charge_discharge.runner | Voltage measurement equipment chosen
2026-09-26 10:13:24 | INFO | Process-32[13912] | charge_discharge.runner | Current measurement equipment chosen
2026-09-26 10:13:24 | INFO | Process-32[13912] | charge_discharge.runner | Current-driven step setup
2026-09-26 10:13:24 | INFO | Process-32[13912] | charge_discharge.runner | Start step successful
2026-09-26 10:13:24 | INFO | Process-32[13912] | charge_discharge.runner | End condition before measurement loop: end_condition
2026-09-26 10:13:24 | INFO | Process-32[13912] | charge_discharge.cycle_executor | CH0 - Cycle 1 step 0 ending; reason: end_condition
2026-09-26 10:13:24 | INFO | Process-32[13912] | charge_discharge.cycle_executor | CH0 - Cycle 1 ending
2026-09-26 10:13:25 | INFO | Process-32[13912] | charge_discharge.cycle_executor | CH0 - All cycles completed
2026-09-26 10:14:48 | INFO | Process-6[46892] | equipment | Virtual device connected: Fake Test PSU
2026-09-26 10:14:48 | INFO | Process-9[37732] | equipment | Virtual device connected: Fake Test DMM
2026-09-26 10:14:48 | INFO | Process-7[45972] | equipment | Virtual device connected: Fake Test Eload
2026-09-26 10:14:48 | INFO | Process-8[19804] | equipment | Virtual device connected: Fake Test DMM
2026-09-26 10:14:48 | INFO | Process-10[26324] | equipment | Virtual device connected: Fake Test DMM
2026-09-26 10:14:48 | ERROR | Process-9[37732] | equipment | Virtual device operation failed: measure_current
Traceback (most recent call last):
  File "D:\Documents\GitHub\Test_Equipment_Control\equipment.py", line 218, in virtual_device_management_process
    return_data = _dispatch_virtual_device_method(device, operation, args)
  File "D:\Documents\GitHub\Test_Equipment_Control\equipment.py", line 142, in _dispatch_virtual_device_method
    return method(*args)
  File "D:\Documents\GitHub\Test_Equipment_Control\lab_equipment\DMM_Fake.py", line 15, in measure_current
    return require_simulation_link(self.battery_link, "Fake DMM").measure_current()
           ~~~~~~~~~~~~~~~~~~~~~~~^^^^^^^^^^^^^^^^^^^^^^^^^^^^^^^
  File "D:\Documents\GitHub\Test_Equipment_Control\battery_app\simulation.py", line 25, in require_simulation_link
    raise FakeInstrumentNotAttachedError(
        f"{instrument_name} requires an attached SIMULATED_LG_MJ1 battery link"
    )
battery_app.simulation.FakeInstrumentNotAttachedError: Fake DMM requires an attached SIMULATED_LG_MJ1 battery link
2026-09-26 10:14:51 | INFO | Process-13[40268] | equipment | Virtual device connected: Fake Test PSU
2026-09-26 10:14:51 | INFO | Process-14[44948] | equipment | Virtual device connected: Fake Test Eload
2026-09-26 10:14:51 | INFO | Process-16[17592] | equipment | Virtual device connected: Fake Test DMM
2026-09-26 10:14:52 | WARNING | Process-18[29656] | pint.util | Redefining 'ampere_hour' (<class 'pint.delegates.txt_defparser.plain.UnitDefinition'>)
2026-09-26 10:14:52 | WARNING | Process-18[29656] | pint.util | Redefining 'Ah' (<class 'pint.delegates.txt_defparser.plain.UnitDefinition'>)
2026-09-26 10:14:52 | WARNING | Process-18[29656] | pint.util | Redefining 'watt_hour' (<class 'pint.delegates.txt_defparser.plain.UnitDefinition'>)
2026-09-26 10:14:52 | WARNING | Process-18[29656] | pint.util | Redefining 'Wh' (<class 'pint.delegates.txt_defparser.plain.UnitDefinition'>)
2026-09-26 10:14:53 | INFO | Process-18[29656] | charge_discharge.cycle_executor | CH0 - Cycle 1 starting
2026-09-26 10:14:53 | INFO | Process-18[29656] | charge_discharge.cycle_executor | CH0 - Cycle settings: [{'cycle_type': 'step', 'cycle_display': 'Discharge', 'drive_style': 'current_a', 'drive_value': -10.0, 'drive_value_other': 0.0, 'end_style': 'time_s', 'end_condition': 'greater', 'end_value': 0.05, 'meas_log_int_s': 0.01, 'safety_min_voltage_v': 2.0, 'safety_max_voltage_v': 4.3, 'safety_min_current_a': -10.0, 'safety_max_current_a': 10.0, 'safety_max_time_s': 2.0}]
2026-09-26 10:14:53 | INFO | Process-18[29656] | charge_discharge.cycle_executor | CH0 - Cycle 1 step 0 starting
2026-09-26 10:14:53 | INFO | Process-18[29656] | charge_discharge.cycle_executor | CH0 - Step settings: {'cycle_type': 'step', 'cycle_display': 'Discharge', 'drive_style': 'current_a', 'drive_value': -10.0, 'drive_value_other': 0.0, 'end_style': 'time_s', 'end_condition': 'greater', 'end_value': 0.05, 'meas_log_int_s': 0.01, 'safety_min_voltage_v': 2.0, 'safety_max_voltage_v': 4.3, 'safety_min_current_a': -10.0, 'safety_max_current_a': 10.0, 'safety_max_time_s': 2.0}
2026-09-26 10:14:53 | INFO | Process-18[29656] | charge_discharge.runner | Voltage measurement equipment chosen
2026-09-26 10:14:53 | INFO | Process-18[29656] | charge_discharge.runner | Current measurement equipment chosen
2026-09-26 10:14:53 | INFO | Process-18[29656] | charge_discharge.runner | Current-driven step setup
2026-09-26 10:14:53 | INFO | Process-18[29656] | charge_discharge.runner | Start step successful
2026-09-26 10:14:53 | INFO | Process-18[29656] | charge_discharge.runner | End condition before measurement loop: none
2026-09-26 10:14:54 | INFO | Process-18[29656] | charge_discharge.cycle_executor | CH0 - Cycle 1 step 0 ending; reason: end_condition
2026-09-26 10:14:54 | INFO | Process-18[29656] | charge_discharge.cycle_executor | CH0 - Cycle 1 ending
2026-09-26 10:14:54 | INFO | Process-18[29656] | charge_discharge.cycle_executor | CH0 - Cycle 2 starting
2026-09-26 10:14:54 | INFO | Process-18[29656] | charge_discharge.cycle_executor | CH0 - Cycle settings: [{'cycle_type': 'step', 'cycle_display': 'Discharge', 'drive_style': 'current_a', 'drive_value': -10.0, 'drive_value_other': 0.0, 'end_style': 'time_s', 'end_condition': 'greater', 'end_value': 0.05, 'meas_log_int_s': 0.01, 'safety_min_voltage_v': 2.0, 'safety_max_voltage_v': 4.3, 'safety_min_current_a': -10.0, 'safety_max_current_a': 10.0, 'safety_max_time_s': 2.0}]
2026-09-26 10:14:54 | INFO | Process-18[29656] | charge_discharge.cycle_executor | CH0 - Cycle 2 step 0 starting
2026-09-26 10:14:54 | INFO | Process-18[29656] | charge_discharge.cycle_executor | CH0 - Step settings: {'cycle_type': 'step', 'cycle_display': 'Discharge', 'drive_style': 'current_a', 'drive_value': -10.0, 'drive_value_other': 0.0, 'end_style': 'time_s', 'end_condition': 'greater', 'end_value': 0.05, 'meas_log_int_s': 0.01, 'safety_min_voltage_v': 2.0, 'safety_max_voltage_v': 4.3, 'safety_min_current_a': -10.0, 'safety_max_current_a': 10.0, 'safety_max_time_s': 2.0}
2026-09-26 10:14:54 | INFO | Process-18[29656] | charge_discharge.runner | Voltage measurement equipment chosen
2026-09-26 10:14:54 | INFO | Process-18[29656] | charge_discharge.runner | Current measurement equipment chosen
2026-09-26 10:14:54 | INFO | Process-18[29656] | charge_discharge.runner | Current-driven step setup
2026-09-26 10:14:54 | INFO | Process-18[29656] | charge_discharge.runner | Start step successful
2026-09-26 10:14:54 | INFO | Process-18[29656] | charge_discharge.runner | End condition before measurement loop: none
2026-09-26 10:14:54 | INFO | Process-18[29656] | charge_discharge.cycle_executor | CH0 - Cycle 2 step 0 ending; reason: end_condition
2026-09-26 10:14:54 | INFO | Process-18[29656] | charge_discharge.cycle_executor | CH0 - Cycle 2 ending
2026-09-26 10:14:54 | INFO | Process-18[29656] | charge_discharge.cycle_executor | CH0 - All cycles completed
2026-09-26 10:14:56 | INFO | Process-20[14820] | equipment | Virtual device connected: Fake Test PSU
2026-09-26 10:14:56 | INFO | Process-21[20096] | equipment | Virtual device connected: Fake Test Eload
2026-09-26 10:14:57 | INFO | Process-22[23688] | equipment | Virtual device connected: Fake Test DMM
2026-09-26 10:14:57 | INFO | Process-23[42328] | equipment | Virtual device connected: Fake Test DMM
2026-09-26 10:14:57 | INFO | Process-24[21724] | equipment | Virtual device connected: Fake Test DMM
2026-09-26 10:14:57 | WARNING | Process-25[38784] | pint.util | Redefining 'ampere_hour' (<class 'pint.delegates.txt_defparser.plain.UnitDefinition'>)
2026-09-26 10:14:57 | WARNING | Process-25[38784] | pint.util | Redefining 'Ah' (<class 'pint.delegates.txt_defparser.plain.UnitDefinition'>)
2026-09-26 10:14:57 | WARNING | Process-25[38784] | pint.util | Redefining 'watt_hour' (<class 'pint.delegates.txt_defparser.plain.UnitDefinition'>)
2026-09-26 10:14:57 | WARNING | Process-25[38784] | pint.util | Redefining 'Wh' (<class 'pint.delegates.txt_defparser.plain.UnitDefinition'>)
2026-09-26 10:14:59 | INFO | Process-25[38784] | charge_discharge.cycle_executor | CH0 - Cycle 3 starting
2026-09-26 10:14:59 | INFO | Process-25[38784] | charge_discharge.cycle_executor | CH0 - Cycle settings: [{'cycle_type': 'step', 'cycle_display': 'Discharge', 'drive_style': 'current_a', 'drive_value': -10.0, 'drive_value_other': 0.0, 'end_style': 'time_s', 'end_condition': 'greater', 'end_value': 0.05, 'meas_log_int_s': 0.01, 'safety_min_voltage_v': 2.0, 'safety_max_voltage_v': 4.3, 'safety_min_current_a': -10.0, 'safety_max_current_a': 10.0, 'safety_max_time_s': 2.0}]
2026-09-26 10:14:59 | INFO | Process-25[38784] | charge_discharge.cycle_executor | CH0 - Cycle 3 step 0 starting
2026-09-26 10:14:59 | INFO | Process-25[38784] | charge_discharge.cycle_executor | CH0 - Step settings: {'cycle_type': 'step', 'cycle_display': 'Discharge', 'drive_style': 'current_a', 'drive_value': -10.0, 'drive_value_other': 0.0, 'end_style': 'time_s', 'end_condition': 'greater', 'end_value': 0.05, 'meas_log_int_s': 0.01, 'safety_min_voltage_v': 2.0, 'safety_max_voltage_v': 4.3, 'safety_min_current_a': -10.0, 'safety_max_current_a': 10.0, 'safety_max_time_s': 2.0}
2026-09-26 10:14:59 | INFO | Process-25[38784] | charge_discharge.runner | Voltage measurement equipment chosen
2026-09-26 10:14:59 | INFO | Process-25[38784] | charge_discharge.runner | Current measurement equipment chosen
2026-09-26 10:14:59 | INFO | Process-25[38784] | charge_discharge.runner | Current-driven step setup
2026-09-26 10:14:59 | INFO | Process-25[38784] | charge_discharge.runner | Start step successful
2026-09-26 10:14:59 | INFO | Process-25[38784] | charge_discharge.runner | End condition before measurement loop: none
2026-09-26 10:14:59 | INFO | Process-25[38784] | charge_discharge.cycle_executor | CH0 - Cycle 3 step 0 ending; reason: end_condition
2026-09-26 10:14:59 | INFO | Process-25[38784] | charge_discharge.cycle_executor | CH0 - Cycle 3 ending
2026-09-26 10:14:59 | INFO | Process-25[38784] | charge_discharge.cycle_executor | CH0 - All cycles completed
2026-09-26 10:15:02 | INFO | Process-29[21620] | equipment | Virtual device connected: Fake Test DMM
2026-09-26 10:15:02 | INFO | Process-27[36616] | equipment | Virtual device connected: Fake Test PSU
2026-09-26 10:15:02 | INFO | Process-28[22804] | equipment | Virtual device connected: Fake Test Eload
2026-09-26 10:15:02 | INFO | Process-30[29928] | equipment | Virtual device connected: Fake Test DMM
2026-09-26 10:15:02 | INFO | Process-31[43812] | equipment | Virtual device connected: Fake Test DMM
2026-09-26 10:15:03 | WARNING | Process-32[10020] | pint.util | Redefining 'ampere_hour' (<class 'pint.delegates.txt_defparser.plain.UnitDefinition'>)
2026-09-26 10:15:03 | WARNING | Process-32[10020] | pint.util | Redefining 'Ah' (<class 'pint.delegates.txt_defparser.plain.UnitDefinition'>)
2026-09-26 10:15:03 | WARNING | Process-32[10020] | pint.util | Redefining 'watt_hour' (<class 'pint.delegates.txt_defparser.plain.UnitDefinition'>)
2026-09-26 10:15:03 | WARNING | Process-32[10020] | pint.util | Redefining 'Wh' (<class 'pint.delegates.txt_defparser.plain.UnitDefinition'>)
2026-09-26 10:15:05 | INFO | Process-32[10020] | charge_discharge.cycle_executor | CH0 - Cycle 1 starting
2026-09-26 10:15:05 | INFO | Process-32[10020] | charge_discharge.cycle_executor | CH0 - Cycle settings: [{'cycle_type': 'step', 'cycle_display': 'Discharge', 'drive_style': 'current_a', 'drive_value': -1.0, 'drive_value_other': 0, 'end_style': 'voltage_v', 'end_condition': 'lesser', 'end_value': 4.19, 'meas_log_int_s': 1, 'safety_min_voltage_v': 2.45, 'safety_max_voltage_v': 4.25, 'safety_min_current_a': -10, 'safety_max_current_a': 10, 'safety_max_time_s': 2.0}]
2026-09-26 10:15:05 | INFO | Process-32[10020] | charge_discharge.cycle_executor | CH0 - Cycle 1 step 0 starting
2026-09-26 10:15:05 | INFO | Process-32[10020] | charge_discharge.cycle_executor | CH0 - Step settings: {'cycle_type': 'step', 'cycle_display': 'Discharge', 'drive_style': 'current_a', 'drive_value': -1.0, 'drive_value_other': 0, 'end_style': 'voltage_v', 'end_condition': 'lesser', 'end_value': 4.19, 'meas_log_int_s': 1, 'safety_min_voltage_v': 2.45, 'safety_max_voltage_v': 4.25, 'safety_min_current_a': -10, 'safety_max_current_a': 10, 'safety_max_time_s': 2.0}
2026-09-26 10:15:05 | INFO | Process-32[10020] | charge_discharge.runner | Voltage measurement equipment chosen
2026-09-26 10:15:05 | INFO | Process-32[10020] | charge_discharge.runner | Current measurement equipment chosen
2026-09-26 10:15:05 | INFO | Process-32[10020] | charge_discharge.runner | Current-driven step setup
2026-09-26 10:15:05 | INFO | Process-32[10020] | charge_discharge.runner | Start step successful
2026-09-26 10:15:05 | INFO | Process-32[10020] | charge_discharge.runner | End condition before measurement loop: end_condition
2026-09-26 10:15:05 | INFO | Process-32[10020] | charge_discharge.cycle_executor | CH0 - Cycle 1 step 0 ending; reason: end_condition
2026-09-26 10:15:05 | INFO | Process-32[10020] | charge_discharge.cycle_executor | CH0 - Cycle 1 ending
2026-09-26 10:15:05 | INFO | Process-32[10020] | charge_discharge.cycle_executor | CH0 - All cycles completed
2026-09-26 10:15:41 | INFO | Process-2[35876] | equipment | Virtual device connected: Fake Test PSU
2026-09-26 10:15:41 | INFO | Process-4[27512] | equipment | Virtual device connected: Fake Test DMM
2026-09-26 10:15:41 | INFO | Process-3[37796] | equipment | Virtual device connected: Fake Test Eload
2026-09-26 10:15:41 | INFO | Process-5[44696] | equipment | Virtual device connected: Fake Test DMM
2026-09-26 10:15:41 | INFO | Process-6[29012] | equipment | Virtual device connected: Fake Test DMM
2026-09-26 10:15:42 | WARNING | Process-7[29168] | pint.util | Redefining 'ampere_hour' (<class 'pint.delegates.txt_defparser.plain.UnitDefinition'>)
2026-09-26 10:15:43 | WARNING | Process-7[29168] | pint.util | Redefining 'Ah' (<class 'pint.delegates.txt_defparser.plain.UnitDefinition'>)
2026-09-26 10:15:43 | WARNING | Process-7[29168] | pint.util | Redefining 'watt_hour' (<class 'pint.delegates.txt_defparser.plain.UnitDefinition'>)
2026-09-26 10:15:43 | WARNING | Process-7[29168] | pint.util | Redefining 'Wh' (<class 'pint.delegates.txt_defparser.plain.UnitDefinition'>)
2026-09-26 10:15:44 | INFO | Process-7[29168] | charge_discharge.cycle_executor | CH0 - Cycle 1 starting
2026-09-26 10:15:44 | INFO | Process-7[29168] | charge_discharge.cycle_executor | CH0 - Cycle settings: [{'cycle_type': 'step', 'cycle_display': 'Discharge', 'drive_style': 'current_a', 'drive_value': -1.0, 'drive_value_other': 0, 'end_style': 'voltage_v', 'end_condition': 'lesser', 'end_value': 4.19, 'meas_log_int_s': 1, 'safety_min_voltage_v': 2.45, 'safety_max_voltage_v': 4.25, 'safety_min_current_a': -10, 'safety_max_current_a': 10, 'safety_max_time_s': 2.0}]
2026-09-26 10:15:44 | INFO | Process-7[29168] | charge_discharge.cycle_executor | CH0 - Cycle 1 step 0 starting
2026-09-26 10:15:44 | INFO | Process-7[29168] | charge_discharge.cycle_executor | CH0 - Step settings: {'cycle_type': 'step', 'cycle_display': 'Discharge', 'drive_style': 'current_a', 'drive_value': -1.0, 'drive_value_other': 0, 'end_style': 'voltage_v', 'end_condition': 'lesser', 'end_value': 4.19, 'meas_log_int_s': 1, 'safety_min_voltage_v': 2.45, 'safety_max_voltage_v': 4.25, 'safety_min_current_a': -10, 'safety_max_current_a': 10, 'safety_max_time_s': 2.0}
2026-09-26 10:15:44 | INFO | Process-7[29168] | charge_discharge.runner | Voltage measurement equipment chosen
2026-09-26 10:15:44 | INFO | Process-7[29168] | charge_discharge.runner | Current measurement equipment chosen
2026-09-26 10:15:44 | INFO | Process-7[29168] | charge_discharge.runner | Current-driven step setup
2026-09-26 10:15:44 | INFO | Process-7[29168] | charge_discharge.runner | Start step successful
2026-09-26 10:15:44 | INFO | Process-7[29168] | charge_discharge.runner | End condition before measurement loop: end_condition
2026-09-26 10:15:44 | INFO | Process-7[29168] | charge_discharge.cycle_executor | CH0 - Cycle 1 step 0 ending; reason: end_condition
2026-09-26 10:15:44 | INFO | Process-7[29168] | charge_discharge.cycle_executor | CH0 - Cycle 1 ending
2026-09-26 10:15:44 | INFO | Process-7[29168] | charge_discharge.cycle_executor | CH0 - All cycles completed
2026-09-26 10:15:56 | INFO | Process-8[13804] | equipment | Virtual device connected: Fake Test DMM
2026-09-26 10:15:56 | INFO | Process-9[33340] | equipment | Virtual device connected: Fake Test DMM
2026-09-26 10:15:56 | INFO | Process-6[17584] | equipment | Virtual device connected: Fake Test PSU
2026-09-26 10:15:56 | INFO | Process-7[33420] | equipment | Virtual device connected: Fake Test Eload
2026-09-26 10:15:56 | INFO | Process-10[44640] | equipment | Virtual device connected: Fake Test DMM
2026-09-26 10:15:56 | ERROR | Process-9[33340] | equipment | Virtual device operation failed: measure_current
Traceback (most recent call last):
  File "D:\Documents\GitHub\Test_Equipment_Control\equipment.py", line 218, in virtual_device_management_process
    return_data = _dispatch_virtual_device_method(device, operation, args)
  File "D:\Documents\GitHub\Test_Equipment_Control\equipment.py", line 142, in _dispatch_virtual_device_method
    return method(*args)
  File "D:\Documents\GitHub\Test_Equipment_Control\lab_equipment\DMM_Fake.py", line 15, in measure_current
    return require_simulation_link(self.battery_link, "Fake DMM").measure_current()
           ~~~~~~~~~~~~~~~~~~~~~~~^^^^^^^^^^^^^^^^^^^^^^^^^^^^^^^
  File "D:\Documents\GitHub\Test_Equipment_Control\battery_app\simulation.py", line 25, in require_simulation_link
    raise FakeInstrumentNotAttachedError(
        f"{instrument_name} requires an attached SIMULATED_LG_MJ1 battery link"
    )
battery_app.simulation.FakeInstrumentNotAttachedError: Fake DMM requires an attached SIMULATED_LG_MJ1 battery link
2026-09-26 10:15:59 | INFO | Process-13[21212] | equipment | Virtual device connected: Fake Test PSU
2026-09-26 10:15:59 | INFO | Process-17[40808] | equipment | Virtual device connected: Fake Test DMM

2026-09-26 10:15:59 | INFO | Process-15[26976] | equipment | Virtual device connected: Fake Test DMM
2026-09-26 10:16:00 | WARNING | Process-18[26116] | pint.util | Redefining 'ampere_hour' (<class 'pint.delegates.txt_defparser.plain.UnitDefinition'>)
2026-09-26 10:16:00 | WARNING | Process-18[26116] | pint.util | Redefining 'Ah' (<class 'pint.delegates.txt_defparser.plain.UnitDefinition'>)
2026-09-26 10:16:00 | WARNING | Process-18[26116] | pint.util | Redefining 'watt_hour' (<class 'pint.delegates.txt_defparser.plain.UnitDefinition'>)
2026-09-26 10:16:00 | WARNING | Process-18[26116] | pint.util | Redefining 'Wh' (<class 'pint.delegates.txt_defparser.plain.UnitDefinition'>)
2026-09-26 10:16:01 | INFO | Process-18[26116] | charge_discharge.cycle_executor | CH0 - Cycle 1 starting
2026-09-26 10:16:01 | INFO | Process-18[26116] | charge_discharge.cycle_executor | CH0 - Cycle settings: [{'cycle_type': 'step', 'cycle_display': 'Discharge', 'drive_style': 'current_a', 'drive_value': -10.0, 'drive_value_other': 0.0, 'end_style': 'time_s', 'end_condition': 'greater', 'end_value': 0.05, 'meas_log_int_s': 0.01, 'safety_min_voltage_v': 2.0, 'safety_max_voltage_v': 4.3, 'safety_min_current_a': -10.0, 'safety_max_current_a': 10.0, 'safety_max_time_s': 2.0}]
2026-09-26 10:16:01 | INFO | Process-18[26116] | charge_discharge.cycle_executor | CH0 - Cycle 1 step 0 starting
2026-09-26 10:16:01 | INFO | Process-18[26116] | charge_discharge.cycle_executor | CH0 - Step settings: {'cycle_type': 'step', 'cycle_display': 'Discharge', 'drive_style': 'current_a', 'drive_value': -10.0, 'drive_value_other': 0.0, 'end_style': 'time_s', 'end_condition': 'greater', 'end_value': 0.05, 'meas_log_int_s': 0.01, 'safety_min_voltage_v': 2.0, 'safety_max_voltage_v': 4.3, 'safety_min_current_a': -10.0, 'safety_max_current_a': 10.0, 'safety_max_time_s': 2.0}
2026-09-26 10:16:01 | INFO | Process-18[26116] | charge_discharge.runner | Voltage measurement equipment chosen
2026-09-26 10:16:01 | INFO | Process-18[26116] | charge_discharge.runner | Current measurement equipment chosen
2026-09-26 10:16:01 | INFO | Process-18[26116] | charge_discharge.runner | Current-driven step setup
2026-09-26 10:16:01 | INFO | Process-18[26116] | charge_discharge.runner | Start step successful
2026-09-26 10:16:01 | INFO | Process-18[26116] | charge_discharge.runner | End condition before measurement loop: none
2026-09-26 10:16:01 | INFO | Process-18[26116] | charge_discharge.cycle_executor | CH0 - Cycle 1 step 0 ending; reason: end_condition
2026-09-26 10:16:01 | INFO | Process-18[26116] | charge_discharge.cycle_executor | CH0 - Cycle 1 ending
2026-09-26 10:16:01 | INFO | Process-18[26116] | charge_discharge.cycle_executor | CH0 - Cycle 2 starting
2026-09-26 10:16:01 | INFO | Process-18[26116] | charge_discharge.cycle_executor | CH0 - Cycle settings: [{'cycle_type': 'step', 'cycle_display': 'Discharge', 'drive_style': 'current_a', 'drive_value': -10.0, 'drive_value_other': 0.0, 'end_style': 'time_s', 'end_condition': 'greater', 'end_value': 0.05, 'meas_log_int_s': 0.01, 'safety_min_voltage_v': 2.0, 'safety_max_voltage_v': 4.3, 'safety_min_current_a': -10.0, 'safety_max_current_a': 10.0, 'safety_max_time_s': 2.0}]
2026-09-26 10:16:01 | INFO | Process-18[26116] | charge_discharge.cycle_executor | CH0 - Cycle 2 step 0 starting
2026-09-26 10:16:01 | INFO | Process-18[26116] | charge_discharge.cycle_executor | CH0 - Step settings: {'cycle_type': 'step', 'cycle_display': 'Discharge', 'drive_style': 'current_a', 'drive_value': -10.0, 'drive_value_other': 0.0, 'end_style': 'time_s', 'end_condition': 'greater', 'end_value': 0.05, 'meas_log_int_s': 0.01, 'safety_min_voltage_v': 2.0, 'safety_max_voltage_v': 4.3, 'safety_min_current_a': -10.0, 'safety_max_current_a': 10.0, 'safety_max_time_s': 2.0}
2026-09-26 10:16:01 | INFO | Process-18[26116] | charge_discharge.runner | Voltage measurement equipment chosen
2026-09-26 10:16:01 | INFO | Process-18[26116] | charge_discharge.runner | Current measurement equipment chosen
2026-09-26 10:16:01 | INFO | Process-18[26116] | charge_discharge.runner | Current-driven step setup
2026-09-26 10:16:02 | INFO | Process-18[26116] | charge_discharge.runner | Start step successful
2026-09-26 10:16:02 | INFO | Process-18[26116] | charge_discharge.runner | End condition before measurement loop: none
2026-09-26 10:16:02 | INFO | Process-18[26116] | charge_discharge.cycle_executor | CH0 - Cycle 2 step 0 ending; reason: end_condition
2026-09-26 10:16:02 | INFO | Process-18[26116] | charge_discharge.cycle_executor | CH0 - Cycle 2 ending
2026-09-26 10:16:02 | INFO | Process-18[26116] | charge_discharge.cycle_executor | CH0 - All cycles completed
2026-09-26 10:16:04 | INFO | Process-20[32840] | equipment | Virtual device connected: Fake Test PSU
2026-09-26 10:16:04 | INFO | Process-21[36308] | equipment | Virtual device connected: Fake Test Eload
2026-09-26 10:16:04 | INFO | Process-22[15568] | equipment | Virtual device connected: Fake Test DMM
2026-09-26 10:16:04 | INFO | Process-23[41816] | equipment | Virtual device connected: Fake Test DMM
2026-09-26 10:16:04 | INFO | Process-24[36632] | equipment | Virtual device connected: Fake Test DMM
2026-09-26 10:16:05 | WARNING | Process-25[9668] | pint.util | Redefining 'ampere_hour' (<class 'pint.delegates.txt_defparser.plain.UnitDefinition'>)
2026-09-26 10:16:05 | WARNING | Process-25[9668] | pint.util | Redefining 'Ah' (<class 'pint.delegates.txt_defparser.plain.UnitDefinition'>)
2026-09-26 10:16:05 | WARNING | Process-25[9668] | pint.util | Redefining 'watt_hour' (<class 'pint.delegates.txt_defparser.plain.UnitDefinition'>)
2026-09-26 10:16:05 | WARNING | Process-25[9668] | pint.util | Redefining 'Wh' (<class 'pint.delegates.txt_defparser.plain.UnitDefinition'>)
2026-09-26 10:16:07 | INFO | Process-25[9668] | charge_discharge.cycle_executor | CH0 - Cycle 3 starting
2026-09-26 10:16:07 | INFO | Process-25[9668] | charge_discharge.cycle_executor | CH0 - Cycle settings: [{'cycle_type': 'step', 'cycle_display': 'Discharge', 'drive_style': 'current_a', 'drive_value': -10.0, 'drive_value_other': 0.0, 'end_style': 'time_s', 'end_condition': 'greater', 'end_value': 0.05, 'meas_log_int_s': 0.01, 'safety_min_voltage_v': 2.0, 'safety_max_voltage_v': 4.3, 'safety_min_current_a': -10.0, 'safety_max_current_a': 10.0, 'safety_max_time_s': 2.0}]
2026-09-26 10:16:07 | INFO | Process-25[9668] | charge_discharge.cycle_executor | CH0 - Cycle 3 step 0 starting
2026-09-26 10:16:07 | INFO | Process-25[9668] | charge_discharge.cycle_executor | CH0 - Step settings: {'cycle_type': 'step', 'cycle_display': 'Discharge', 'drive_style': 'current_a', 'drive_value': -10.0, 'drive_value_other': 0.0, 'end_style': 'time_s', 'end_condition': 'greater', 'end_value': 0.05, 'meas_log_int_s': 0.01, 'safety_min_voltage_v': 2.0, 'safety_max_voltage_v': 4.3, 'safety_min_current_a': -10.0, 'safety_max_current_a': 10.0, 'safety_max_time_s': 2.0}
2026-09-26 10:16:07 | INFO | Process-25[9668] | charge_discharge.runner | Voltage measurement equipment chosen
2026-09-26 10:16:07 | INFO | Process-25[9668] | charge_discharge.runner | Current measurement equipment chosen
2026-09-26 10:16:07 | INFO | Process-25[9668] | charge_discharge.runner | Current-driven step setup
2026-09-26 10:16:07 | INFO | Process-25[9668] | charge_discharge.runner | Start step successful
2026-09-26 10:16:07 | INFO | Process-25[9668] | charge_discharge.runner | End condition before measurement loop: none
2026-09-26 10:16:07 | INFO | Process-25[9668] | charge_discharge.cycle_executor | CH0 - Cycle 3 step 0 ending; reason: end_condition
2026-09-26 10:16:07 | INFO | Process-25[9668] | charge_discharge.cycle_executor | CH0 - Cycle 3 ending
2026-09-26 10:16:07 | INFO | Process-25[9668] | charge_discharge.cycle_executor | CH0 - All cycles completed
2026-09-26 10:16:10 | INFO | Process-29[42464] | equipment | Virtual device connected: Fake Test DMM

2026-09-26 10:16:10 | INFO | Process-27[41508] | equipment | Virtual device connected: Fake Test PSU
2026-09-26 10:16:10 | INFO | Process-31[32308] | equipment | Virtual device connected: Fake Test DMM
2026-09-26 10:16:10 | INFO | Process-30[44504] | equipment | Virtual device connected: Fake Test DMM
2026-09-26 10:16:11 | WARNING | Process-32[9528] | pint.util | Redefining 'ampere_hour' (<class 'pint.delegates.txt_defparser.plain.UnitDefinition'>)
2026-09-26 10:16:11 | WARNING | Process-32[9528] | pint.util | Redefining 'Ah' (<class 'pint.delegates.txt_defparser.plain.UnitDefinition'>)
2026-09-26 10:16:11 | WARNING | Process-32[9528] | pint.util | Redefining 'watt_hour' (<class 'pint.delegates.txt_defparser.plain.UnitDefinition'>)
2026-09-26 10:16:11 | WARNING | Process-32[9528] | pint.util | Redefining 'Wh' (<class 'pint.delegates.txt_defparser.plain.UnitDefinition'>)
2026-09-26 10:16:13 | INFO | Process-32[9528] | charge_discharge.cycle_executor | CH0 - Cycle 1 starting
2026-09-26 10:16:13 | INFO | Process-32[9528] | charge_discharge.cycle_executor | CH0 - Cycle settings: [{'cycle_type': 'step', 'cycle_display': 'Discharge', 'drive_style': 'current_a', 'drive_value': -1.0, 'drive_value_other': 0, 'end_style': 'voltage_v', 'end_condition': 'lesser', 'end_value': 4.19, 'meas_log_int_s': 1, 'safety_min_voltage_v': 2.45, 'safety_max_voltage_v': 4.25, 'safety_min_current_a': -10, 'safety_max_current_a': 10, 'safety_max_time_s': 2.0}]
2026-09-26 10:16:13 | INFO | Process-32[9528] | charge_discharge.cycle_executor | CH0 - Cycle 1 step 0 starting
2026-09-26 10:16:13 | INFO | Process-32[9528] | charge_discharge.cycle_executor | CH0 - Step settings: {'cycle_type': 'step', 'cycle_display': 'Discharge', 'drive_style': 'current_a', 'drive_value': -1.0, 'drive_value_other': 0, 'end_style': 'voltage_v', 'end_condition': 'lesser', 'end_value': 4.19, 'meas_log_int_s': 1, 'safety_min_voltage_v': 2.45, 'safety_max_voltage_v': 4.25, 'safety_min_current_a': -10, 'safety_max_current_a': 10, 'safety_max_time_s': 2.0}
2026-09-26 10:16:13 | INFO | Process-32[9528] | charge_discharge.runner | Voltage measurement equipment chosen
2026-09-26 10:16:13 | INFO | Process-32[9528] | charge_discharge.runner | Current measurement equipment chosen
2026-09-26 10:16:13 | INFO | Process-32[9528] | charge_discharge.runner | Current-driven step setup
2026-09-26 10:16:13 | INFO | Process-32[9528] | charge_discharge.runner | Start step successful
2026-09-26 10:16:13 | INFO | Process-32[9528] | charge_discharge.runner | End condition before measurement loop: end_condition
2026-09-26 10:16:13 | INFO | Process-32[9528] | charge_discharge.cycle_executor | CH0 - Cycle 1 step 0 ending; reason: end_condition
2026-09-26 10:16:13 | INFO | Process-32[9528] | charge_discharge.cycle_executor | CH0 - Cycle 1 ending
2026-09-26 10:16:13 | INFO | Process-32[9528] | charge_discharge.cycle_executor | CH0 - All cycles completed
2026-09-26 10:16:21 | INFO | Process-8[28456] | equipment | Virtual device connected: Fake Test DMM
2026-09-26 10:16:21 | INFO | Process-6[46272] | equipment | Virtual device connected: Fake Test PSU
2026-09-26 10:16:21 | INFO | Process-7[28024] | equipment | Virtual device connected: Fake Test Eload
2026-09-26 10:16:21 | INFO | Process-9[6200] | equipment | Virtual device connected: Fake Test DMM
2026-09-26 10:16:21 | INFO | Process-10[17256] | equipment | Virtual device connected: Fake Test DMM
2026-09-26 10:16:21 | ERROR | Process-9[6200] | equipment | Virtual device operation failed: measure_current
Traceback (most recent call last):
  File "D:\Documents\GitHub\Test_Equipment_Control\equipment.py", line 218, in virtual_device_management_process
    return_data = _dispatch_virtual_device_method(device, operation, args)
  File "D:\Documents\GitHub\Test_Equipment_Control\equipment.py", line 142, in _dispatch_virtual_device_method
    return method(*args)
  File "D:\Documents\GitHub\Test_Equipment_Control\lab_equipment\DMM_Fake.py", line 15, in measure_current
    return require_simulation_link(self.battery_link, "Fake DMM").measure_current()
           ~~~~~~~~~~~~~~~~~~~~~~~^^^^^^^^^^^^^^^^^^^^^^^^^^^^^^^
  File "D:\Documents\GitHub\Test_Equipment_Control\battery_app\simulation.py", line 25, in require_simulation_link
    raise FakeInstrumentNotAttachedError(
        f"{instrument_name} requires an attached SIMULATED_LG_MJ1 battery link"
    )
battery_app.simulation.FakeInstrumentNotAttachedError: Fake DMM requires an attached SIMULATED_LG_MJ1 battery link
2026-09-26 10:16:25 | INFO | Process-13[38280] | equipment | Virtual device connected: Fake Test PSU
2026-09-26 10:16:25 | INFO | Process-14[32628] | equipment | Virtual device connected: Fake Test Eload
2026-09-26 10:16:25 | INFO | Process-16[43940] | equipment | Virtual device connected: Fake Test DMM
2026-09-26 10:16:25 | INFO | Process-15[37056] | equipment | Virtual device connected: Fake Test DMM
2026-09-26 10:16:25 | INFO | Process-17[14780] | equipment | Virtual device connected: Fake Test DMM
2026-09-26 10:16:26 | WARNING | Process-18[45740] | pint.util | Redefining 'ampere_hour' (<class 'pint.delegates.txt_defparser.plain.UnitDefinition'>)
2026-09-26 10:16:26 | WARNING | Process-18[45740] | pint.util | Redefining 'Ah' (<class 'pint.delegates.txt_defparser.plain.UnitDefinition'>)
2026-09-26 10:16:26 | WARNING | Process-18[45740] | pint.util | Redefining 'watt_hour' (<class 'pint.delegates.txt_defparser.plain.UnitDefinition'>)
2026-09-26 10:16:26 | WARNING | Process-18[45740] | pint.util | Redefining 'Wh' (<class 'pint.delegates.txt_defparser.plain.UnitDefinition'>)
2026-09-26 10:16:28 | INFO | Process-18[45740] | charge_discharge.cycle_executor | CH0 - Cycle 1 starting
2026-09-26 10:16:28 | INFO | Process-18[45740] | charge_discharge.cycle_executor | CH0 - Cycle settings: [{'cycle_type': 'step', 'cycle_display': 'Discharge', 'drive_style': 'current_a', 'drive_value': -10.0, 'drive_value_other': 0.0, 'end_style': 'time_s', 'end_condition': 'greater', 'end_value': 0.05, 'meas_log_int_s': 0.01, 'safety_min_voltage_v': 2.0, 'safety_max_voltage_v': 4.3, 'safety_min_current_a': -10.0, 'safety_max_current_a': 10.0, 'safety_max_time_s': 2.0}]
2026-09-26 10:16:28 | INFO | Process-18[45740] | charge_discharge.cycle_executor | CH0 - Cycle 1 step 0 starting
2026-09-26 10:16:28 | INFO | Process-18[45740] | charge_discharge.cycle_executor | CH0 - Step settings: {'cycle_type': 'step', 'cycle_display': 'Discharge', 'drive_style': 'current_a', 'drive_value': -10.0, 'drive_value_other': 0.0, 'end_style': 'time_s', 'end_condition': 'greater', 'end_value': 0.05, 'meas_log_int_s': 0.01, 'safety_min_voltage_v': 2.0, 'safety_max_voltage_v': 4.3, 'safety_min_current_a': -10.0, 'safety_max_current_a': 10.0, 'safety_max_time_s': 2.0}
2026-09-26 10:16:28 | INFO | Process-18[45740] | charge_discharge.runner | Voltage measurement equipment chosen
2026-09-26 10:16:28 | INFO | Process-18[45740] | charge_discharge.runner | Current measurement equipment chosen
2026-09-26 10:16:28 | INFO | Process-18[45740] | charge_discharge.runner | Current-driven step setup
2026-09-26 10:16:28 | INFO | Process-18[45740] | charge_discharge.runner | Start step successful
2026-09-26 10:16:28 | INFO | Process-18[45740] | charge_discharge.runner | End condition before measurement loop: none
2026-09-26 10:16:28 | INFO | Process-18[45740] | charge_discharge.cycle_executor | CH0 - Cycle 1 step 0 ending; reason: end_condition
2026-09-26 10:16:28 | INFO | Process-18[45740] | charge_discharge.cycle_executor | CH0 - Cycle 1 ending
2026-09-26 10:16:28 | INFO | Process-18[45740] | charge_discharge.cycle_executor | CH0 - Cycle 2 starting
2026-09-26 10:16:28 | INFO | Process-18[45740] | charge_discharge.cycle_executor | CH0 - Cycle settings: [{'cycle_type': 'step', 'cycle_display': 'Discharge', 'drive_style': 'current_a', 'drive_value': -10.0, 'drive_value_other': 0.0, 'end_style': 'time_s', 'end_condition': 'greater', 'end_value': 0.05, 'meas_log_int_s': 0.01, 'safety_min_voltage_v': 2.0, 'safety_max_voltage_v': 4.3, 'safety_min_current_a': -10.0, 'safety_max_current_a': 10.0, 'safety_max_time_s': 2.0}]
2026-09-26 10:16:28 | INFO | Process-18[45740] | charge_discharge.cycle_executor | CH0 - Cycle 2 step 0 starting
2026-09-26 10:16:28 | INFO | Process-18[45740] | charge_discharge.cycle_executor | CH0 - Step settings: {'cycle_type': 'step', 'cycle_display': 'Discharge', 'drive_style': 'current_a', 'drive_value': -10.0, 'drive_value_other': 0.0, 'end_style': 'time_s', 'end_condition': 'greater', 'end_value': 0.05, 'meas_log_int_s': 0.01, 'safety_min_voltage_v': 2.0, 'safety_max_voltage_v': 4.3, 'safety_min_current_a': -10.0, 'safety_max_current_a': 10.0, 'safety_max_time_s': 2.0}
2026-09-26 10:16:28 | INFO | Process-18[45740] | charge_discharge.runner | Voltage measurement equipment chosen
2026-09-26 10:16:28 | INFO | Process-18[45740] | charge_discharge.runner | Current measurement equipment chosen
2026-09-26 10:16:28 | INFO | Process-18[45740] | charge_discharge.runner | Current-driven step setup
2026-09-26 10:16:28 | INFO | Process-18[45740] | charge_discharge.runner | Start step successful
2026-09-26 10:16:28 | INFO | Process-18[45740] | charge_discharge.runner | End condition before measurement loop: none
2026-09-26 10:16:28 | INFO | Process-18[45740] | charge_discharge.cycle_executor | CH0 - Cycle 2 step 0 ending; reason: end_condition
2026-09-26 10:16:28 | INFO | Process-18[45740] | charge_discharge.cycle_executor | CH0 - Cycle 2 ending
2026-09-26 10:16:28 | INFO | Process-18[45740] | charge_discharge.cycle_executor | CH0 - All cycles completed
2026-09-26 10:16:31 | INFO | Process-20[7628] | equipment | Virtual device connected: Fake Test PSU
2026-09-26 10:16:31 | INFO | Process-21[24572] | equipment | Virtual device connected: Fake Test Eload
2026-09-26 10:16:31 | INFO | Process-22[21012] | equipment | Virtual device connected: Fake Test DMM
2026-09-26 10:16:31 | INFO | Process-23[31344] | equipment | Virtual device connected: Fake Test DMM
2026-09-26 10:16:31 | INFO | Process-24[31780] | equipment | Virtual device connected: Fake Test DMM
2026-09-26 10:16:32 | WARNING | Process-25[5516] | pint.util | Redefining 'ampere_hour' (<class 'pint.delegates.txt_defparser.plain.UnitDefinition'>)
2026-09-26 10:16:32 | WARNING | Process-25[5516] | pint.util | Redefining 'Ah' (<class 'pint.delegates.txt_defparser.plain.UnitDefinition'>)
2026-09-26 10:16:32 | WARNING | Process-25[5516] | pint.util | Redefining 'watt_hour' (<class 'pint.delegates.txt_defparser.plain.UnitDefinition'>)
2026-09-26 10:16:32 | WARNING | Process-25[5516] | pint.util | Redefining 'Wh' (<class 'pint.delegates.txt_defparser.plain.UnitDefinition'>)
2026-09-26 10:16:34 | INFO | Process-25[5516] | charge_discharge.cycle_executor | CH0 - Cycle 3 starting
2026-09-26 10:16:34 | INFO | Process-25[5516] | charge_discharge.cycle_executor | CH0 - Cycle settings: [{'cycle_type': 'step', 'cycle_display': 'Discharge', 'drive_style': 'current_a', 'drive_value': -10.0, 'drive_value_other': 0.0, 'end_style': 'time_s', 'end_condition': 'greater', 'end_value': 0.05, 'meas_log_int_s': 0.01, 'safety_min_voltage_v': 2.0, 'safety_max_voltage_v': 4.3, 'safety_min_current_a': -10.0, 'safety_max_current_a': 10.0, 'safety_max_time_s': 2.0}]
2026-09-26 10:16:34 | INFO | Process-25[5516] | charge_discharge.cycle_executor | CH0 - Cycle 3 step 0 starting
2026-09-26 10:16:34 | INFO | Process-25[5516] | charge_discharge.cycle_executor | CH0 - Step settings: {'cycle_type': 'step', 'cycle_display': 'Discharge', 'drive_style': 'current_a', 'drive_value': -10.0, 'drive_value_other': 0.0, 'end_style': 'time_s', 'end_condition': 'greater', 'end_value': 0.05, 'meas_log_int_s': 0.01, 'safety_min_voltage_v': 2.0, 'safety_max_voltage_v': 4.3, 'safety_min_current_a': -10.0, 'safety_max_current_a': 10.0, 'safety_max_time_s': 2.0}
2026-09-26 10:16:34 | INFO | Process-25[5516] | charge_discharge.runner | Voltage measurement equipment chosen
2026-09-26 10:16:34 | INFO | Process-25[5516] | charge_discharge.runner | Current measurement equipment chosen
2026-09-26 10:16:34 | INFO | Process-25[5516] | charge_discharge.runner | Current-driven step setup
2026-09-26 10:16:34 | INFO | Process-25[5516] | charge_discharge.runner | Start step successful
2026-09-26 10:16:34 | INFO | Process-25[5516] | charge_discharge.runner | End condition before measurement loop: none
2026-09-26 10:16:34 | INFO | Process-25[5516] | charge_discharge.cycle_executor | CH0 - Cycle 3 step 0 ending; reason: end_condition
2026-09-26 10:16:34 | INFO | Process-25[5516] | charge_discharge.cycle_executor | CH0 - Cycle 3 ending
2026-09-26 10:16:34 | INFO | Process-25[5516] | charge_discharge.cycle_executor | CH0 - All cycles completed
2026-09-26 10:16:37 | INFO | Process-27[37204] | equipment | Virtual device connected: Fake Test PSU
2026-09-26 10:16:37 | INFO | Process-29[26400] | equipment | Virtual device connected: Fake Test DMM
2026-09-26 10:16:37 | INFO | Process-28[5468] | equipment | Virtual device connected: Fake Test Eload
2026-09-26 10:16:37 | INFO | Process-30[36504] | equipment | Virtual device connected: Fake Test DMM
2026-09-26 10:16:37 | INFO | Process-31[26116] | equipment | Virtual device connected: Fake Test DMM
2026-09-26 10:16:38 | WARNING | Process-32[43768] | pint.util | Redefining 'ampere_hour' (<class 'pint.delegates.txt_defparser.plain.UnitDefinition'>)
2026-09-26 10:16:38 | WARNING | Process-32[43768] | pint.util | Redefining 'Ah' (<class 'pint.delegates.txt_defparser.plain.UnitDefinition'>)
2026-09-26 10:16:38 | WARNING | Process-32[43768] | pint.util | Redefining 'watt_hour' (<class 'pint.delegates.txt_defparser.plain.UnitDefinition'>)
2026-09-26 10:16:38 | WARNING | Process-32[43768] | pint.util | Redefining 'Wh' (<class 'pint.delegates.txt_defparser.plain.UnitDefinition'>)
2026-09-26 10:16:40 | INFO | Process-32[43768] | charge_discharge.cycle_executor | CH0 - Cycle 1 starting
2026-09-26 10:16:40 | INFO | Process-32[43768] | charge_discharge.cycle_executor | CH0 - Cycle settings: [{'cycle_type': 'step', 'cycle_display': 'Discharge', 'drive_style': 'current_a', 'drive_value': -1.0, 'drive_value_other': 0, 'end_style': 'voltage_v', 'end_condition': 'lesser', 'end_value': 4.19, 'meas_log_int_s': 1, 'safety_min_voltage_v': 2.45, 'safety_max_voltage_v': 4.25, 'safety_min_current_a': -10, 'safety_max_current_a': 10, 'safety_max_time_s': 2.0}]
2026-09-26 10:16:40 | INFO | Process-32[43768] | charge_discharge.cycle_executor | CH0 - Cycle 1 step 0 starting
2026-09-26 10:16:40 | INFO | Process-32[43768] | charge_discharge.cycle_executor | CH0 - Step settings: {'cycle_type': 'step', 'cycle_display': 'Discharge', 'drive_style': 'current_a', 'drive_value': -1.0, 'drive_value_other': 0, 'end_style': 'voltage_v', 'end_condition': 'lesser', 'end_value': 4.19, 'meas_log_int_s': 1, 'safety_min_voltage_v': 2.45, 'safety_max_voltage_v': 4.25, 'safety_min_current_a': -10, 'safety_max_current_a': 10, 'safety_max_time_s': 2.0}
2026-09-26 10:16:40 | INFO | Process-32[43768] | charge_discharge.runner | Voltage measurement equipment chosen
2026-09-26 10:16:40 | INFO | Process-32[43768] | charge_discharge.runner | Current measurement equipment chosen
2026-09-26 10:16:40 | INFO | Process-32[43768] | charge_discharge.runner | Current-driven step setup
2026-09-26 10:16:40 | INFO | Process-32[43768] | charge_discharge.runner | Start step successful
2026-09-26 10:16:40 | INFO | Process-32[43768] | charge_discharge.runner | End condition before measurement loop: end_condition
2026-09-26 10:16:40 | INFO | Process-32[43768] | charge_discharge.cycle_executor | CH0 - Cycle 1 step 0 ending; reason: end_condition
2026-09-26 10:16:40 | INFO | Process-32[43768] | charge_discharge.cycle_executor | CH0 - Cycle 1 ending
2026-09-26 10:16:40 | INFO | Process-32[43768] | charge_discharge.cycle_executor | CH0 - All cycles completed
2026-09-26 10:17:40 | INFO | Process-7[24852] | equipment | Virtual device connected: Fake Test Eload
2026-09-26 10:17:40 | INFO | Process-6[29372] | equipment | Virtual device connected: Fake Test PSU
2026-09-26 10:17:40 | INFO | Process-8[22696] | equipment | Virtual device connected: Fake Test DMM
2026-09-26 10:17:41 | INFO | Process-10[43932] | equipment | Virtual device connected: Fake Test DMM
2026-09-26 10:17:41 | INFO | Process-9[18232] | equipment | Virtual device connected: Fake Test DMM
2026-09-26 10:17:41 | ERROR | Process-9[18232] | equipment | Virtual device operation failed: measure_current
Traceback (most recent call last):
  File "D:\Documents\GitHub\Test_Equipment_Control\equipment.py", line 218, in virtual_device_management_process
    return_data = _dispatch_virtual_device_method(device, operation, args)
  File "D:\Documents\GitHub\Test_Equipment_Control\equipment.py", line 142, in _dispatch_virtual_device_method
    return method(*args)
  File "D:\Documents\GitHub\Test_Equipment_Control\lab_equipment\DMM_Fake.py", line 15, in measure_current
    return require_simulation_link(self.battery_link, "Fake DMM").measure_current()
           ~~~~~~~~~~~~~~~~~~~~~~~^^^^^^^^^^^^^^^^^^^^^^^^^^^^^^^
  File "D:\Documents\GitHub\Test_Equipment_Control\battery_app\simulation.py", line 25, in require_simulation_link
    raise FakeInstrumentNotAttachedError(
        f"{instrument_name} requires an attached SIMULATED_LG_MJ1 battery link"
    )
battery_app.simulation.FakeInstrumentNotAttachedError: Fake DMM requires an attached SIMULATED_LG_MJ1 battery link
2026-09-26 10:17:43 | INFO | Process-13[3452] | equipment | Virtual device connected: Fake Test PSU
2026-09-26 10:17:43 | INFO | Process-15[30928] | equipment | Virtual device connected: Fake Test DMM
2026-09-26 10:17:43 | INFO | Process-14[38036] | equipment | Virtual device connected: Fake Test Eload
2026-09-26 10:17:43 | INFO | Process-16[26460] | equipment | Virtual device connected: Fake Test DMM
2026-09-26 10:17:43 | INFO | Process-17[33120] | equipment | Virtual device connected: Fake Test DMM
2026-09-26 10:17:44 | WARNING | Process-18[34784] | pint.util | Redefining 'ampere_hour' (<class 'pint.delegates.txt_defparser.plain.UnitDefinition'>)
2026-09-26 10:17:44 | WARNING | Process-18[34784] | pint.util | Redefining 'Ah' (<class 'pint.delegates.txt_defparser.plain.UnitDefinition'>)
2026-09-26 10:17:44 | WARNING | Process-18[34784] | pint.util | Redefining 'watt_hour' (<class 'pint.delegates.txt_defparser.plain.UnitDefinition'>)
2026-09-26 10:17:44 | WARNING | Process-18[34784] | pint.util | Redefining 'Wh' (<class 'pint.delegates.txt_defparser.plain.UnitDefinition'>)
2026-09-26 10:17:46 | INFO | Process-18[34784] | charge_discharge.cycle_executor | CH0 - Cycle 1 starting
2026-09-26 10:17:46 | INFO | Process-18[34784] | charge_discharge.cycle_executor | CH0 - Cycle settings: [{'cycle_type': 'step', 'cycle_display': 'Discharge', 'drive_style': 'current_a', 'drive_value': -10.0, 'drive_value_other': 0.0, 'end_style': 'time_s', 'end_condition': 'greater', 'end_value': 0.05, 'meas_log_int_s': 0.01, 'safety_min_voltage_v': 2.0, 'safety_max_voltage_v': 4.3, 'safety_min_current_a': -10.0, 'safety_max_current_a': 10.0, 'safety_max_time_s': 2.0}]
2026-09-26 10:17:46 | INFO | Process-18[34784] | charge_discharge.cycle_executor | CH0 - Cycle 1 step 0 starting
2026-09-26 10:17:46 | INFO | Process-18[34784] | charge_discharge.cycle_executor | CH0 - Step settings: {'cycle_type': 'step', 'cycle_display': 'Discharge', 'drive_style': 'current_a', 'drive_value': -10.0, 'drive_value_other': 0.0, 'end_style': 'time_s', 'end_condition': 'greater', 'end_value': 0.05, 'meas_log_int_s': 0.01, 'safety_min_voltage_v': 2.0, 'safety_max_voltage_v': 4.3, 'safety_min_current_a': -10.0, 'safety_max_current_a': 10.0, 'safety_max_time_s': 2.0}
2026-09-26 10:17:46 | INFO | Process-18[34784] | charge_discharge.runner | Voltage measurement equipment chosen
2026-09-26 10:17:46 | INFO | Process-18[34784] | charge_discharge.runner | Current measurement equipment chosen
2026-09-26 10:17:46 | INFO | Process-18[34784] | charge_discharge.runner | Current-driven step setup
2026-09-26 10:17:46 | INFO | Process-18[34784] | charge_discharge.runner | Start step successful
2026-09-26 10:17:46 | INFO | Process-18[34784] | charge_discharge.runner | End condition before measurement loop: none
2026-09-26 10:17:46 | INFO | Process-18[34784] | charge_discharge.cycle_executor | CH0 - Cycle 1 step 0 ending; reason: end_condition
2026-09-26 10:17:46 | INFO | Process-18[34784] | charge_discharge.cycle_executor | CH0 - Cycle 1 ending
2026-09-26 10:17:46 | INFO | Process-18[34784] | charge_discharge.cycle_executor | CH0 - Cycle 2 starting
2026-09-26 10:17:46 | INFO | Process-18[34784] | charge_discharge.cycle_executor | CH0 - Cycle settings: [{'cycle_type': 'step', 'cycle_display': 'Discharge', 'drive_style': 'current_a', 'drive_value': -10.0, 'drive_value_other': 0.0, 'end_style': 'time_s', 'end_condition': 'greater', 'end_value': 0.05, 'meas_log_int_s': 0.01, 'safety_min_voltage_v': 2.0, 'safety_max_voltage_v': 4.3, 'safety_min_current_a': -10.0, 'safety_max_current_a': 10.0, 'safety_max_time_s': 2.0}]
2026-09-26 10:17:46 | INFO | Process-18[34784] | charge_discharge.cycle_executor | CH0 - Cycle 2 step 0 starting
2026-09-26 10:17:46 | INFO | Process-18[34784] | charge_discharge.cycle_executor | CH0 - Step settings: {'cycle_type': 'step', 'cycle_display': 'Discharge', 'drive_style': 'current_a', 'drive_value': -10.0, 'drive_value_other': 0.0, 'end_style': 'time_s', 'end_condition': 'greater', 'end_value': 0.05, 'meas_log_int_s': 0.01, 'safety_min_voltage_v': 2.0, 'safety_max_voltage_v': 4.3, 'safety_min_current_a': -10.0, 'safety_max_current_a': 10.0, 'safety_max_time_s': 2.0}
2026-09-26 10:17:46 | INFO | Process-18[34784] | charge_discharge.runner | Voltage measurement equipment chosen
2026-09-26 10:17:46 | INFO | Process-18[34784] | charge_discharge.runner | Current measurement equipment chosen
2026-09-26 10:17:46 | INFO | Process-18[34784] | charge_discharge.runner | Current-driven step setup
2026-09-26 10:17:46 | INFO | Process-18[34784] | charge_discharge.runner | Start step successful
2026-09-26 10:17:46 | INFO | Process-18[34784] | charge_discharge.runner | End condition before measurement loop: none
2026-09-26 10:17:46 | INFO | Process-18[34784] | charge_discharge.cycle_executor | CH0 - Cycle 2 step 0 ending; reason: end_condition
2026-09-26 10:17:46 | INFO | Process-18[34784] | charge_discharge.cycle_executor | CH0 - Cycle 2 ending
2026-09-26 10:17:46 | INFO | Process-18[34784] | charge_discharge.cycle_executor | CH0 - All cycles completed
2026-09-26 10:17:49 | INFO | Process-20[37972] | equipment | Virtual device connected: Fake Test PSU
2026-09-26 10:17:49 | INFO | Process-21[14964] | equipment | Virtual device connected: Fake Test Eload
2026-09-26 10:17:49 | INFO | Process-22[28024] | equipment | Virtual device connected: Fake Test DMM
2026-09-26 10:17:49 | INFO | Process-23[24836] | equipment | Virtual device connected: Fake Test DMM
2026-09-26 10:17:49 | INFO | Process-24[45096] | equipment | Virtual device connected: Fake Test DMM
2026-09-26 10:17:50 | WARNING | Process-25[18164] | pint.util | Redefining 'ampere_hour' (<class 'pint.delegates.txt_defparser.plain.UnitDefinition'>)
2026-09-26 10:17:50 | WARNING | Process-25[18164] | pint.util | Redefining 'Ah' (<class 'pint.delegates.txt_defparser.plain.UnitDefinition'>)
2026-09-26 10:17:50 | WARNING | Process-25[18164] | pint.util | Redefining 'watt_hour' (<class 'pint.delegates.txt_defparser.plain.UnitDefinition'>)
2026-09-26 10:17:50 | WARNING | Process-25[18164] | pint.util | Redefining 'Wh' (<class 'pint.delegates.txt_defparser.plain.UnitDefinition'>)
2026-09-26 10:17:52 | INFO | Process-25[18164] | charge_discharge.cycle_executor | CH0 - Cycle 3 starting
2026-09-26 10:17:52 | INFO | Process-25[18164] | charge_discharge.cycle_executor | CH0 - Cycle settings: [{'cycle_type': 'step', 'cycle_display': 'Discharge', 'drive_style': 'current_a', 'drive_value': -10.0, 'drive_value_other': 0.0, 'end_style': 'time_s', 'end_condition': 'greater', 'end_value': 0.05, 'meas_log_int_s': 0.01, 'safety_min_voltage_v': 2.0, 'safety_max_voltage_v': 4.3, 'safety_min_current_a': -10.0, 'safety_max_current_a': 10.0, 'safety_max_time_s': 2.0}]
2026-09-26 10:17:52 | INFO | Process-25[18164] | charge_discharge.cycle_executor | CH0 - Cycle 3 step 0 starting
2026-09-26 10:17:52 | INFO | Process-25[18164] | charge_discharge.cycle_executor | CH0 - Step settings: {'cycle_type': 'step', 'cycle_display': 'Discharge', 'drive_style': 'current_a', 'drive_value': -10.0, 'drive_value_other': 0.0, 'end_style': 'time_s', 'end_condition': 'greater', 'end_value': 0.05, 'meas_log_int_s': 0.01, 'safety_min_voltage_v': 2.0, 'safety_max_voltage_v': 4.3, 'safety_min_current_a': -10.0, 'safety_max_current_a': 10.0, 'safety_max_time_s': 2.0}
2026-09-26 10:17:52 | INFO | Process-25[18164] | charge_discharge.runner | Voltage measurement equipment chosen
2026-09-26 10:17:52 | INFO | Process-25[18164] | charge_discharge.runner | Current measurement equipment chosen
2026-09-26 10:17:52 | INFO | Process-25[18164] | charge_discharge.runner | Current-driven step setup
2026-09-26 10:17:52 | INFO | Process-25[18164] | charge_discharge.runner | Start step successful
2026-09-26 10:17:52 | INFO | Process-25[18164] | charge_discharge.runner | End condition before measurement loop: none
2026-09-26 10:17:52 | INFO | Process-25[18164] | charge_discharge.cycle_executor | CH0 - Cycle 3 step 0 ending; reason: end_condition
2026-09-26 10:17:52 | INFO | Process-25[18164] | charge_discharge.cycle_executor | CH0 - Cycle 3 ending
2026-09-26 10:17:52 | INFO | Process-25[18164] | charge_discharge.cycle_executor | CH0 - All cycles completed
2026-09-26 10:18:05 | INFO | Process-4[46756] | equipment | Virtual device connected: Fake Test DMM
2026-09-26 10:18:05 | INFO | Process-5[39452] | equipment | Virtual device connected: Fake Test DMM

2026-09-26 10:18:05 | INFO | Process-6[7632] | equipment | Virtual device connected: Fake Test DMM
2026-09-26 10:18:06 | WARNING | Process-7[21244] | pint.util | Redefining 'ampere_hour' (<class 'pint.delegates.txt_defparser.plain.UnitDefinition'>)
2026-09-26 10:18:06 | WARNING | Process-7[21244] | pint.util | Redefining 'Ah' (<class 'pint.delegates.txt_defparser.plain.UnitDefinition'>)
2026-09-26 10:18:06 | WARNING | Process-7[21244] | pint.util | Redefining 'watt_hour' (<class 'pint.delegates.txt_defparser.plain.UnitDefinition'>)
2026-09-26 10:18:06 | WARNING | Process-7[21244] | pint.util | Redefining 'Wh' (<class 'pint.delegates.txt_defparser.plain.UnitDefinition'>)
2026-09-26 10:18:08 | INFO | Process-7[21244] | charge_discharge.cycle_executor | CH0 - Cycle 1 starting
2026-09-26 10:18:08 | INFO | Process-7[21244] | charge_discharge.cycle_executor | CH0 - Cycle settings: [{'cycle_type': 'step', 'cycle_display': 'Discharge', 'drive_style': 'current_a', 'drive_value': -1.0, 'drive_value_other': 0, 'end_style': 'voltage_v', 'end_condition': 'lesser', 'end_value': 4.19, 'meas_log_int_s': 1, 'safety_min_voltage_v': 2.45, 'safety_max_voltage_v': 4.25, 'safety_min_current_a': -10, 'safety_max_current_a': 10, 'safety_max_time_s': 2.0}]
2026-09-26 10:18:08 | INFO | Process-7[21244] | charge_discharge.cycle_executor | CH0 - Cycle 1 step 0 starting
2026-09-26 10:18:08 | INFO | Process-7[21244] | charge_discharge.cycle_executor | CH0 - Step settings: {'cycle_type': 'step', 'cycle_display': 'Discharge', 'drive_style': 'current_a', 'drive_value': -1.0, 'drive_value_other': 0, 'end_style': 'voltage_v', 'end_condition': 'lesser', 'end_value': 4.19, 'meas_log_int_s': 1, 'safety_min_voltage_v': 2.45, 'safety_max_voltage_v': 4.25, 'safety_min_current_a': -10, 'safety_max_current_a': 10, 'safety_max_time_s': 2.0}
2026-09-26 10:18:08 | INFO | Process-7[21244] | charge_discharge.runner | Voltage measurement equipment chosen
2026-09-26 10:18:08 | INFO | Process-7[21244] | charge_discharge.runner | Current measurement equipment chosen
2026-09-26 10:18:08 | INFO | Process-7[21244] | charge_discharge.runner | Current-driven step setup
2026-09-26 10:18:08 | INFO | Process-7[21244] | charge_discharge.runner | Start step successful
2026-09-26 10:18:08 | INFO | Process-7[21244] | charge_discharge.runner | End condition before measurement loop: end_condition
2026-09-26 10:18:08 | INFO | Process-7[21244] | charge_discharge.cycle_executor | CH0 - Cycle 1 step 0 ending; reason: end_condition
2026-09-26 10:18:08 | INFO | Process-7[21244] | charge_discharge.cycle_executor | CH0 - Cycle 1 ending
2026-09-26 10:18:08 | INFO | Process-7[21244] | charge_discharge.cycle_executor | CH0 - All cycles completed
2026-09-26 10:18:58 | INFO | Process-10[42152] | equipment | Virtual device connected: Fake Test DMM
2026-09-26 10:18:58 | INFO | Process-7[28488] | equipment | Virtual device connected: Fake Test PSU

2026-09-26 10:18:58 | INFO | Process-11[39684] | equipment | Virtual device connected: Fake Test DMM
2026-09-26 10:18:58 | ERROR | Process-10[42152] | equipment | Virtual device operation failed: measure_current
Traceback (most recent call last):
  File "D:\Documents\GitHub\Test_Equipment_Control\equipment.py", line 218, in virtual_device_management_process
    return_data = _dispatch_virtual_device_method(device, operation, args)
  File "D:\Documents\GitHub\Test_Equipment_Control\equipment.py", line 142, in _dispatch_virtual_device_method
    return method(*args)
  File "D:\Documents\GitHub\Test_Equipment_Control\lab_equipment\DMM_Fake.py", line 15, in measure_current
    return require_simulation_link(self.battery_link, "Fake DMM").measure_current()
           ~~~~~~~~~~~~~~~~~~~~~~~^^^^^^^^^^^^^^^^^^^^^^^^^^^^^^^
  File "D:\Documents\GitHub\Test_Equipment_Control\battery_app\simulation.py", line 25, in require_simulation_link
    raise FakeInstrumentNotAttachedError(
        f"{instrument_name} requires an attached SIMULATED_LG_MJ1 battery link"
    )
battery_app.simulation.FakeInstrumentNotAttachedError: Fake DMM requires an attached SIMULATED_LG_MJ1 battery link
2026-09-26 10:19:00 | INFO | Process-14[27268] | equipment | Virtual device connected: Fake Test PSU

2026-09-26 10:19:00 | INFO | Process-17[37572] | equipment | Virtual device connected: Fake Test DMM
2026-09-26 10:19:00 | INFO | Process-16[32180] | equipment | Virtual device connected: Fake Test DMM
2026-09-26 10:19:00 | INFO | Process-18[21520] | equipment | Virtual device connected: Fake Test DMM
2026-09-26 10:19:01 | WARNING | Process-19[32964] | pint.util | Redefining 'ampere_hour' (<class 'pint.delegates.txt_defparser.plain.UnitDefinition'>)
2026-09-26 10:19:01 | WARNING | Process-19[32964] | pint.util | Redefining 'Ah' (<class 'pint.delegates.txt_defparser.plain.UnitDefinition'>)
2026-09-26 10:19:01 | WARNING | Process-19[32964] | pint.util | Redefining 'watt_hour' (<class 'pint.delegates.txt_defparser.plain.UnitDefinition'>)
2026-09-26 10:19:01 | WARNING | Process-19[32964] | pint.util | Redefining 'Wh' (<class 'pint.delegates.txt_defparser.plain.UnitDefinition'>)
2026-09-26 10:19:03 | INFO | Process-19[32964] | charge_discharge.cycle_executor | CH0 - Cycle 1 starting
2026-09-26 10:19:03 | INFO | Process-19[32964] | charge_discharge.cycle_executor | CH0 - Cycle settings: [{'cycle_type': 'step', 'cycle_display': 'Discharge', 'drive_style': 'current_a', 'drive_value': -10.0, 'drive_value_other': 0.0, 'end_style': 'time_s', 'end_condition': 'greater', 'end_value': 0.05, 'meas_log_int_s': 0.01, 'safety_min_voltage_v': 2.0, 'safety_max_voltage_v': 4.3, 'safety_min_current_a': -10.0, 'safety_max_current_a': 10.0, 'safety_max_time_s': 2.0}]
2026-09-26 10:19:03 | INFO | Process-19[32964] | charge_discharge.cycle_executor | CH0 - Cycle 1 step 0 starting
2026-09-26 10:19:03 | INFO | Process-19[32964] | charge_discharge.cycle_executor | CH0 - Step settings: {'cycle_type': 'step', 'cycle_display': 'Discharge', 'drive_style': 'current_a', 'drive_value': -10.0, 'drive_value_other': 0.0, 'end_style': 'time_s', 'end_condition': 'greater', 'end_value': 0.05, 'meas_log_int_s': 0.01, 'safety_min_voltage_v': 2.0, 'safety_max_voltage_v': 4.3, 'safety_min_current_a': -10.0, 'safety_max_current_a': 10.0, 'safety_max_time_s': 2.0}
2026-09-26 10:19:03 | INFO | Process-19[32964] | charge_discharge.runner | Voltage measurement equipment chosen
2026-09-26 10:19:03 | INFO | Process-19[32964] | charge_discharge.runner | Current measurement equipment chosen
2026-09-26 10:19:03 | INFO | Process-19[32964] | charge_discharge.runner | Current-driven step setup
2026-09-26 10:19:03 | INFO | Process-19[32964] | charge_discharge.runner | Start step successful
2026-09-26 10:19:03 | INFO | Process-19[32964] | charge_discharge.runner | End condition before measurement loop: none
2026-09-26 10:19:03 | INFO | Process-19[32964] | charge_discharge.cycle_executor | CH0 - Cycle 1 step 0 ending; reason: end_condition
2026-09-26 10:19:03 | INFO | Process-19[32964] | charge_discharge.cycle_executor | CH0 - Cycle 1 ending
2026-09-26 10:19:03 | INFO | Process-19[32964] | charge_discharge.cycle_executor | CH0 - Cycle 2 starting
2026-09-26 10:19:03 | INFO | Process-19[32964] | charge_discharge.cycle_executor | CH0 - Cycle settings: [{'cycle_type': 'step', 'cycle_display': 'Discharge', 'drive_style': 'current_a', 'drive_value': -10.0, 'drive_value_other': 0.0, 'end_style': 'time_s', 'end_condition': 'greater', 'end_value': 0.05, 'meas_log_int_s': 0.01, 'safety_min_voltage_v': 2.0, 'safety_max_voltage_v': 4.3, 'safety_min_current_a': -10.0, 'safety_max_current_a': 10.0, 'safety_max_time_s': 2.0}]
2026-09-26 10:19:03 | INFO | Process-19[32964] | charge_discharge.cycle_executor | CH0 - Cycle 2 step 0 starting
2026-09-26 10:19:03 | INFO | Process-19[32964] | charge_discharge.cycle_executor | CH0 - Step settings: {'cycle_type': 'step', 'cycle_display': 'Discharge', 'drive_style': 'current_a', 'drive_value': -10.0, 'drive_value_other': 0.0, 'end_style': 'time_s', 'end_condition': 'greater', 'end_value': 0.05, 'meas_log_int_s': 0.01, 'safety_min_voltage_v': 2.0, 'safety_max_voltage_v': 4.3, 'safety_min_current_a': -10.0, 'safety_max_current_a': 10.0, 'safety_max_time_s': 2.0}
2026-09-26 10:19:03 | INFO | Process-19[32964] | charge_discharge.runner | Voltage measurement equipment chosen
2026-09-26 10:19:03 | INFO | Process-19[32964] | charge_discharge.runner | Current measurement equipment chosen
2026-09-26 10:19:03 | INFO | Process-19[32964] | charge_discharge.runner | Current-driven step setup
2026-09-26 10:19:03 | INFO | Process-19[32964] | charge_discharge.runner | Start step successful
2026-09-26 10:19:03 | INFO | Process-19[32964] | charge_discharge.runner | End condition before measurement loop: none
2026-09-26 10:19:03 | INFO | Process-19[32964] | charge_discharge.cycle_executor | CH0 - Cycle 2 step 0 ending; reason: end_condition
2026-09-26 10:19:03 | INFO | Process-19[32964] | charge_discharge.cycle_executor | CH0 - Cycle 2 ending
2026-09-26 10:19:03 | INFO | Process-19[32964] | charge_discharge.cycle_executor | CH0 - All cycles completed
2026-09-26 10:19:06 | INFO | Process-21[30552] | equipment | Virtual device connected: Fake Test PSU
2026-09-26 10:19:06 | INFO | Process-24[45380] | equipment | Virtual device connected: Fake Test DMM

2026-09-26 10:19:06 | INFO | Process-23[26996] | equipment | Virtual device connected: Fake Test DMM
2026-09-26 10:19:06 | INFO | Process-25[32308] | equipment | Virtual device connected: Fake Test DMM
2026-09-26 10:19:07 | WARNING | Process-26[40392] | pint.util | Redefining 'ampere_hour' (<class 'pint.delegates.txt_defparser.plain.UnitDefinition'>)
2026-09-26 10:19:07 | WARNING | Process-26[40392] | pint.util | Redefining 'Ah' (<class 'pint.delegates.txt_defparser.plain.UnitDefinition'>)
2026-09-26 10:19:07 | WARNING | Process-26[40392] | pint.util | Redefining 'watt_hour' (<class 'pint.delegates.txt_defparser.plain.UnitDefinition'>)
2026-09-26 10:19:07 | WARNING | Process-26[40392] | pint.util | Redefining 'Wh' (<class 'pint.delegates.txt_defparser.plain.UnitDefinition'>)
2026-09-26 10:19:09 | INFO | Process-26[40392] | charge_discharge.cycle_executor | CH0 - Cycle 3 starting
2026-09-26 10:19:09 | INFO | Process-26[40392] | charge_discharge.cycle_executor | CH0 - Cycle settings: [{'cycle_type': 'step', 'cycle_display': 'Discharge', 'drive_style': 'current_a', 'drive_value': -10.0, 'drive_value_other': 0.0, 'end_style': 'time_s', 'end_condition': 'greater', 'end_value': 0.05, 'meas_log_int_s': 0.01, 'safety_min_voltage_v': 2.0, 'safety_max_voltage_v': 4.3, 'safety_min_current_a': -10.0, 'safety_max_current_a': 10.0, 'safety_max_time_s': 2.0}]
2026-09-26 10:19:09 | INFO | Process-26[40392] | charge_discharge.cycle_executor | CH0 - Cycle 3 step 0 starting
2026-09-26 10:19:09 | INFO | Process-26[40392] | charge_discharge.cycle_executor | CH0 - Step settings: {'cycle_type': 'step', 'cycle_display': 'Discharge', 'drive_style': 'current_a', 'drive_value': -10.0, 'drive_value_other': 0.0, 'end_style': 'time_s', 'end_condition': 'greater', 'end_value': 0.05, 'meas_log_int_s': 0.01, 'safety_min_voltage_v': 2.0, 'safety_max_voltage_v': 4.3, 'safety_min_current_a': -10.0, 'safety_max_current_a': 10.0, 'safety_max_time_s': 2.0}
2026-09-26 10:19:09 | INFO | Process-26[40392] | charge_discharge.runner | Voltage measurement equipment chosen
2026-09-26 10:19:09 | INFO | Process-26[40392] | charge_discharge.runner | Current measurement equipment chosen
2026-09-26 10:19:09 | INFO | Process-26[40392] | charge_discharge.runner | Current-driven step setup
2026-09-26 10:19:09 | INFO | Process-26[40392] | charge_discharge.runner | Start step successful
2026-09-26 10:19:09 | INFO | Process-26[40392] | charge_discharge.runner | End condition before measurement loop: none
2026-09-26 10:19:09 | INFO | Process-26[40392] | charge_discharge.cycle_executor | CH0 - Cycle 3 step 0 ending; reason: end_condition
2026-09-26 10:19:09 | INFO | Process-26[40392] | charge_discharge.cycle_executor | CH0 - Cycle 3 ending
2026-09-26 10:19:09 | INFO | Process-26[40392] | charge_discharge.cycle_executor | CH0 - All cycles completed
2026-09-26 10:19:16 | INFO | Process-2[36144] | equipment | Virtual device connected: Fake Test PSU
2026-09-26 10:19:16 | INFO | Process-3[24796] | equipment | Virtual device connected: Fake Test Eload
2026-09-26 10:19:16 | INFO | Process-5[21980] | equipment | Virtual device connected: Fake Test DMM
2026-09-26 10:19:16 | INFO | Process-4[37072] | equipment | Virtual device connected: Fake Test DMM
2026-09-26 10:19:16 | INFO | Process-6[44008] | equipment | Virtual device connected: Fake Test DMM
2026-09-26 10:19:17 | WARNING | Process-7[27844] | pint.util | Redefining 'ampere_hour' (<class 'pint.delegates.txt_defparser.plain.UnitDefinition'>)
2026-09-26 10:19:17 | WARNING | Process-7[27844] | pint.util | Redefining 'Ah' (<class 'pint.delegates.txt_defparser.plain.UnitDefinition'>)
2026-09-26 10:19:17 | WARNING | Process-7[27844] | pint.util | Redefining 'watt_hour' (<class 'pint.delegates.txt_defparser.plain.UnitDefinition'>)
2026-09-26 10:19:17 | WARNING | Process-7[27844] | pint.util | Redefining 'Wh' (<class 'pint.delegates.txt_defparser.plain.UnitDefinition'>)
2026-09-26 10:19:19 | INFO | Process-7[27844] | charge_discharge.cycle_executor | CH0 - Cycle 1 starting
2026-09-26 10:19:19 | INFO | Process-7[27844] | charge_discharge.cycle_executor | CH0 - Cycle settings: [{'cycle_type': 'step', 'cycle_display': 'Discharge', 'drive_style': 'current_a', 'drive_value': -1.0, 'drive_value_other': 0, 'end_style': 'voltage_v', 'end_condition': 'lesser', 'end_value': 4.19, 'meas_log_int_s': 1, 'safety_min_voltage_v': 2.45, 'safety_max_voltage_v': 4.25, 'safety_min_current_a': -10, 'safety_max_current_a': 10, 'safety_max_time_s': 2.0}]
2026-09-26 10:19:19 | INFO | Process-7[27844] | charge_discharge.cycle_executor | CH0 - Cycle 1 step 0 starting
2026-09-26 10:19:19 | INFO | Process-7[27844] | charge_discharge.cycle_executor | CH0 - Step settings: {'cycle_type': 'step', 'cycle_display': 'Discharge', 'drive_style': 'current_a', 'drive_value': -1.0, 'drive_value_other': 0, 'end_style': 'voltage_v', 'end_condition': 'lesser', 'end_value': 4.19, 'meas_log_int_s': 1, 'safety_min_voltage_v': 2.45, 'safety_max_voltage_v': 4.25, 'safety_min_current_a': -10, 'safety_max_current_a': 10, 'safety_max_time_s': 2.0}
2026-09-26 10:19:19 | INFO | Process-7[27844] | charge_discharge.runner | Voltage measurement equipment chosen
2026-09-26 10:19:19 | INFO | Process-7[27844] | charge_discharge.runner | Current measurement equipment chosen
2026-09-26 10:19:19 | INFO | Process-7[27844] | charge_discharge.runner | Current-driven step setup
2026-09-26 10:19:19 | INFO | Process-7[27844] | charge_discharge.runner | Start step successful
2026-09-26 10:19:19 | INFO | Process-7[27844] | charge_discharge.runner | End condition before measurement loop: end_condition
2026-09-26 10:19:19 | INFO | Process-7[27844] | charge_discharge.cycle_executor | CH0 - Cycle 1 step 0 ending; reason: end_condition
2026-09-26 10:19:19 | INFO | Process-7[27844] | charge_discharge.cycle_executor | CH0 - Cycle 1 ending
2026-09-26 10:19:19 | INFO | Process-7[27844] | charge_discharge.cycle_executor | CH0 - All cycles completed
2026-09-26 10:19:25 | INFO | Process-2[39560] | equipment | Virtual device connected: Fake Test PSU
2026-09-26 10:19:25 | INFO | Process-3[22260] | equipment | Virtual device connected: Fake Test Eload
2026-09-26 10:19:25 | INFO | Process-4[21196] | equipment | Virtual device connected: Fake Test DMM
2026-09-26 10:19:25 | INFO | Process-5[22328] | equipment | Virtual device connected: Fake Test DMM
2026-09-26 10:19:25 | INFO | Process-6[35240] | equipment | Virtual device connected: Fake Test DMM
2026-09-26 10:19:26 | WARNING | Process-7[45604] | pint.util | Redefining 'ampere_hour' (<class 'pint.delegates.txt_defparser.plain.UnitDefinition'>)
2026-09-26 10:19:26 | WARNING | Process-7[45604] | pint.util | Redefining 'Ah' (<class 'pint.delegates.txt_defparser.plain.UnitDefinition'>)
2026-09-26 10:19:26 | WARNING | Process-7[45604] | pint.util | Redefining 'watt_hour' (<class 'pint.delegates.txt_defparser.plain.UnitDefinition'>)
2026-09-26 10:19:26 | WARNING | Process-7[45604] | pint.util | Redefining 'Wh' (<class 'pint.delegates.txt_defparser.plain.UnitDefinition'>)
2026-09-26 10:19:28 | INFO | Process-7[45604] | charge_discharge.cycle_executor | CH0 - Cycle 1 starting
2026-09-26 10:19:28 | INFO | Process-7[45604] | charge_discharge.cycle_executor | CH0 - Cycle settings: [{'cycle_type': 'step', 'cycle_display': 'Discharge', 'drive_style': 'current_a', 'drive_value': -1.0, 'drive_value_other': 0, 'end_style': 'voltage_v', 'end_condition': 'lesser', 'end_value': 4.19, 'meas_log_int_s': 1, 'safety_min_voltage_v': 2.45, 'safety_max_voltage_v': 4.25, 'safety_min_current_a': -10, 'safety_max_current_a': 10, 'safety_max_time_s': 2.0}]
2026-09-26 10:19:28 | INFO | Process-7[45604] | charge_discharge.cycle_executor | CH0 - Cycle 1 step 0 starting
2026-09-26 10:19:28 | INFO | Process-7[45604] | charge_discharge.cycle_executor | CH0 - Step settings: {'cycle_type': 'step', 'cycle_display': 'Discharge', 'drive_style': 'current_a', 'drive_value': -1.0, 'drive_value_other': 0, 'end_style': 'voltage_v', 'end_condition': 'lesser', 'end_value': 4.19, 'meas_log_int_s': 1, 'safety_min_voltage_v': 2.45, 'safety_max_voltage_v': 4.25, 'safety_min_current_a': -10, 'safety_max_current_a': 10, 'safety_max_time_s': 2.0}
2026-09-26 10:19:28 | INFO | Process-7[45604] | charge_discharge.runner | Voltage measurement equipment chosen
2026-09-26 10:19:28 | INFO | Process-7[45604] | charge_discharge.runner | Current measurement equipment chosen
2026-09-26 10:19:28 | INFO | Process-7[45604] | charge_discharge.runner | Current-driven step setup
2026-09-26 10:19:28 | INFO | Process-7[45604] | charge_discharge.runner | Start step successful
2026-09-26 10:19:28 | INFO | Process-7[45604] | charge_discharge.runner | End condition before measurement loop: end_condition
2026-09-26 10:19:28 | INFO | Process-7[45604] | charge_discharge.cycle_executor | CH0 - Cycle 1 step 0 ending; reason: end_condition
2026-09-26 10:19:28 | INFO | Process-7[45604] | charge_discharge.cycle_executor | CH0 - Cycle 1 ending
2026-09-26 10:19:28 | INFO | Process-7[45604] | charge_discharge.cycle_executor | CH0 - All cycles completed
2026-09-26 10:35:52 | INFO | Process-5[25936] | equipment | Virtual device connected: Fake Test DMM
2026-09-26 10:35:52 | INFO | Process-3[44120] | equipment | Virtual device connected: Fake Test PSU
2026-09-26 10:35:52 | INFO | Process-4[25512] | equipment | Virtual device connected: Fake Test Eload
2026-09-26 10:35:52 | INFO | Process-7[1932] | equipment | Virtual device connected: Fake Test DMM
2026-09-26 10:35:52 | INFO | Process-6[27516] | equipment | Virtual device connected: Fake Test DMM
2026-09-26 10:35:53 | WARNING | Process-8[29320] | pint.util | Redefining 'ampere_hour' (<class 'pint.delegates.txt_defparser.plain.UnitDefinition'>)
2026-09-26 10:35:53 | WARNING | Process-8[29320] | pint.util | Redefining 'Ah' (<class 'pint.delegates.txt_defparser.plain.UnitDefinition'>)
2026-09-26 10:35:53 | WARNING | Process-8[29320] | pint.util | Redefining 'watt_hour' (<class 'pint.delegates.txt_defparser.plain.UnitDefinition'>)
2026-09-26 10:35:53 | WARNING | Process-8[29320] | pint.util | Redefining 'Wh' (<class 'pint.delegates.txt_defparser.plain.UnitDefinition'>)
2026-09-26 10:35:55 | INFO | Process-8[29320] | charge_discharge.cycle_executor | CH0 - Cycle 1 starting
2026-09-26 10:35:55 | INFO | Process-8[29320] | charge_discharge.cycle_executor | CH0 - Cycle settings: [{'cycle_type': 'step', 'cycle_display': 'Discharge', 'drive_style': 'current_a', 'drive_value': -1.0, 'drive_value_other': 0, 'end_style': 'voltage_v', 'end_condition': 'lesser', 'end_value': 4.19, 'meas_log_int_s': 1, 'safety_min_voltage_v': 2.45, 'safety_max_voltage_v': 4.25, 'safety_min_current_a': -10, 'safety_max_current_a': 10, 'safety_max_time_s': 2.0}]
2026-09-26 10:35:55 | INFO | Process-8[29320] | charge_discharge.cycle_executor | CH0 - Cycle 1 step 0 starting
2026-09-26 10:35:55 | INFO | Process-8[29320] | charge_discharge.cycle_executor | CH0 - Step settings: {'cycle_type': 'step', 'cycle_display': 'Discharge', 'drive_style': 'current_a', 'drive_value': -1.0, 'drive_value_other': 0, 'end_style': 'voltage_v', 'end_condition': 'lesser', 'end_value': 4.19, 'meas_log_int_s': 1, 'safety_min_voltage_v': 2.45, 'safety_max_voltage_v': 4.25, 'safety_min_current_a': -10, 'safety_max_current_a': 10, 'safety_max_time_s': 2.0}
2026-09-26 10:35:55 | INFO | Process-8[29320] | charge_discharge.runner | Voltage measurement equipment chosen
2026-09-26 10:35:55 | INFO | Process-8[29320] | charge_discharge.runner | Current measurement equipment chosen
2026-09-26 10:35:55 | INFO | Process-8[29320] | charge_discharge.runner | Current-driven step setup
2026-09-26 10:35:55 | INFO | Process-8[29320] | charge_discharge.runner | Start step successful
2026-09-26 10:35:55 | INFO | Process-8[29320] | charge_discharge.runner | End condition before measurement loop: end_condition
2026-09-26 10:35:55 | INFO | Process-8[29320] | charge_discharge.cycle_executor | CH0 - Cycle 1 step 0 ending; reason: end_condition
2026-09-26 10:35:55 | INFO | Process-8[29320] | charge_discharge.cycle_executor | CH0 - Cycle 1 ending
2026-09-26 10:35:55 | INFO | Process-8[29320] | charge_discharge.cycle_executor | CH0 - All cycles completed
2026-09-26 10:36:47 | INFO | Process-9[38064] | equipment | Virtual device connected: Fake Test DMM
2026-09-26 10:36:47 | INFO | Process-8[6136] | equipment | Virtual device connected: Fake Test Eload
2026-09-26 10:36:47 | INFO | Process-10[25112] | equipment | Virtual device connected: Fake Test DMM
2026-09-26 10:36:47 | INFO | Process-11[7820] | equipment | Virtual device connected: Fake Test DMM
2026-09-26 10:36:47 | INFO | Process-7[31132] | equipment | Virtual device connected: Fake Test PSU
2026-09-26 10:36:47 | ERROR | Process-10[25112] | equipment | Virtual device operation failed: measure_current
Traceback (most recent call last):
  File "D:\Documents\GitHub\Test_Equipment_Control\equipment.py", line 224, in virtual_device_management_process
    return_data = _dispatch_virtual_device_method(device, operation, args)
  File "D:\Documents\GitHub\Test_Equipment_Control\equipment.py", line 148, in _dispatch_virtual_device_method
    return method(*args)
  File "D:\Documents\GitHub\Test_Equipment_Control\lab_equipment\DMM_Fake.py", line 15, in measure_current
    return require_simulation_link(self.battery_link, "Fake DMM").measure_current()
           ~~~~~~~~~~~~~~~~~~~~~~~^^^^^^^^^^^^^^^^^^^^^^^^^^^^^^^
  File "D:\Documents\GitHub\Test_Equipment_Control\battery_app\simulation.py", line 25, in require_simulation_link
    raise FakeInstrumentNotAttachedError(
        f"{instrument_name} requires an attached SIMULATED_LG_MJ1 battery link"
    )
battery_app.simulation.FakeInstrumentNotAttachedError: Fake DMM requires an attached SIMULATED_LG_MJ1 battery link
2026-09-26 10:36:49 | INFO | Process-14[12472] | equipment | Virtual device connected: Fake Test PSU
2026-09-26 10:36:49 | INFO | Process-15[13680] | equipment | Virtual device connected: Fake Test Eload
2026-09-26 10:36:49 | INFO | Process-16[37120] | equipment | Virtual device connected: Fake Test DMM
2026-09-26 10:36:49 | INFO | Process-18[37044] | equipment | Virtual device connected: Fake Test DMM
2026-09-26 10:36:49 | INFO | Process-17[33712] | equipment | Virtual device connected: Fake Test DMM
2026-09-26 10:36:50 | WARNING | Process-19[27016] | pint.util | Redefining 'ampere_hour' (<class 'pint.delegates.txt_defparser.plain.UnitDefinition'>)
2026-09-26 10:36:50 | WARNING | Process-19[27016] | pint.util | Redefining 'Ah' (<class 'pint.delegates.txt_defparser.plain.UnitDefinition'>)
2026-09-26 10:36:50 | WARNING | Process-19[27016] | pint.util | Redefining 'watt_hour' (<class 'pint.delegates.txt_defparser.plain.UnitDefinition'>)
2026-09-26 10:36:50 | WARNING | Process-19[27016] | pint.util | Redefining 'Wh' (<class 'pint.delegates.txt_defparser.plain.UnitDefinition'>)
2026-09-26 10:36:52 | INFO | Process-19[27016] | charge_discharge.cycle_executor | CH0 - Cycle 1 starting
2026-09-26 10:36:52 | INFO | Process-19[27016] | charge_discharge.cycle_executor | CH0 - Cycle settings: [{'cycle_type': 'step', 'cycle_display': 'Discharge', 'drive_style': 'current_a', 'drive_value': -10.0, 'drive_value_other': 0.0, 'end_style': 'time_s', 'end_condition': 'greater', 'end_value': 0.05, 'meas_log_int_s': 0.01, 'safety_min_voltage_v': 2.0, 'safety_max_voltage_v': 4.3, 'safety_min_current_a': -10.0, 'safety_max_current_a': 10.0, 'safety_max_time_s': 2.0}]
2026-09-26 10:36:52 | INFO | Process-19[27016] | charge_discharge.cycle_executor | CH0 - Cycle 1 step 0 starting
2026-09-26 10:36:52 | INFO | Process-19[27016] | charge_discharge.cycle_executor | CH0 - Step settings: {'cycle_type': 'step', 'cycle_display': 'Discharge', 'drive_style': 'current_a', 'drive_value': -10.0, 'drive_value_other': 0.0, 'end_style': 'time_s', 'end_condition': 'greater', 'end_value': 0.05, 'meas_log_int_s': 0.01, 'safety_min_voltage_v': 2.0, 'safety_max_voltage_v': 4.3, 'safety_min_current_a': -10.0, 'safety_max_current_a': 10.0, 'safety_max_time_s': 2.0}
2026-09-26 10:36:52 | INFO | Process-19[27016] | charge_discharge.runner | Voltage measurement equipment chosen
2026-09-26 10:36:52 | INFO | Process-19[27016] | charge_discharge.runner | Current measurement equipment chosen
2026-09-26 10:36:52 | INFO | Process-19[27016] | charge_discharge.runner | Current-driven step setup
2026-09-26 10:36:52 | INFO | Process-19[27016] | charge_discharge.runner | Start step successful
2026-09-26 10:36:52 | INFO | Process-19[27016] | charge_discharge.runner | End condition before measurement loop: none
2026-09-26 10:36:52 | INFO | Process-19[27016] | charge_discharge.cycle_executor | CH0 - Cycle 1 step 0 ending; reason: end_condition
2026-09-26 10:36:52 | INFO | Process-19[27016] | charge_discharge.cycle_executor | CH0 - Cycle 1 ending
2026-09-26 10:36:52 | INFO | Process-19[27016] | charge_discharge.cycle_executor | CH0 - Cycle 2 starting
2026-09-26 10:36:52 | INFO | Process-19[27016] | charge_discharge.cycle_executor | CH0 - Cycle settings: [{'cycle_type': 'step', 'cycle_display': 'Discharge', 'drive_style': 'current_a', 'drive_value': -10.0, 'drive_value_other': 0.0, 'end_style': 'time_s', 'end_condition': 'greater', 'end_value': 0.05, 'meas_log_int_s': 0.01, 'safety_min_voltage_v': 2.0, 'safety_max_voltage_v': 4.3, 'safety_min_current_a': -10.0, 'safety_max_current_a': 10.0, 'safety_max_time_s': 2.0}]
2026-09-26 10:36:52 | INFO | Process-19[27016] | charge_discharge.cycle_executor | CH0 - Cycle 2 step 0 starting
2026-09-26 10:36:52 | INFO | Process-19[27016] | charge_discharge.cycle_executor | CH0 - Step settings: {'cycle_type': 'step', 'cycle_display': 'Discharge', 'drive_style': 'current_a', 'drive_value': -10.0, 'drive_value_other': 0.0, 'end_style': 'time_s', 'end_condition': 'greater', 'end_value': 0.05, 'meas_log_int_s': 0.01, 'safety_min_voltage_v': 2.0, 'safety_max_voltage_v': 4.3, 'safety_min_current_a': -10.0, 'safety_max_current_a': 10.0, 'safety_max_time_s': 2.0}
2026-09-26 10:36:52 | INFO | Process-19[27016] | charge_discharge.runner | Voltage measurement equipment chosen
2026-09-26 10:36:52 | INFO | Process-19[27016] | charge_discharge.runner | Current measurement equipment chosen
2026-09-26 10:36:52 | INFO | Process-19[27016] | charge_discharge.runner | Current-driven step setup
2026-09-26 10:36:52 | INFO | Process-19[27016] | charge_discharge.runner | Start step successful
2026-09-26 10:36:52 | INFO | Process-19[27016] | charge_discharge.runner | End condition before measurement loop: none
2026-09-26 10:36:52 | INFO | Process-19[27016] | charge_discharge.cycle_executor | CH0 - Cycle 2 step 0 ending; reason: end_condition
2026-09-26 10:36:52 | INFO | Process-19[27016] | charge_discharge.cycle_executor | CH0 - Cycle 2 ending
2026-09-26 10:36:52 | INFO | Process-19[27016] | charge_discharge.cycle_executor | CH0 - All cycles completed
2026-09-26 10:36:55 | INFO | Process-22[29320] | equipment | Virtual device connected: Fake Test Eload
2026-09-26 10:36:55 | INFO | Process-24[27972] | equipment | Virtual device connected: Fake Test DMM
2026-09-26 10:36:55 | INFO | Process-23[41052] | equipment | Virtual device connected: Fake Test DMM
2026-09-26 10:36:55 | INFO | Process-25[36500] | equipment | Virtual device connected: Fake Test DMM
2026-09-26 10:36:56 | WARNING | Process-26[39020] | pint.util | Redefining 'ampere_hour' (<class 'pint.delegates.txt_defparser.plain.UnitDefinition'>)
2026-09-26 10:36:56 | WARNING | Process-26[39020] | pint.util | Redefining 'Ah' (<class 'pint.delegates.txt_defparser.plain.UnitDefinition'>)
2026-09-26 10:36:56 | WARNING | Process-26[39020] | pint.util | Redefining 'watt_hour' (<class 'pint.delegates.txt_defparser.plain.UnitDefinition'>)
2026-09-26 10:36:56 | WARNING | Process-26[39020] | pint.util | Redefining 'Wh' (<class 'pint.delegates.txt_defparser.plain.UnitDefinition'>)
2026-09-26 10:36:58 | INFO | Process-26[39020] | charge_discharge.cycle_executor | CH0 - Cycle 3 starting
2026-09-26 10:36:58 | INFO | Process-26[39020] | charge_discharge.cycle_executor | CH0 - Cycle settings: [{'cycle_type': 'step', 'cycle_display': 'Discharge', 'drive_style': 'current_a', 'drive_value': -10.0, 'drive_value_other': 0.0, 'end_style': 'time_s', 'end_condition': 'greater', 'end_value': 0.05, 'meas_log_int_s': 0.01, 'safety_min_voltage_v': 2.0, 'safety_max_voltage_v': 4.3, 'safety_min_current_a': -10.0, 'safety_max_current_a': 10.0, 'safety_max_time_s': 2.0}]
2026-09-26 10:36:58 | INFO | Process-26[39020] | charge_discharge.cycle_executor | CH0 - Cycle 3 step 0 starting
2026-09-26 10:36:58 | INFO | Process-26[39020] | charge_discharge.cycle_executor | CH0 - Step settings: {'cycle_type': 'step', 'cycle_display': 'Discharge', 'drive_style': 'current_a', 'drive_value': -10.0, 'drive_value_other': 0.0, 'end_style': 'time_s', 'end_condition': 'greater', 'end_value': 0.05, 'meas_log_int_s': 0.01, 'safety_min_voltage_v': 2.0, 'safety_max_voltage_v': 4.3, 'safety_min_current_a': -10.0, 'safety_max_current_a': 10.0, 'safety_max_time_s': 2.0}
2026-09-26 10:36:58 | INFO | Process-26[39020] | charge_discharge.runner | Voltage measurement equipment chosen
2026-09-26 10:36:58 | INFO | Process-26[39020] | charge_discharge.runner | Current measurement equipment chosen
2026-09-26 10:36:58 | INFO | Process-26[39020] | charge_discharge.runner | Current-driven step setup
2026-09-26 10:36:58 | INFO | Process-26[39020] | charge_discharge.runner | Start step successful
2026-09-26 10:36:58 | INFO | Process-26[39020] | charge_discharge.runner | End condition before measurement loop: none
2026-09-26 10:36:58 | INFO | Process-26[39020] | charge_discharge.cycle_executor | CH0 - Cycle 3 step 0 ending; reason: end_condition
2026-09-26 10:36:58 | INFO | Process-26[39020] | charge_discharge.cycle_executor | CH0 - Cycle 3 ending
2026-09-26 10:36:58 | INFO | Process-26[39020] | charge_discharge.cycle_executor | CH0 - All cycles completed
2026-09-26 10:37:01 | INFO | Process-28[18352] | equipment | Virtual device connected: Fake Test PSU
2026-09-26 10:37:01 | INFO | Process-30[44148] | equipment | Virtual device connected: Fake Test DMM
2026-09-26 10:37:01 | INFO | Process-32[8392] | equipment | Virtual device connected: Fake Test DMM
2026-09-26 10:37:01 | INFO | Process-29[33892] | equipment | Virtual device connected: Fake Test Eload
2026-09-26 10:37:01 | INFO | Process-31[26456] | equipment | Virtual device connected: Fake Test DMM
2026-09-26 10:37:02 | WARNING | Process-33[21396] | pint.util | Redefining 'ampere_hour' (<class 'pint.delegates.txt_defparser.plain.UnitDefinition'>)
2026-09-26 10:37:02 | WARNING | Process-33[21396] | pint.util | Redefining 'Ah' (<class 'pint.delegates.txt_defparser.plain.UnitDefinition'>)
2026-09-26 10:37:02 | WARNING | Process-33[21396] | pint.util | Redefining 'watt_hour' (<class 'pint.delegates.txt_defparser.plain.UnitDefinition'>)
2026-09-26 10:37:02 | WARNING | Process-33[21396] | pint.util | Redefining 'Wh' (<class 'pint.delegates.txt_defparser.plain.UnitDefinition'>)
2026-09-26 10:37:04 | INFO | Process-33[21396] | charge_discharge.cycle_executor | CH0 - Cycle 1 starting
2026-09-26 10:37:04 | INFO | Process-33[21396] | charge_discharge.cycle_executor | CH0 - Cycle settings: [{'cycle_type': 'step', 'cycle_display': 'Discharge', 'drive_style': 'current_a', 'drive_value': -1.0, 'drive_value_other': 0, 'end_style': 'voltage_v', 'end_condition': 'lesser', 'end_value': 4.19, 'meas_log_int_s': 1, 'safety_min_voltage_v': 2.45, 'safety_max_voltage_v': 4.25, 'safety_min_current_a': -10, 'safety_max_current_a': 10, 'safety_max_time_s': 2.0}]
2026-09-26 10:37:04 | INFO | Process-33[21396] | charge_discharge.cycle_executor | CH0 - Cycle 1 step 0 starting
2026-09-26 10:37:04 | INFO | Process-33[21396] | charge_discharge.cycle_executor | CH0 - Step settings: {'cycle_type': 'step', 'cycle_display': 'Discharge', 'drive_style': 'current_a', 'drive_value': -1.0, 'drive_value_other': 0, 'end_style': 'voltage_v', 'end_condition': 'lesser', 'end_value': 4.19, 'meas_log_int_s': 1, 'safety_min_voltage_v': 2.45, 'safety_max_voltage_v': 4.25, 'safety_min_current_a': -10, 'safety_max_current_a': 10, 'safety_max_time_s': 2.0}
2026-09-26 10:37:04 | INFO | Process-33[21396] | charge_discharge.runner | Voltage measurement equipment chosen
2026-09-26 10:37:04 | INFO | Process-33[21396] | charge_discharge.runner | Current measurement equipment chosen
2026-09-26 10:37:04 | INFO | Process-33[21396] | charge_discharge.runner | Current-driven step setup
2026-09-26 10:37:04 | INFO | Process-33[21396] | charge_discharge.runner | Start step successful
2026-09-26 10:37:04 | INFO | Process-33[21396] | charge_discharge.runner | End condition before measurement loop: end_condition
2026-09-26 10:37:04 | INFO | Process-33[21396] | charge_discharge.cycle_executor | CH0 - Cycle 1 step 0 ending; reason: end_condition
2026-09-26 10:37:04 | INFO | Process-33[21396] | charge_discharge.cycle_executor | CH0 - Cycle 1 ending
2026-09-26 10:37:04 | INFO | Process-33[21396] | charge_discharge.cycle_executor | CH0 - All cycles completed
2026-09-26 16:48:56 | INFO | Process-7[37168] | equipment | Virtual device connected: Fake Test PSU
2026-09-26 16:48:58 | INFO | Process-9[43596] | equipment | Virtual device connected: Fake Test PSU
2026-09-26 16:48:59 | INFO | Process-11[43604] | equipment | Virtual device connected: Fake Test PSU
2026-09-26 16:50:01 | INFO | Process-7[5552] | equipment | Virtual device connected: Fake Test PSU
2026-09-26 16:50:02 | INFO | Process-8[6584] | equipment | Virtual device connected: Fake Test Eload
2026-09-26 16:50:03 | INFO | Process-9[35072] | equipment | Virtual device connected: Fake Test DMM
2026-09-26 16:50:05 | INFO | Process-10[40036] | equipment | Virtual device connected: Fake Test DMM
2026-09-26 16:50:06 | INFO | Process-11[31960] | equipment | Virtual device connected: Fake Test DMM
2026-09-26 16:50:06 | ERROR | Process-10[40036] | equipment | Virtual device operation failed: measure_current
Traceback (most recent call last):
  File "D:\Documents\GitHub\Test_Equipment_Control\equipment.py", line 252, in virtual_device_management_process
    return_data = _dispatch_virtual_device_method(device, operation, args)
  File "D:\Documents\GitHub\Test_Equipment_Control\equipment.py", line 148, in _dispatch_virtual_device_method
    return method(*args)
  File "D:\Documents\GitHub\Test_Equipment_Control\lab_equipment\DMM_Fake.py", line 15, in measure_current
    return require_simulation_link(self.battery_link, "Fake DMM").measure_current()
           ~~~~~~~~~~~~~~~~~~~~~~~^^^^^^^^^^^^^^^^^^^^^^^^^^^^^^^
  File "D:\Documents\GitHub\Test_Equipment_Control\battery_app\simulation.py", line 25, in require_simulation_link
    raise FakeInstrumentNotAttachedError(
        f"{instrument_name} requires an attached SIMULATED_LG_MJ1 battery link"
    )
battery_app.simulation.FakeInstrumentNotAttachedError: Fake DMM requires an attached SIMULATED_LG_MJ1 battery link
2026-09-26 16:50:08 | INFO | Process-14[37168] | equipment | Virtual device connected: Fake Test PSU
2026-09-26 16:50:10 | INFO | Process-15[14216] | equipment | Virtual device connected: Fake Test Eload
2026-09-26 16:50:11 | INFO | Process-16[18828] | equipment | Virtual device connected: Fake Test DMM
2026-09-26 16:50:12 | INFO | Process-17[30312] | equipment | Virtual device connected: Fake Test DMM
2026-09-26 16:50:14 | INFO | Process-18[42772] | equipment | Virtual device connected: Fake Test DMM
2026-09-26 16:50:16 | WARNING | Process-19[41224] | pint.util | Redefining 'ampere_hour' (<class 'pint.delegates.txt_defparser.plain.UnitDefinition'>)
2026-09-26 16:50:16 | WARNING | Process-19[41224] | pint.util | Redefining 'Ah' (<class 'pint.delegates.txt_defparser.plain.UnitDefinition'>)
2026-09-26 16:50:16 | WARNING | Process-19[41224] | pint.util | Redefining 'watt_hour' (<class 'pint.delegates.txt_defparser.plain.UnitDefinition'>)
2026-09-26 16:50:16 | WARNING | Process-19[41224] | pint.util | Redefining 'Wh' (<class 'pint.delegates.txt_defparser.plain.UnitDefinition'>)
2026-09-26 16:50:18 | INFO | Process-19[41224] | charge_discharge.cycle_executor | CH0 - Cycle 1 starting
2026-09-26 16:50:18 | INFO | Process-19[41224] | charge_discharge.cycle_executor | CH0 - Cycle settings: [{'cycle_type': 'step', 'cycle_display': 'Discharge', 'drive_style': 'current_a', 'drive_value': -10.0, 'drive_value_other': 0.0, 'end_style': 'time_s', 'end_condition': 'greater', 'end_value': 0.05, 'meas_log_int_s': 0.01, 'safety_min_voltage_v': 2.0, 'safety_max_voltage_v': 4.3, 'safety_min_current_a': -10.0, 'safety_max_current_a': 10.0, 'safety_max_time_s': 2.0}]
2026-09-26 16:50:18 | INFO | Process-19[41224] | charge_discharge.cycle_executor | CH0 - Cycle 1 step 0 starting
2026-09-26 16:50:18 | INFO | Process-19[41224] | charge_discharge.cycle_executor | CH0 - Step settings: {'cycle_type': 'step', 'cycle_display': 'Discharge', 'drive_style': 'current_a', 'drive_value': -10.0, 'drive_value_other': 0.0, 'end_style': 'time_s', 'end_condition': 'greater', 'end_value': 0.05, 'meas_log_int_s': 0.01, 'safety_min_voltage_v': 2.0, 'safety_max_voltage_v': 4.3, 'safety_min_current_a': -10.0, 'safety_max_current_a': 10.0, 'safety_max_time_s': 2.0}
2026-09-26 16:50:18 | INFO | Process-19[41224] | charge_discharge.runner | Voltage measurement equipment chosen
2026-09-26 16:50:18 | INFO | Process-19[41224] | charge_discharge.runner | Current measurement equipment chosen
2026-09-26 16:50:18 | INFO | Process-19[41224] | charge_discharge.runner | Current-driven step setup
2026-09-26 16:50:18 | INFO | Process-19[41224] | charge_discharge.runner | Start step successful
2026-09-26 16:50:18 | INFO | Process-19[41224] | charge_discharge.runner | End condition before measurement loop: none
2026-09-26 16:50:18 | INFO | Process-19[41224] | charge_discharge.cycle_executor | CH0 - Cycle 1 step 0 ending; reason: end_condition
2026-09-26 16:50:18 | INFO | Process-19[41224] | charge_discharge.cycle_executor | CH0 - Cycle 1 ending
2026-09-26 16:50:18 | INFO | Process-19[41224] | charge_discharge.cycle_executor | CH0 - Cycle 2 starting
2026-09-26 16:50:18 | INFO | Process-19[41224] | charge_discharge.cycle_executor | CH0 - Cycle settings: [{'cycle_type': 'step', 'cycle_display': 'Discharge', 'drive_style': 'current_a', 'drive_value': -10.0, 'drive_value_other': 0.0, 'end_style': 'time_s', 'end_condition': 'greater', 'end_value': 0.05, 'meas_log_int_s': 0.01, 'safety_min_voltage_v': 2.0, 'safety_max_voltage_v': 4.3, 'safety_min_current_a': -10.0, 'safety_max_current_a': 10.0, 'safety_max_time_s': 2.0}]
2026-09-26 16:50:18 | INFO | Process-19[41224] | charge_discharge.cycle_executor | CH0 - Cycle 2 step 0 starting
2026-09-26 16:50:18 | INFO | Process-19[41224] | charge_discharge.cycle_executor | CH0 - Step settings: {'cycle_type': 'step', 'cycle_display': 'Discharge', 'drive_style': 'current_a', 'drive_value': -10.0, 'drive_value_other': 0.0, 'end_style': 'time_s', 'end_condition': 'greater', 'end_value': 0.05, 'meas_log_int_s': 0.01, 'safety_min_voltage_v': 2.0, 'safety_max_voltage_v': 4.3, 'safety_min_current_a': -10.0, 'safety_max_current_a': 10.0, 'safety_max_time_s': 2.0}
2026-09-26 16:50:18 | INFO | Process-19[41224] | charge_discharge.runner | Voltage measurement equipment chosen
2026-09-26 16:50:18 | INFO | Process-19[41224] | charge_discharge.runner | Current measurement equipment chosen
2026-09-26 16:50:18 | INFO | Process-19[41224] | charge_discharge.runner | Current-driven step setup
2026-09-26 16:50:18 | INFO | Process-19[41224] | charge_discharge.runner | Start step successful
2026-09-26 16:50:18 | INFO | Process-19[41224] | charge_discharge.runner | End condition before measurement loop: none
2026-09-26 16:50:18 | INFO | Process-19[41224] | charge_discharge.cycle_executor | CH0 - Cycle 2 step 0 ending; reason: end_condition
2026-09-26 16:50:18 | INFO | Process-19[41224] | charge_discharge.cycle_executor | CH0 - Cycle 2 ending
2026-09-26 16:50:18 | INFO | Process-19[41224] | charge_discharge.cycle_executor | CH0 - All cycles completed
2026-09-26 16:50:21 | INFO | Process-21[22644] | equipment | Virtual device connected: Fake Test PSU
2026-09-26 16:50:22 | INFO | Process-22[30392] | equipment | Virtual device connected: Fake Test Eload
2026-09-26 16:50:23 | INFO | Process-23[38136] | equipment | Virtual device connected: Fake Test DMM
2026-09-26 16:50:25 | INFO | Process-24[44288] | equipment | Virtual device connected: Fake Test DMM
2026-09-26 16:50:26 | INFO | Process-25[38448] | equipment | Virtual device connected: Fake Test DMM
2026-09-26 16:50:28 | WARNING | Process-26[27496] | pint.util | Redefining 'ampere_hour' (<class 'pint.delegates.txt_defparser.plain.UnitDefinition'>)
2026-09-26 16:50:28 | WARNING | Process-26[27496] | pint.util | Redefining 'Ah' (<class 'pint.delegates.txt_defparser.plain.UnitDefinition'>)
2026-09-26 16:50:28 | WARNING | Process-26[27496] | pint.util | Redefining 'watt_hour' (<class 'pint.delegates.txt_defparser.plain.UnitDefinition'>)
2026-09-26 16:50:28 | WARNING | Process-26[27496] | pint.util | Redefining 'Wh' (<class 'pint.delegates.txt_defparser.plain.UnitDefinition'>)
2026-09-26 16:50:30 | INFO | Process-26[27496] | charge_discharge.cycle_executor | CH0 - Cycle 3 starting
2026-09-26 16:50:30 | INFO | Process-26[27496] | charge_discharge.cycle_executor | CH0 - Cycle settings: [{'cycle_type': 'step', 'cycle_display': 'Discharge', 'drive_style': 'current_a', 'drive_value': -10.0, 'drive_value_other': 0.0, 'end_style': 'time_s', 'end_condition': 'greater', 'end_value': 0.05, 'meas_log_int_s': 0.01, 'safety_min_voltage_v': 2.0, 'safety_max_voltage_v': 4.3, 'safety_min_current_a': -10.0, 'safety_max_current_a': 10.0, 'safety_max_time_s': 2.0}]
2026-09-26 16:50:30 | INFO | Process-26[27496] | charge_discharge.cycle_executor | CH0 - Cycle 3 step 0 starting
2026-09-26 16:50:30 | INFO | Process-26[27496] | charge_discharge.cycle_executor | CH0 - Step settings: {'cycle_type': 'step', 'cycle_display': 'Discharge', 'drive_style': 'current_a', 'drive_value': -10.0, 'drive_value_other': 0.0, 'end_style': 'time_s', 'end_condition': 'greater', 'end_value': 0.05, 'meas_log_int_s': 0.01, 'safety_min_voltage_v': 2.0, 'safety_max_voltage_v': 4.3, 'safety_min_current_a': -10.0, 'safety_max_current_a': 10.0, 'safety_max_time_s': 2.0}
2026-09-26 16:50:30 | INFO | Process-26[27496] | charge_discharge.runner | Voltage measurement equipment chosen
2026-09-26 16:50:30 | INFO | Process-26[27496] | charge_discharge.runner | Current measurement equipment chosen
2026-09-26 16:50:30 | INFO | Process-26[27496] | charge_discharge.runner | Current-driven step setup
2026-09-26 16:50:30 | INFO | Process-26[27496] | charge_discharge.runner | Start step successful
2026-09-26 16:50:30 | INFO | Process-26[27496] | charge_discharge.runner | End condition before measurement loop: none
2026-09-26 16:50:30 | INFO | Process-26[27496] | charge_discharge.cycle_executor | CH0 - Cycle 3 step 0 ending; reason: end_condition
2026-09-26 16:50:30 | INFO | Process-26[27496] | charge_discharge.cycle_executor | CH0 - Cycle 3 ending
2026-09-26 16:50:30 | INFO | Process-26[27496] | charge_discharge.cycle_executor | CH0 - All cycles completed
2026-09-26 16:50:33 | INFO | Process-28[34000] | equipment | Virtual device connected: Fake Test PSU
2026-09-26 16:50:34 | INFO | Process-29[37428] | equipment | Virtual device connected: Fake Test Eload
2026-09-26 16:50:36 | INFO | Process-30[7576] | equipment | Virtual device connected: Fake Test DMM
2026-09-26 16:50:37 | INFO | Process-31[43716] | equipment | Virtual device connected: Fake Test DMM
2026-09-26 16:50:38 | INFO | Process-32[15256] | equipment | Virtual device connected: Fake Test DMM
2026-09-26 16:51:07 | INFO | Process-7[39784] | equipment | Virtual device connected: Fake Test PSU
2026-09-26 16:51:08 | INFO | Process-8[1892] | equipment | Virtual device connected: Fake Test Eload
2026-09-26 16:51:09 | INFO | Process-9[31196] | equipment | Virtual device connected: Fake Test DMM
2026-09-26 16:51:11 | INFO | Process-10[29140] | equipment | Virtual device connected: Fake Test DMM
2026-09-26 16:51:12 | INFO | Process-11[21568] | equipment | Virtual device connected: Fake Test DMM
2026-09-26 16:51:12 | ERROR | Process-10[29140] | equipment | Virtual device operation failed: measure_current
Traceback (most recent call last):
  File "D:\Documents\GitHub\Test_Equipment_Control\equipment.py", line 252, in virtual_device_management_process
    return_data = _dispatch_virtual_device_method(device, operation, args)
  File "D:\Documents\GitHub\Test_Equipment_Control\equipment.py", line 148, in _dispatch_virtual_device_method
    return method(*args)
  File "D:\Documents\GitHub\Test_Equipment_Control\lab_equipment\DMM_Fake.py", line 15, in measure_current
    return require_simulation_link(self.battery_link, "Fake DMM").measure_current()
           ~~~~~~~~~~~~~~~~~~~~~~~^^^^^^^^^^^^^^^^^^^^^^^^^^^^^^^
  File "D:\Documents\GitHub\Test_Equipment_Control\battery_app\simulation.py", line 25, in require_simulation_link
    raise FakeInstrumentNotAttachedError(
        f"{instrument_name} requires an attached SIMULATED_LG_MJ1 battery link"
    )
battery_app.simulation.FakeInstrumentNotAttachedError: Fake DMM requires an attached SIMULATED_LG_MJ1 battery link
2026-09-26 16:51:14 | INFO | Process-14[26840] | equipment | Virtual device connected: Fake Test PSU
2026-09-26 16:51:16 | INFO | Process-15[15044] | equipment | Virtual device connected: Fake Test Eload
2026-09-26 16:51:17 | INFO | Process-16[25432] | equipment | Virtual device connected: Fake Test DMM
2026-09-26 16:51:18 | INFO | Process-17[43260] | equipment | Virtual device connected: Fake Test DMM
2026-09-26 16:51:20 | INFO | Process-18[3740] | equipment | Virtual device connected: Fake Test DMM
2026-09-26 16:51:22 | WARNING | Process-19[25508] | pint.util | Redefining 'ampere_hour' (<class 'pint.delegates.txt_defparser.plain.UnitDefinition'>)
2026-09-26 16:51:22 | WARNING | Process-19[25508] | pint.util | Redefining 'Ah' (<class 'pint.delegates.txt_defparser.plain.UnitDefinition'>)
2026-09-26 16:51:22 | WARNING | Process-19[25508] | pint.util | Redefining 'watt_hour' (<class 'pint.delegates.txt_defparser.plain.UnitDefinition'>)
2026-09-26 16:51:22 | WARNING | Process-19[25508] | pint.util | Redefining 'Wh' (<class 'pint.delegates.txt_defparser.plain.UnitDefinition'>)
2026-09-26 16:51:24 | INFO | Process-19[25508] | charge_discharge.cycle_executor | CH0 - Cycle 1 starting
2026-09-26 16:51:24 | INFO | Process-19[25508] | charge_discharge.cycle_executor | CH0 - Cycle settings: [{'cycle_type': 'step', 'cycle_display': 'Discharge', 'drive_style': 'current_a', 'drive_value': -10.0, 'drive_value_other': 0.0, 'end_style': 'time_s', 'end_condition': 'greater', 'end_value': 0.05, 'meas_log_int_s': 0.01, 'safety_min_voltage_v': 2.0, 'safety_max_voltage_v': 4.3, 'safety_min_current_a': -10.0, 'safety_max_current_a': 10.0, 'safety_max_time_s': 2.0}]
2026-09-26 16:51:24 | INFO | Process-19[25508] | charge_discharge.cycle_executor | CH0 - Cycle 1 step 0 starting
2026-09-26 16:51:24 | INFO | Process-19[25508] | charge_discharge.cycle_executor | CH0 - Step settings: {'cycle_type': 'step', 'cycle_display': 'Discharge', 'drive_style': 'current_a', 'drive_value': -10.0, 'drive_value_other': 0.0, 'end_style': 'time_s', 'end_condition': 'greater', 'end_value': 0.05, 'meas_log_int_s': 0.01, 'safety_min_voltage_v': 2.0, 'safety_max_voltage_v': 4.3, 'safety_min_current_a': -10.0, 'safety_max_current_a': 10.0, 'safety_max_time_s': 2.0}
2026-09-26 16:51:24 | INFO | Process-19[25508] | charge_discharge.runner | Voltage measurement equipment chosen
2026-09-26 16:51:24 | INFO | Process-19[25508] | charge_discharge.runner | Current measurement equipment chosen
2026-09-26 16:51:24 | INFO | Process-19[25508] | charge_discharge.runner | Current-driven step setup
2026-09-26 16:51:24 | INFO | Process-19[25508] | charge_discharge.runner | Start step successful
2026-09-26 16:51:24 | INFO | Process-19[25508] | charge_discharge.runner | End condition before measurement loop: none
2026-09-26 16:51:24 | INFO | Process-19[25508] | charge_discharge.cycle_executor | CH0 - Cycle 1 step 0 ending; reason: end_condition
2026-09-26 16:51:24 | INFO | Process-19[25508] | charge_discharge.cycle_executor | CH0 - Cycle 1 ending
2026-09-26 16:51:24 | INFO | Process-19[25508] | charge_discharge.cycle_executor | CH0 - Cycle 2 starting
2026-09-26 16:51:24 | INFO | Process-19[25508] | charge_discharge.cycle_executor | CH0 - Cycle settings: [{'cycle_type': 'step', 'cycle_display': 'Discharge', 'drive_style': 'current_a', 'drive_value': -10.0, 'drive_value_other': 0.0, 'end_style': 'time_s', 'end_condition': 'greater', 'end_value': 0.05, 'meas_log_int_s': 0.01, 'safety_min_voltage_v': 2.0, 'safety_max_voltage_v': 4.3, 'safety_min_current_a': -10.0, 'safety_max_current_a': 10.0, 'safety_max_time_s': 2.0}]
2026-09-26 16:51:24 | INFO | Process-19[25508] | charge_discharge.cycle_executor | CH0 - Cycle 2 step 0 starting
2026-09-26 16:51:24 | INFO | Process-19[25508] | charge_discharge.cycle_executor | CH0 - Step settings: {'cycle_type': 'step', 'cycle_display': 'Discharge', 'drive_style': 'current_a', 'drive_value': -10.0, 'drive_value_other': 0.0, 'end_style': 'time_s', 'end_condition': 'greater', 'end_value': 0.05, 'meas_log_int_s': 0.01, 'safety_min_voltage_v': 2.0, 'safety_max_voltage_v': 4.3, 'safety_min_current_a': -10.0, 'safety_max_current_a': 10.0, 'safety_max_time_s': 2.0}
2026-09-26 16:51:24 | INFO | Process-19[25508] | charge_discharge.runner | Voltage measurement equipment chosen
2026-09-26 16:51:24 | INFO | Process-19[25508] | charge_discharge.runner | Current measurement equipment chosen
2026-09-26 16:51:24 | INFO | Process-19[25508] | charge_discharge.runner | Current-driven step setup
2026-09-26 16:51:24 | INFO | Process-19[25508] | charge_discharge.runner | Start step successful
2026-09-26 16:51:24 | INFO | Process-19[25508] | charge_discharge.runner | End condition before measurement loop: none
2026-09-26 16:51:24 | INFO | Process-19[25508] | charge_discharge.cycle_executor | CH0 - Cycle 2 step 0 ending; reason: end_condition
2026-09-26 16:51:24 | INFO | Process-19[25508] | charge_discharge.cycle_executor | CH0 - Cycle 2 ending
2026-09-26 16:51:24 | INFO | Process-19[25508] | charge_discharge.cycle_executor | CH0 - All cycles completed
2026-09-26 16:51:27 | INFO | Process-21[17000] | equipment | Virtual device connected: Fake Test PSU
2026-09-26 16:51:28 | INFO | Process-22[10692] | equipment | Virtual device connected: Fake Test Eload
2026-09-26 16:51:29 | INFO | Process-23[24616] | equipment | Virtual device connected: Fake Test DMM
2026-09-26 16:51:31 | INFO | Process-24[1572] | equipment | Virtual device connected: Fake Test DMM
2026-09-26 16:51:32 | INFO | Process-25[2328] | equipment | Virtual device connected: Fake Test DMM
2026-09-26 16:51:34 | WARNING | Process-26[32728] | pint.util | Redefining 'ampere_hour' (<class 'pint.delegates.txt_defparser.plain.UnitDefinition'>)
2026-09-26 16:51:34 | WARNING | Process-26[32728] | pint.util | Redefining 'Ah' (<class 'pint.delegates.txt_defparser.plain.UnitDefinition'>)
2026-09-26 16:51:34 | WARNING | Process-26[32728] | pint.util | Redefining 'watt_hour' (<class 'pint.delegates.txt_defparser.plain.UnitDefinition'>)
2026-09-26 16:51:34 | WARNING | Process-26[32728] | pint.util | Redefining 'Wh' (<class 'pint.delegates.txt_defparser.plain.UnitDefinition'>)
2026-09-26 16:51:36 | INFO | Process-26[32728] | charge_discharge.cycle_executor | CH0 - Cycle 3 starting
2026-09-26 16:51:36 | INFO | Process-26[32728] | charge_discharge.cycle_executor | CH0 - Cycle settings: [{'cycle_type': 'step', 'cycle_display': 'Discharge', 'drive_style': 'current_a', 'drive_value': -10.0, 'drive_value_other': 0.0, 'end_style': 'time_s', 'end_condition': 'greater', 'end_value': 0.05, 'meas_log_int_s': 0.01, 'safety_min_voltage_v': 2.0, 'safety_max_voltage_v': 4.3, 'safety_min_current_a': -10.0, 'safety_max_current_a': 10.0, 'safety_max_time_s': 2.0}]
2026-09-26 16:51:36 | INFO | Process-26[32728] | charge_discharge.cycle_executor | CH0 - Cycle 3 step 0 starting
2026-09-26 16:51:36 | INFO | Process-26[32728] | charge_discharge.cycle_executor | CH0 - Step settings: {'cycle_type': 'step', 'cycle_display': 'Discharge', 'drive_style': 'current_a', 'drive_value': -10.0, 'drive_value_other': 0.0, 'end_style': 'time_s', 'end_condition': 'greater', 'end_value': 0.05, 'meas_log_int_s': 0.01, 'safety_min_voltage_v': 2.0, 'safety_max_voltage_v': 4.3, 'safety_min_current_a': -10.0, 'safety_max_current_a': 10.0, 'safety_max_time_s': 2.0}
2026-09-26 16:51:36 | INFO | Process-26[32728] | charge_discharge.runner | Voltage measurement equipment chosen
2026-09-26 16:51:36 | INFO | Process-26[32728] | charge_discharge.runner | Current measurement equipment chosen
2026-09-26 16:51:36 | INFO | Process-26[32728] | charge_discharge.runner | Current-driven step setup
2026-09-26 16:51:36 | INFO | Process-26[32728] | charge_discharge.runner | Start step successful
2026-09-26 16:51:36 | INFO | Process-26[32728] | charge_discharge.runner | End condition before measurement loop: none
2026-09-26 16:51:36 | INFO | Process-26[32728] | charge_discharge.cycle_executor | CH0 - Cycle 3 step 0 ending; reason: end_condition
2026-09-26 16:51:36 | INFO | Process-26[32728] | charge_discharge.cycle_executor | CH0 - Cycle 3 ending
2026-09-26 16:51:36 | INFO | Process-26[32728] | charge_discharge.cycle_executor | CH0 - All cycles completed
2026-09-26 16:51:39 | INFO | Process-28[19728] | equipment | Virtual device connected: Fake Test PSU
2026-09-26 16:51:41 | INFO | Process-29[16852] | equipment | Virtual device connected: Fake Test Eload
2026-09-26 16:51:42 | INFO | Process-30[32996] | equipment | Virtual device connected: Fake Test DMM
2026-09-26 16:51:43 | INFO | Process-31[25632] | equipment | Virtual device connected: Fake Test DMM
2026-09-26 16:51:45 | INFO | Process-32[5588] | equipment | Virtual device connected: Fake Test DMM
2026-09-26 16:51:47 | WARNING | Process-33[27308] | pint.util | Redefining 'ampere_hour' (<class 'pint.delegates.txt_defparser.plain.UnitDefinition'>)
2026-09-26 16:51:47 | WARNING | Process-33[27308] | pint.util | Redefining 'Ah' (<class 'pint.delegates.txt_defparser.plain.UnitDefinition'>)
2026-09-26 16:51:47 | WARNING | Process-33[27308] | pint.util | Redefining 'watt_hour' (<class 'pint.delegates.txt_defparser.plain.UnitDefinition'>)
2026-09-26 16:51:47 | WARNING | Process-33[27308] | pint.util | Redefining 'Wh' (<class 'pint.delegates.txt_defparser.plain.UnitDefinition'>)
2026-09-26 16:51:49 | INFO | Process-33[27308] | charge_discharge.cycle_executor | CH0 - Cycle 1 starting
2026-09-26 16:51:49 | INFO | Process-33[27308] | charge_discharge.cycle_executor | CH0 - Cycle settings: [{'cycle_type': 'step', 'cycle_display': 'Discharge', 'drive_style': 'current_a', 'drive_value': -1.0, 'drive_value_other': 0, 'end_style': 'voltage_v', 'end_condition': 'lesser', 'end_value': 4.19, 'meas_log_int_s': 1, 'safety_min_voltage_v': 2.45, 'safety_max_voltage_v': 4.25, 'safety_min_current_a': -10, 'safety_max_current_a': 10, 'safety_max_time_s': 2.0}]
2026-09-26 16:51:49 | INFO | Process-33[27308] | charge_discharge.cycle_executor | CH0 - Cycle 1 step 0 starting
2026-09-26 16:51:49 | INFO | Process-33[27308] | charge_discharge.cycle_executor | CH0 - Step settings: {'cycle_type': 'step', 'cycle_display': 'Discharge', 'drive_style': 'current_a', 'drive_value': -1.0, 'drive_value_other': 0, 'end_style': 'voltage_v', 'end_condition': 'lesser', 'end_value': 4.19, 'meas_log_int_s': 1, 'safety_min_voltage_v': 2.45, 'safety_max_voltage_v': 4.25, 'safety_min_current_a': -10, 'safety_max_current_a': 10, 'safety_max_time_s': 2.0}
2026-09-26 16:51:49 | INFO | Process-33[27308] | charge_discharge.runner | Voltage measurement equipment chosen
2026-09-26 16:51:49 | INFO | Process-33[27308] | charge_discharge.runner | Current measurement equipment chosen
2026-09-26 16:51:49 | INFO | Process-33[27308] | charge_discharge.runner | Current-driven step setup
2026-09-26 16:51:49 | INFO | Process-33[27308] | charge_discharge.runner | Start step successful
2026-09-26 16:51:49 | INFO | Process-33[27308] | charge_discharge.runner | End condition before measurement loop: end_condition
2026-09-26 16:51:49 | INFO | Process-33[27308] | charge_discharge.cycle_executor | CH0 - Cycle 1 step 0 ending; reason: end_condition
2026-09-26 16:51:49 | INFO | Process-33[27308] | charge_discharge.cycle_executor | CH0 - Cycle 1 ending
2026-09-26 16:51:49 | INFO | Process-33[27308] | charge_discharge.cycle_executor | CH0 - All cycles completed
2026-09-26 17:03:23 | INFO | Process-2[31556] | equipment | Virtual device connected: Fake Test PSU
2026-09-26 17:03:24 | INFO | Process-3[35844] | equipment | Virtual device connected: Fake Test Eload
2026-09-26 17:03:25 | INFO | Process-4[45836] | equipment | Virtual device connected: Fake Test DMM
2026-09-26 17:03:27 | INFO | Process-5[44428] | equipment | Virtual device connected: Fake Test DMM
2026-09-26 17:03:28 | INFO | Process-6[4276] | equipment | Virtual device connected: Fake Test DMM
2026-09-26 17:03:31 | WARNING | Process-7[16008] | pint.util | Redefining 'ampere_hour' (<class 'pint.delegates.txt_defparser.plain.UnitDefinition'>)
2026-09-26 17:03:31 | WARNING | Process-7[16008] | pint.util | Redefining 'Ah' (<class 'pint.delegates.txt_defparser.plain.UnitDefinition'>)
2026-09-26 17:03:31 | WARNING | Process-7[16008] | pint.util | Redefining 'watt_hour' (<class 'pint.delegates.txt_defparser.plain.UnitDefinition'>)
2026-09-26 17:03:31 | WARNING | Process-7[16008] | pint.util | Redefining 'Wh' (<class 'pint.delegates.txt_defparser.plain.UnitDefinition'>)
2026-09-26 17:03:42 | INFO | Process-9[31568] | equipment | Virtual device connected: Fake Test PSU
2026-09-26 17:03:43 | INFO | Process-10[21212] | equipment | Virtual device connected: Fake Test Eload
2026-09-26 17:03:44 | INFO | Process-11[44016] | equipment | Virtual device connected: Fake Test DMM
2026-09-26 17:03:46 | INFO | Process-12[41080] | equipment | Virtual device connected: Fake Test DMM
2026-09-26 17:03:47 | INFO | Process-7[16008] | charge_discharge.cycle_executor | CH0 - Cycle 1 starting
2026-09-26 17:03:47 | INFO | Process-7[16008] | charge_discharge.cycle_executor | CH0 - Cycle settings: [{'cycle_type': 'step', 'cycle_display': 'Discharge', 'drive_style': 'current_a', 'drive_value': -10.0, 'drive_value_other': 0.0, 'end_style': 'time_s', 'end_condition': 'greater', 'end_value': 0.05, 'meas_log_int_s': 0.01, 'safety_min_voltage_v': 2.0, 'safety_max_voltage_v': 4.3, 'safety_min_current_a': -10.0, 'safety_max_current_a': 10.0, 'safety_max_time_s': 2.0}]
2026-09-26 17:03:47 | INFO | Process-7[16008] | charge_discharge.cycle_executor | CH0 - Cycle 1 step 0 starting
2026-09-26 17:03:47 | INFO | Process-7[16008] | charge_discharge.cycle_executor | CH0 - Step settings: {'cycle_type': 'step', 'cycle_display': 'Discharge', 'drive_style': 'current_a', 'drive_value': -10.0, 'drive_value_other': 0.0, 'end_style': 'time_s', 'end_condition': 'greater', 'end_value': 0.05, 'meas_log_int_s': 0.01, 'safety_min_voltage_v': 2.0, 'safety_max_voltage_v': 4.3, 'safety_min_current_a': -10.0, 'safety_max_current_a': 10.0, 'safety_max_time_s': 2.0}
2026-09-26 17:03:47 | INFO | Process-7[16008] | charge_discharge.runner | Voltage measurement equipment chosen
2026-09-26 17:03:47 | INFO | Process-7[16008] | charge_discharge.runner | Current measurement equipment chosen
2026-09-26 17:03:47 | INFO | Process-7[16008] | charge_discharge.runner | Current-driven step setup
2026-09-26 17:03:47 | INFO | Process-7[16008] | charge_discharge.runner | Start step successful
2026-09-26 17:03:47 | INFO | Process-7[16008] | charge_discharge.runner | End condition before measurement loop: none
2026-09-26 17:03:47 | INFO | Process-7[16008] | charge_discharge.cycle_executor | CH0 - Cycle 1 step 0 ending; reason: end_condition
2026-09-26 17:03:47 | INFO | Process-7[16008] | charge_discharge.cycle_executor | CH0 - Cycle 1 ending
2026-09-26 17:03:47 | INFO | Process-7[16008] | charge_discharge.cycle_executor | CH0 - Cycle 2 starting
2026-09-26 17:03:47 | INFO | Process-7[16008] | charge_discharge.cycle_executor | CH0 - Cycle settings: [{'cycle_type': 'step', 'cycle_display': 'Discharge', 'drive_style': 'current_a', 'drive_value': -10.0, 'drive_value_other': 0.0, 'end_style': 'time_s', 'end_condition': 'greater', 'end_value': 0.05, 'meas_log_int_s': 0.01, 'safety_min_voltage_v': 2.0, 'safety_max_voltage_v': 4.3, 'safety_min_current_a': -10.0, 'safety_max_current_a': 10.0, 'safety_max_time_s': 2.0}]
2026-09-26 17:03:47 | INFO | Process-7[16008] | charge_discharge.cycle_executor | CH0 - Cycle 2 step 0 starting
2026-09-26 17:03:47 | INFO | Process-7[16008] | charge_discharge.cycle_executor | CH0 - Step settings: {'cycle_type': 'step', 'cycle_display': 'Discharge', 'drive_style': 'current_a', 'drive_value': -10.0, 'drive_value_other': 0.0, 'end_style': 'time_s', 'end_condition': 'greater', 'end_value': 0.05, 'meas_log_int_s': 0.01, 'safety_min_voltage_v': 2.0, 'safety_max_voltage_v': 4.3, 'safety_min_current_a': -10.0, 'safety_max_current_a': 10.0, 'safety_max_time_s': 2.0}
2026-09-26 17:03:47 | INFO | Process-7[16008] | charge_discharge.runner | Voltage measurement equipment chosen
2026-09-26 17:03:47 | INFO | Process-7[16008] | charge_discharge.runner | Current measurement equipment chosen
2026-09-26 17:03:47 | INFO | Process-7[16008] | charge_discharge.runner | Current-driven step setup
2026-09-26 17:03:47 | INFO | Process-13[1524] | equipment | Virtual device connected: Fake Test DMM
2026-09-26 17:03:47 | INFO | Process-7[16008] | charge_discharge.runner | Start step successful
2026-09-26 17:03:47 | INFO | Process-7[16008] | charge_discharge.runner | End condition before measurement loop: none
2026-09-26 17:03:47 | INFO | Process-7[16008] | charge_discharge.cycle_executor | CH0 - Cycle 2 step 0 ending; reason: end_condition
2026-09-26 17:03:47 | INFO | Process-7[16008] | charge_discharge.cycle_executor | CH0 - Cycle 2 ending
2026-09-26 17:03:47 | INFO | Process-7[16008] | charge_discharge.cycle_executor | CH0 - All cycles completed
2026-09-26 17:03:49 | WARNING | Process-14[27976] | pint.util | Redefining 'ampere_hour' (<class 'pint.delegates.txt_defparser.plain.UnitDefinition'>)
2026-09-26 17:03:49 | WARNING | Process-14[27976] | pint.util | Redefining 'Ah' (<class 'pint.delegates.txt_defparser.plain.UnitDefinition'>)
2026-09-26 17:03:49 | WARNING | Process-14[27976] | pint.util | Redefining 'watt_hour' (<class 'pint.delegates.txt_defparser.plain.UnitDefinition'>)
2026-09-26 17:03:49 | WARNING | Process-14[27976] | pint.util | Redefining 'Wh' (<class 'pint.delegates.txt_defparser.plain.UnitDefinition'>)
2026-09-26 17:03:51 | INFO | Process-14[27976] | charge_discharge.cycle_executor | CH0 - Cycle 1 starting
2026-09-26 17:03:51 | INFO | Process-14[27976] | charge_discharge.cycle_executor | CH0 - Cycle settings: [{'cycle_type': 'step', 'cycle_display': 'Discharge', 'drive_style': 'current_a', 'drive_value': -1.0, 'drive_value_other': 0, 'end_style': 'voltage_v', 'end_condition': 'lesser', 'end_value': 4.19, 'meas_log_int_s': 1, 'safety_min_voltage_v': 2.45, 'safety_max_voltage_v': 4.25, 'safety_min_current_a': -10, 'safety_max_current_a': 10, 'safety_max_time_s': 2.0}]
2026-09-26 17:03:51 | INFO | Process-14[27976] | charge_discharge.cycle_executor | CH0 - Cycle 1 step 0 starting
2026-09-26 17:03:51 | INFO | Process-14[27976] | charge_discharge.cycle_executor | CH0 - Step settings: {'cycle_type': 'step', 'cycle_display': 'Discharge', 'drive_style': 'current_a', 'drive_value': -1.0, 'drive_value_other': 0, 'end_style': 'voltage_v', 'end_condition': 'lesser', 'end_value': 4.19, 'meas_log_int_s': 1, 'safety_min_voltage_v': 2.45, 'safety_max_voltage_v': 4.25, 'safety_min_current_a': -10, 'safety_max_current_a': 10, 'safety_max_time_s': 2.0}
2026-09-26 17:03:51 | INFO | Process-14[27976] | charge_discharge.runner | Voltage measurement equipment chosen
2026-09-26 17:03:51 | INFO | Process-14[27976] | charge_discharge.runner | Current measurement equipment chosen
2026-09-26 17:03:51 | INFO | Process-14[27976] | charge_discharge.runner | Current-driven step setup
2026-09-26 17:03:51 | INFO | Process-14[27976] | charge_discharge.runner | Start step successful
2026-09-26 17:03:51 | INFO | Process-14[27976] | charge_discharge.runner | End condition before measurement loop: end_condition
2026-09-26 17:03:51 | INFO | Process-14[27976] | charge_discharge.cycle_executor | CH0 - Cycle 1 step 0 ending; reason: end_condition
2026-09-26 17:03:51 | INFO | Process-14[27976] | charge_discharge.cycle_executor | CH0 - Cycle 1 ending
2026-09-26 17:03:51 | INFO | Process-14[27976] | charge_discharge.cycle_executor | CH0 - All cycles completed
2026-09-26 17:04:29 | INFO | Process-7[42056] | equipment | Virtual device connected: Fake Test PSU
2026-09-26 17:04:31 | INFO | Process-8[3476] | equipment | Virtual device connected: Fake Test Eload
2026-09-26 17:04:32 | INFO | Process-9[14220] | equipment | Virtual device connected: Fake Test DMM
2026-09-26 17:04:33 | INFO | Process-10[44148] | equipment | Virtual device connected: Fake Test DMM
2026-09-26 17:04:35 | INFO | Process-11[31700] | equipment | Virtual device connected: Fake Test DMM
2026-09-26 17:04:35 | ERROR | Process-10[44148] | equipment | Virtual device operation failed: measure_current
Traceback (most recent call last):
  File "D:\Documents\GitHub\Test_Equipment_Control\equipment.py", line 252, in virtual_device_management_process
    return_data = _dispatch_virtual_device_method(device, operation, args)
  File "D:\Documents\GitHub\Test_Equipment_Control\equipment.py", line 148, in _dispatch_virtual_device_method
    return method(*args)
  File "D:\Documents\GitHub\Test_Equipment_Control\lab_equipment\DMM_Fake.py", line 15, in measure_current
    return require_simulation_link(self.battery_link, "Fake DMM").measure_current()
           ~~~~~~~~~~~~~~~~~~~~~~~^^^^^^^^^^^^^^^^^^^^^^^^^^^^^^^
  File "D:\Documents\GitHub\Test_Equipment_Control\battery_app\simulation.py", line 25, in require_simulation_link
    raise FakeInstrumentNotAttachedError(
        f"{instrument_name} requires an attached SIMULATED_LG_MJ1 battery link"
    )
battery_app.simulation.FakeInstrumentNotAttachedError: Fake DMM requires an attached SIMULATED_LG_MJ1 battery link
2026-09-26 17:04:37 | INFO | Process-14[34980] | equipment | Virtual device connected: Fake Test PSU
2026-09-26 17:04:39 | INFO | Process-15[41732] | equipment | Virtual device connected: Fake Test Eload
2026-09-26 17:04:40 | INFO | Process-16[47016] | equipment | Virtual device connected: Fake Test DMM
2026-09-26 17:04:41 | INFO | Process-17[15688] | equipment | Virtual device connected: Fake Test DMM
2026-09-26 17:04:43 | INFO | Process-18[7624] | equipment | Virtual device connected: Fake Test DMM
2026-09-26 17:04:45 | WARNING | Process-19[44724] | pint.util | Redefining 'ampere_hour' (<class 'pint.delegates.txt_defparser.plain.UnitDefinition'>)
2026-09-26 17:04:45 | WARNING | Process-19[44724] | pint.util | Redefining 'Ah' (<class 'pint.delegates.txt_defparser.plain.UnitDefinition'>)
2026-09-26 17:04:45 | WARNING | Process-19[44724] | pint.util | Redefining 'watt_hour' (<class 'pint.delegates.txt_defparser.plain.UnitDefinition'>)
2026-09-26 17:04:45 | WARNING | Process-19[44724] | pint.util | Redefining 'Wh' (<class 'pint.delegates.txt_defparser.plain.UnitDefinition'>)
2026-09-26 17:04:47 | INFO | Process-19[44724] | charge_discharge.cycle_executor | CH0 - Cycle 1 starting
2026-09-26 17:04:47 | INFO | Process-19[44724] | charge_discharge.cycle_executor | CH0 - Cycle settings: [{'cycle_type': 'step', 'cycle_display': 'Discharge', 'drive_style': 'current_a', 'drive_value': -10.0, 'drive_value_other': 0.0, 'end_style': 'time_s', 'end_condition': 'greater', 'end_value': 0.05, 'meas_log_int_s': 0.01, 'safety_min_voltage_v': 2.0, 'safety_max_voltage_v': 4.3, 'safety_min_current_a': -10.0, 'safety_max_current_a': 10.0, 'safety_max_time_s': 2.0}]
2026-09-26 17:04:47 | INFO | Process-19[44724] | charge_discharge.cycle_executor | CH0 - Cycle 1 step 0 starting
2026-09-26 17:04:47 | INFO | Process-19[44724] | charge_discharge.cycle_executor | CH0 - Step settings: {'cycle_type': 'step', 'cycle_display': 'Discharge', 'drive_style': 'current_a', 'drive_value': -10.0, 'drive_value_other': 0.0, 'end_style': 'time_s', 'end_condition': 'greater', 'end_value': 0.05, 'meas_log_int_s': 0.01, 'safety_min_voltage_v': 2.0, 'safety_max_voltage_v': 4.3, 'safety_min_current_a': -10.0, 'safety_max_current_a': 10.0, 'safety_max_time_s': 2.0}
2026-09-26 17:04:47 | INFO | Process-19[44724] | charge_discharge.runner | Voltage measurement equipment chosen
2026-09-26 17:04:47 | INFO | Process-19[44724] | charge_discharge.runner | Current measurement equipment chosen
2026-09-26 17:04:47 | INFO | Process-19[44724] | charge_discharge.runner | Current-driven step setup
2026-09-26 17:04:47 | INFO | Process-19[44724] | charge_discharge.runner | Start step successful
2026-09-26 17:04:47 | INFO | Process-19[44724] | charge_discharge.runner | End condition before measurement loop: none
2026-09-26 17:04:47 | INFO | Process-19[44724] | charge_discharge.cycle_executor | CH0 - Cycle 1 step 0 ending; reason: end_condition
2026-09-26 17:04:47 | INFO | Process-19[44724] | charge_discharge.cycle_executor | CH0 - Cycle 1 ending
2026-09-26 17:04:47 | INFO | Process-19[44724] | charge_discharge.cycle_executor | CH0 - Cycle 2 starting
2026-09-26 17:04:47 | INFO | Process-19[44724] | charge_discharge.cycle_executor | CH0 - Cycle settings: [{'cycle_type': 'step', 'cycle_display': 'Discharge', 'drive_style': 'current_a', 'drive_value': -10.0, 'drive_value_other': 0.0, 'end_style': 'time_s', 'end_condition': 'greater', 'end_value': 0.05, 'meas_log_int_s': 0.01, 'safety_min_voltage_v': 2.0, 'safety_max_voltage_v': 4.3, 'safety_min_current_a': -10.0, 'safety_max_current_a': 10.0, 'safety_max_time_s': 2.0}]
2026-09-26 17:04:47 | INFO | Process-19[44724] | charge_discharge.cycle_executor | CH0 - Cycle 2 step 0 starting
2026-09-26 17:04:47 | INFO | Process-19[44724] | charge_discharge.cycle_executor | CH0 - Step settings: {'cycle_type': 'step', 'cycle_display': 'Discharge', 'drive_style': 'current_a', 'drive_value': -10.0, 'drive_value_other': 0.0, 'end_style': 'time_s', 'end_condition': 'greater', 'end_value': 0.05, 'meas_log_int_s': 0.01, 'safety_min_voltage_v': 2.0, 'safety_max_voltage_v': 4.3, 'safety_min_current_a': -10.0, 'safety_max_current_a': 10.0, 'safety_max_time_s': 2.0}
2026-09-26 17:04:47 | INFO | Process-19[44724] | charge_discharge.runner | Voltage measurement equipment chosen
2026-09-26 17:04:47 | INFO | Process-19[44724] | charge_discharge.runner | Current measurement equipment chosen
2026-09-26 17:04:47 | INFO | Process-19[44724] | charge_discharge.runner | Current-driven step setup
2026-09-26 17:04:47 | INFO | Process-19[44724] | charge_discharge.runner | Start step successful
2026-09-26 17:04:47 | INFO | Process-19[44724] | charge_discharge.runner | End condition before measurement loop: none
2026-09-26 17:04:47 | INFO | Process-19[44724] | charge_discharge.cycle_executor | CH0 - Cycle 2 step 0 ending; reason: end_condition
2026-09-26 17:04:47 | INFO | Process-19[44724] | charge_discharge.cycle_executor | CH0 - Cycle 2 ending
2026-09-26 17:04:47 | INFO | Process-19[44724] | charge_discharge.cycle_executor | CH0 - All cycles completed
2026-09-26 17:04:50 | INFO | Process-21[15444] | equipment | Virtual device connected: Fake Test PSU
2026-09-26 17:04:51 | INFO | Process-22[15632] | equipment | Virtual device connected: Fake Test Eload
2026-09-26 17:04:52 | INFO | Process-23[31200] | equipment | Virtual device connected: Fake Test DMM
2026-09-26 17:04:54 | INFO | Process-24[47084] | equipment | Virtual device connected: Fake Test DMM
2026-09-26 17:04:55 | INFO | Process-25[14084] | equipment | Virtual device connected: Fake Test DMM
2026-09-26 17:04:57 | WARNING | Process-26[37132] | pint.util | Redefining 'ampere_hour' (<class 'pint.delegates.txt_defparser.plain.UnitDefinition'>)
2026-09-26 17:04:57 | WARNING | Process-26[37132] | pint.util | Redefining 'Ah' (<class 'pint.delegates.txt_defparser.plain.UnitDefinition'>)
2026-09-26 17:04:57 | WARNING | Process-26[37132] | pint.util | Redefining 'watt_hour' (<class 'pint.delegates.txt_defparser.plain.UnitDefinition'>)
2026-09-26 17:04:57 | WARNING | Process-26[37132] | pint.util | Redefining 'Wh' (<class 'pint.delegates.txt_defparser.plain.UnitDefinition'>)
2026-09-26 17:04:59 | INFO | Process-26[37132] | charge_discharge.cycle_executor | CH0 - Cycle 3 starting
2026-09-26 17:04:59 | INFO | Process-26[37132] | charge_discharge.cycle_executor | CH0 - Cycle settings: [{'cycle_type': 'step', 'cycle_display': 'Discharge', 'drive_style': 'current_a', 'drive_value': -10.0, 'drive_value_other': 0.0, 'end_style': 'time_s', 'end_condition': 'greater', 'end_value': 0.05, 'meas_log_int_s': 0.01, 'safety_min_voltage_v': 2.0, 'safety_max_voltage_v': 4.3, 'safety_min_current_a': -10.0, 'safety_max_current_a': 10.0, 'safety_max_time_s': 2.0}]
2026-09-26 17:04:59 | INFO | Process-26[37132] | charge_discharge.cycle_executor | CH0 - Cycle 3 step 0 starting
2026-09-26 17:04:59 | INFO | Process-26[37132] | charge_discharge.cycle_executor | CH0 - Step settings: {'cycle_type': 'step', 'cycle_display': 'Discharge', 'drive_style': 'current_a', 'drive_value': -10.0, 'drive_value_other': 0.0, 'end_style': 'time_s', 'end_condition': 'greater', 'end_value': 0.05, 'meas_log_int_s': 0.01, 'safety_min_voltage_v': 2.0, 'safety_max_voltage_v': 4.3, 'safety_min_current_a': -10.0, 'safety_max_current_a': 10.0, 'safety_max_time_s': 2.0}
2026-09-26 17:04:59 | INFO | Process-26[37132] | charge_discharge.runner | Voltage measurement equipment chosen
2026-09-26 17:04:59 | INFO | Process-26[37132] | charge_discharge.runner | Current measurement equipment chosen
2026-09-26 17:04:59 | INFO | Process-26[37132] | charge_discharge.runner | Current-driven step setup
2026-09-26 17:04:59 | INFO | Process-26[37132] | charge_discharge.runner | Start step successful
2026-09-26 17:04:59 | INFO | Process-26[37132] | charge_discharge.runner | End condition before measurement loop: none
2026-09-26 17:04:59 | INFO | Process-26[37132] | charge_discharge.cycle_executor | CH0 - Cycle 3 step 0 ending; reason: end_condition
2026-09-26 17:04:59 | INFO | Process-26[37132] | charge_discharge.cycle_executor | CH0 - Cycle 3 ending
2026-09-26 17:04:59 | INFO | Process-26[37132] | charge_discharge.cycle_executor | CH0 - All cycles completed
2026-09-26 17:05:02 | INFO | Process-28[27264] | equipment | Virtual device connected: Fake Test PSU
2026-09-26 17:05:03 | INFO | Process-29[42544] | equipment | Virtual device connected: Fake Test Eload
2026-09-26 17:05:05 | INFO | Process-30[30868] | equipment | Virtual device connected: Fake Test DMM
2026-09-26 17:05:06 | INFO | Process-31[44980] | equipment | Virtual device connected: Fake Test DMM
2026-09-26 17:05:07 | INFO | Process-32[7180] | equipment | Virtual device connected: Fake Test DMM
2026-09-26 17:05:10 | WARNING | Process-33[26192] | pint.util | Redefining 'ampere_hour' (<class 'pint.delegates.txt_defparser.plain.UnitDefinition'>)
2026-09-26 17:05:10 | WARNING | Process-33[26192] | pint.util | Redefining 'Ah' (<class 'pint.delegates.txt_defparser.plain.UnitDefinition'>)
2026-09-26 17:05:10 | WARNING | Process-33[26192] | pint.util | Redefining 'watt_hour' (<class 'pint.delegates.txt_defparser.plain.UnitDefinition'>)
2026-09-26 17:05:10 | WARNING | Process-33[26192] | pint.util | Redefining 'Wh' (<class 'pint.delegates.txt_defparser.plain.UnitDefinition'>)
2026-09-26 17:05:11 | INFO | Process-33[26192] | charge_discharge.cycle_executor | CH0 - Cycle 1 starting
2026-09-26 17:05:11 | INFO | Process-33[26192] | charge_discharge.cycle_executor | CH0 - Cycle settings: [{'cycle_type': 'step', 'cycle_display': 'Discharge', 'drive_style': 'current_a', 'drive_value': -1.0, 'drive_value_other': 0, 'end_style': 'voltage_v', 'end_condition': 'lesser', 'end_value': 4.19, 'meas_log_int_s': 1, 'safety_min_voltage_v': 2.45, 'safety_max_voltage_v': 4.25, 'safety_min_current_a': -10, 'safety_max_current_a': 10, 'safety_max_time_s': 2.0}]
2026-09-26 17:05:11 | INFO | Process-33[26192] | charge_discharge.cycle_executor | CH0 - Cycle 1 step 0 starting
2026-09-26 17:05:11 | INFO | Process-33[26192] | charge_discharge.cycle_executor | CH0 - Step settings: {'cycle_type': 'step', 'cycle_display': 'Discharge', 'drive_style': 'current_a', 'drive_value': -1.0, 'drive_value_other': 0, 'end_style': 'voltage_v', 'end_condition': 'lesser', 'end_value': 4.19, 'meas_log_int_s': 1, 'safety_min_voltage_v': 2.45, 'safety_max_voltage_v': 4.25, 'safety_min_current_a': -10, 'safety_max_current_a': 10, 'safety_max_time_s': 2.0}
2026-09-26 17:05:11 | INFO | Process-33[26192] | charge_discharge.runner | Voltage measurement equipment chosen
2026-09-26 17:05:11 | INFO | Process-33[26192] | charge_discharge.runner | Current measurement equipment chosen
2026-09-26 17:05:11 | INFO | Process-33[26192] | charge_discharge.runner | Current-driven step setup
2026-09-26 17:05:11 | INFO | Process-33[26192] | charge_discharge.runner | Start step successful
2026-09-26 17:05:12 | INFO | Process-33[26192] | charge_discharge.runner | End condition before measurement loop: end_condition
2026-09-26 17:05:12 | INFO | Process-33[26192] | charge_discharge.cycle_executor | CH0 - Cycle 1 step 0 ending; reason: end_condition
2026-09-26 17:05:12 | INFO | Process-33[26192] | charge_discharge.cycle_executor | CH0 - Cycle 1 ending
2026-09-26 17:05:12 | INFO | Process-33[26192] | charge_discharge.cycle_executor | CH0 - All cycles completed
2026-09-26 17:06:47 | INFO | Process-2[12128] | equipment | Virtual device connected: Fake Test PSU
2026-09-26 17:06:48 | INFO | Process-3[21460] | equipment | Virtual device connected: Fake Test Eload
2026-09-26 17:06:49 | INFO | Process-4[27908] | equipment | Virtual device connected: Fake Test DMM
2026-09-26 17:06:51 | INFO | Process-5[25544] | equipment | Virtual device connected: Fake Test DMM
2026-09-26 17:06:52 | INFO | Process-6[18804] | equipment | Virtual device connected: Fake Test DMM
2026-09-26 17:06:54 | WARNING | Process-7[10712] | pint.util | Redefining 'ampere_hour' (<class 'pint.delegates.txt_defparser.plain.UnitDefinition'>)
2026-09-26 17:06:54 | WARNING | Process-7[10712] | pint.util | Redefining 'Ah' (<class 'pint.delegates.txt_defparser.plain.UnitDefinition'>)
2026-09-26 17:06:54 | WARNING | Process-7[10712] | pint.util | Redefining 'watt_hour' (<class 'pint.delegates.txt_defparser.plain.UnitDefinition'>)
2026-09-26 17:06:54 | WARNING | Process-7[10712] | pint.util | Redefining 'Wh' (<class 'pint.delegates.txt_defparser.plain.UnitDefinition'>)
2026-09-26 17:06:56 | INFO | Process-7[10712] | charge_discharge.cycle_executor | CH0 - Cycle 1 starting
2026-09-26 17:06:56 | INFO | Process-7[10712] | charge_discharge.cycle_executor | CH0 - Cycle settings: [{'cycle_type': 'step', 'cycle_display': 'Discharge', 'drive_style': 'current_a', 'drive_value': -10.0, 'drive_value_other': 0.0, 'end_style': 'time_s', 'end_condition': 'greater', 'end_value': 0.05, 'meas_log_int_s': 0.01, 'safety_min_voltage_v': 2.0, 'safety_max_voltage_v': 4.3, 'safety_min_current_a': -10.0, 'safety_max_current_a': 10.0, 'safety_max_time_s': 2.0}]
2026-09-26 17:06:56 | INFO | Process-7[10712] | charge_discharge.cycle_executor | CH0 - Cycle 1 step 0 starting
2026-09-26 17:06:56 | INFO | Process-7[10712] | charge_discharge.cycle_executor | CH0 - Step settings: {'cycle_type': 'step', 'cycle_display': 'Discharge', 'drive_style': 'current_a', 'drive_value': -10.0, 'drive_value_other': 0.0, 'end_style': 'time_s', 'end_condition': 'greater', 'end_value': 0.05, 'meas_log_int_s': 0.01, 'safety_min_voltage_v': 2.0, 'safety_max_voltage_v': 4.3, 'safety_min_current_a': -10.0, 'safety_max_current_a': 10.0, 'safety_max_time_s': 2.0}
2026-09-26 17:06:56 | INFO | Process-7[10712] | charge_discharge.runner | Voltage measurement equipment chosen
2026-09-26 17:06:56 | INFO | Process-7[10712] | charge_discharge.runner | Current measurement equipment chosen
2026-09-26 17:06:56 | INFO | Process-7[10712] | charge_discharge.runner | Current-driven step setup
2026-09-26 17:06:56 | INFO | Process-7[10712] | charge_discharge.runner | Start step successful
2026-09-26 17:06:56 | INFO | Process-7[10712] | charge_discharge.runner | End condition before measurement loop: none
2026-09-26 17:06:56 | INFO | Process-7[10712] | charge_discharge.cycle_executor | CH0 - Cycle 1 step 0 ending; reason: end_condition
2026-09-26 17:06:56 | INFO | Process-7[10712] | charge_discharge.cycle_executor | CH0 - Cycle 1 ending
2026-09-26 17:06:56 | INFO | Process-7[10712] | charge_discharge.cycle_executor | CH0 - Cycle 2 starting
2026-09-26 17:06:56 | INFO | Process-7[10712] | charge_discharge.cycle_executor | CH0 - Cycle settings: [{'cycle_type': 'step', 'cycle_display': 'Discharge', 'drive_style': 'current_a', 'drive_value': -10.0, 'drive_value_other': 0.0, 'end_style': 'time_s', 'end_condition': 'greater', 'end_value': 0.05, 'meas_log_int_s': 0.01, 'safety_min_voltage_v': 2.0, 'safety_max_voltage_v': 4.3, 'safety_min_current_a': -10.0, 'safety_max_current_a': 10.0, 'safety_max_time_s': 2.0}]
2026-09-26 17:06:56 | INFO | Process-7[10712] | charge_discharge.cycle_executor | CH0 - Cycle 2 step 0 starting
2026-09-26 17:06:56 | INFO | Process-7[10712] | charge_discharge.cycle_executor | CH0 - Step settings: {'cycle_type': 'step', 'cycle_display': 'Discharge', 'drive_style': 'current_a', 'drive_value': -10.0, 'drive_value_other': 0.0, 'end_style': 'time_s', 'end_condition': 'greater', 'end_value': 0.05, 'meas_log_int_s': 0.01, 'safety_min_voltage_v': 2.0, 'safety_max_voltage_v': 4.3, 'safety_min_current_a': -10.0, 'safety_max_current_a': 10.0, 'safety_max_time_s': 2.0}
2026-09-26 17:06:56 | INFO | Process-7[10712] | charge_discharge.runner | Voltage measurement equipment chosen
2026-09-26 17:06:56 | INFO | Process-7[10712] | charge_discharge.runner | Current measurement equipment chosen
2026-09-26 17:06:56 | INFO | Process-7[10712] | charge_discharge.runner | Current-driven step setup
2026-09-26 17:06:56 | INFO | Process-7[10712] | charge_discharge.runner | Start step successful
2026-09-26 17:06:56 | INFO | Process-7[10712] | charge_discharge.runner | End condition before measurement loop: none
2026-09-26 17:06:56 | INFO | Process-7[10712] | charge_discharge.cycle_executor | CH0 - Cycle 2 step 0 ending; reason: end_condition
2026-09-26 17:06:56 | INFO | Process-7[10712] | charge_discharge.cycle_executor | CH0 - Cycle 2 ending
2026-09-26 17:06:56 | INFO | Process-7[10712] | charge_discharge.cycle_executor | CH0 - All cycles completed
2026-09-26 17:06:59 | INFO | Process-9[44880] | equipment | Virtual device connected: Fake Test PSU
2026-09-26 17:07:00 | INFO | Process-10[45052] | equipment | Virtual device connected: Fake Test Eload
2026-09-26 17:07:02 | INFO | Process-11[41924] | equipment | Virtual device connected: Fake Test DMM
2026-09-26 17:07:03 | INFO | Process-12[34432] | equipment | Virtual device connected: Fake Test DMM
2026-09-26 17:07:04 | INFO | Process-13[31564] | equipment | Virtual device connected: Fake Test DMM
2026-09-26 17:07:07 | WARNING | Process-14[7984] | pint.util | Redefining 'ampere_hour' (<class 'pint.delegates.txt_defparser.plain.UnitDefinition'>)
2026-09-26 17:07:07 | WARNING | Process-14[7984] | pint.util | Redefining 'Ah' (<class 'pint.delegates.txt_defparser.plain.UnitDefinition'>)
2026-09-26 17:07:07 | WARNING | Process-14[7984] | pint.util | Redefining 'watt_hour' (<class 'pint.delegates.txt_defparser.plain.UnitDefinition'>)
2026-09-26 17:07:07 | WARNING | Process-14[7984] | pint.util | Redefining 'Wh' (<class 'pint.delegates.txt_defparser.plain.UnitDefinition'>)
2026-09-26 17:07:08 | INFO | Process-14[7984] | charge_discharge.cycle_executor | CH0 - Cycle 3 starting
2026-09-26 17:07:08 | INFO | Process-14[7984] | charge_discharge.cycle_executor | CH0 - Cycle settings: [{'cycle_type': 'step', 'cycle_display': 'Discharge', 'drive_style': 'current_a', 'drive_value': -10.0, 'drive_value_other': 0.0, 'end_style': 'time_s', 'end_condition': 'greater', 'end_value': 0.05, 'meas_log_int_s': 0.01, 'safety_min_voltage_v': 2.0, 'safety_max_voltage_v': 4.3, 'safety_min_current_a': -10.0, 'safety_max_current_a': 10.0, 'safety_max_time_s': 2.0}]
2026-09-26 17:07:08 | INFO | Process-14[7984] | charge_discharge.cycle_executor | CH0 - Cycle 3 step 0 starting
2026-09-26 17:07:08 | INFO | Process-14[7984] | charge_discharge.cycle_executor | CH0 - Step settings: {'cycle_type': 'step', 'cycle_display': 'Discharge', 'drive_style': 'current_a', 'drive_value': -10.0, 'drive_value_other': 0.0, 'end_style': 'time_s', 'end_condition': 'greater', 'end_value': 0.05, 'meas_log_int_s': 0.01, 'safety_min_voltage_v': 2.0, 'safety_max_voltage_v': 4.3, 'safety_min_current_a': -10.0, 'safety_max_current_a': 10.0, 'safety_max_time_s': 2.0}
2026-09-26 17:07:08 | INFO | Process-14[7984] | charge_discharge.runner | Voltage measurement equipment chosen
2026-09-26 17:07:08 | INFO | Process-14[7984] | charge_discharge.runner | Current measurement equipment chosen
2026-09-26 17:07:08 | INFO | Process-14[7984] | charge_discharge.runner | Current-driven step setup
2026-09-26 17:07:08 | INFO | Process-14[7984] | charge_discharge.runner | Start step successful
2026-09-26 17:07:09 | INFO | Process-14[7984] | charge_discharge.runner | End condition before measurement loop: none
2026-09-26 17:07:09 | INFO | Process-14[7984] | charge_discharge.cycle_executor | CH0 - Cycle 3 step 0 ending; reason: end_condition
2026-09-26 17:07:09 | INFO | Process-14[7984] | charge_discharge.cycle_executor | CH0 - Cycle 3 ending
2026-09-26 17:07:09 | INFO | Process-14[7984] | charge_discharge.cycle_executor | CH0 - All cycles completed
2026-09-26 17:11:47 | INFO | Process-2[37932] | equipment | Virtual device connected: Fake Test PSU
2026-09-26 17:11:48 | INFO | Process-3[43312] | equipment | Virtual device connected: Fake Test Eload
2026-09-26 17:11:50 | INFO | Process-4[45544] | equipment | Virtual device connected: Fake Test DMM
2026-09-26 17:11:51 | INFO | Process-5[39816] | equipment | Virtual device connected: Fake Test DMM
2026-09-26 17:11:52 | INFO | Process-6[19620] | equipment | Virtual device connected: Fake Test DMM
2026-09-26 17:11:54 | WARNING | Process-7[46932] | pint.util | Redefining 'ampere_hour' (<class 'pint.delegates.txt_defparser.plain.UnitDefinition'>)
2026-09-26 17:11:54 | WARNING | Process-7[46932] | pint.util | Redefining 'Ah' (<class 'pint.delegates.txt_defparser.plain.UnitDefinition'>)
2026-09-26 17:11:54 | WARNING | Process-7[46932] | pint.util | Redefining 'watt_hour' (<class 'pint.delegates.txt_defparser.plain.UnitDefinition'>)
2026-09-26 17:11:54 | WARNING | Process-7[46932] | pint.util | Redefining 'Wh' (<class 'pint.delegates.txt_defparser.plain.UnitDefinition'>)
2026-09-26 17:11:56 | INFO | Process-7[46932] | charge_discharge.cycle_executor | CH0 - Cycle 1 starting
2026-09-26 17:11:56 | INFO | Process-7[46932] | charge_discharge.cycle_executor | CH0 - Cycle settings: [{'cycle_type': 'step', 'cycle_display': 'Discharge', 'drive_style': 'current_a', 'drive_value': -10.0, 'drive_value_other': 0.0, 'end_style': 'time_s', 'end_condition': 'greater', 'end_value': 0.05, 'meas_log_int_s': 0.01, 'safety_min_voltage_v': 2.0, 'safety_max_voltage_v': 4.3, 'safety_min_current_a': -10.0, 'safety_max_current_a': 10.0, 'safety_max_time_s': 2.0}]
2026-09-26 17:11:56 | INFO | Process-7[46932] | charge_discharge.cycle_executor | CH0 - Cycle 1 step 0 starting
2026-09-26 17:11:56 | INFO | Process-7[46932] | charge_discharge.cycle_executor | CH0 - Step settings: {'cycle_type': 'step', 'cycle_display': 'Discharge', 'drive_style': 'current_a', 'drive_value': -10.0, 'drive_value_other': 0.0, 'end_style': 'time_s', 'end_condition': 'greater', 'end_value': 0.05, 'meas_log_int_s': 0.01, 'safety_min_voltage_v': 2.0, 'safety_max_voltage_v': 4.3, 'safety_min_current_a': -10.0, 'safety_max_current_a': 10.0, 'safety_max_time_s': 2.0}
2026-09-26 17:11:56 | INFO | Process-7[46932] | charge_discharge.runner | Voltage measurement equipment chosen
2026-09-26 17:11:56 | INFO | Process-7[46932] | charge_discharge.runner | Current measurement equipment chosen
2026-09-26 17:11:56 | INFO | Process-7[46932] | charge_discharge.runner | Current-driven step setup
2026-09-26 17:11:56 | INFO | Process-7[46932] | charge_discharge.runner | Start step successful
2026-09-26 17:11:56 | INFO | Process-7[46932] | charge_discharge.runner | End condition before measurement loop: none
2026-09-26 17:11:56 | INFO | Process-7[46932] | charge_discharge.cycle_executor | CH0 - Cycle 1 step 0 ending; reason: end_condition
2026-09-26 17:11:56 | INFO | Process-7[46932] | charge_discharge.cycle_executor | CH0 - Cycle 1 ending
2026-09-26 17:11:56 | INFO | Process-7[46932] | charge_discharge.cycle_executor | CH0 - Cycle 2 starting
2026-09-26 17:11:56 | INFO | Process-7[46932] | charge_discharge.cycle_executor | CH0 - Cycle settings: [{'cycle_type': 'step', 'cycle_display': 'Discharge', 'drive_style': 'current_a', 'drive_value': -10.0, 'drive_value_other': 0.0, 'end_style': 'time_s', 'end_condition': 'greater', 'end_value': 0.05, 'meas_log_int_s': 0.01, 'safety_min_voltage_v': 2.0, 'safety_max_voltage_v': 4.3, 'safety_min_current_a': -10.0, 'safety_max_current_a': 10.0, 'safety_max_time_s': 2.0}]
2026-09-26 17:11:56 | INFO | Process-7[46932] | charge_discharge.cycle_executor | CH0 - Cycle 2 step 0 starting
2026-09-26 17:11:56 | INFO | Process-7[46932] | charge_discharge.cycle_executor | CH0 - Step settings: {'cycle_type': 'step', 'cycle_display': 'Discharge', 'drive_style': 'current_a', 'drive_value': -10.0, 'drive_value_other': 0.0, 'end_style': 'time_s', 'end_condition': 'greater', 'end_value': 0.05, 'meas_log_int_s': 0.01, 'safety_min_voltage_v': 2.0, 'safety_max_voltage_v': 4.3, 'safety_min_current_a': -10.0, 'safety_max_current_a': 10.0, 'safety_max_time_s': 2.0}
2026-09-26 17:11:56 | INFO | Process-7[46932] | charge_discharge.runner | Voltage measurement equipment chosen
2026-09-26 17:11:56 | INFO | Process-7[46932] | charge_discharge.runner | Current measurement equipment chosen
2026-09-26 17:11:56 | INFO | Process-7[46932] | charge_discharge.runner | Current-driven step setup
2026-09-26 17:11:56 | INFO | Process-7[46932] | charge_discharge.runner | Start step successful
2026-09-26 17:11:57 | INFO | Process-7[46932] | charge_discharge.runner | End condition before measurement loop: none
2026-09-26 17:11:57 | INFO | Process-7[46932] | charge_discharge.cycle_executor | CH0 - Cycle 2 step 0 ending; reason: end_condition
2026-09-26 17:11:57 | INFO | Process-7[46932] | charge_discharge.cycle_executor | CH0 - Cycle 2 ending
2026-09-26 17:11:57 | INFO | Process-7[46932] | charge_discharge.cycle_executor | CH0 - All cycles completed
2026-09-26 17:11:59 | INFO | Process-9[8480] | equipment | Virtual device connected: Fake Test PSU
2026-09-26 17:12:01 | INFO | Process-10[35180] | equipment | Virtual device connected: Fake Test Eload
2026-09-26 17:12:02 | INFO | Process-11[23316] | equipment | Virtual device connected: Fake Test DMM
2026-09-26 17:12:03 | INFO | Process-12[28240] | equipment | Virtual device connected: Fake Test DMM
2026-09-26 17:12:05 | INFO | Process-13[35340] | equipment | Virtual device connected: Fake Test DMM
2026-09-26 17:12:07 | WARNING | Process-14[18524] | pint.util | Redefining 'ampere_hour' (<class 'pint.delegates.txt_defparser.plain.UnitDefinition'>)
2026-09-26 17:12:07 | WARNING | Process-14[18524] | pint.util | Redefining 'Ah' (<class 'pint.delegates.txt_defparser.plain.UnitDefinition'>)
2026-09-26 17:12:07 | WARNING | Process-14[18524] | pint.util | Redefining 'watt_hour' (<class 'pint.delegates.txt_defparser.plain.UnitDefinition'>)
2026-09-26 17:12:07 | WARNING | Process-14[18524] | pint.util | Redefining 'Wh' (<class 'pint.delegates.txt_defparser.plain.UnitDefinition'>)
2026-09-26 17:12:09 | INFO | Process-14[18524] | charge_discharge.cycle_executor | CH0 - Cycle 3 starting
2026-09-26 17:12:09 | INFO | Process-14[18524] | charge_discharge.cycle_executor | CH0 - Cycle settings: [{'cycle_type': 'step', 'cycle_display': 'Discharge', 'drive_style': 'current_a', 'drive_value': -10.0, 'drive_value_other': 0.0, 'end_style': 'time_s', 'end_condition': 'greater', 'end_value': 0.05, 'meas_log_int_s': 0.01, 'safety_min_voltage_v': 2.0, 'safety_max_voltage_v': 4.3, 'safety_min_current_a': -10.0, 'safety_max_current_a': 10.0, 'safety_max_time_s': 2.0}]
2026-09-26 17:12:09 | INFO | Process-14[18524] | charge_discharge.cycle_executor | CH0 - Cycle 3 step 0 starting
2026-09-26 17:12:09 | INFO | Process-14[18524] | charge_discharge.cycle_executor | CH0 - Step settings: {'cycle_type': 'step', 'cycle_display': 'Discharge', 'drive_style': 'current_a', 'drive_value': -10.0, 'drive_value_other': 0.0, 'end_style': 'time_s', 'end_condition': 'greater', 'end_value': 0.05, 'meas_log_int_s': 0.01, 'safety_min_voltage_v': 2.0, 'safety_max_voltage_v': 4.3, 'safety_min_current_a': -10.0, 'safety_max_current_a': 10.0, 'safety_max_time_s': 2.0}
2026-09-26 17:12:09 | INFO | Process-14[18524] | charge_discharge.runner | Voltage measurement equipment chosen
2026-09-26 17:12:09 | INFO | Process-14[18524] | charge_discharge.runner | Current measurement equipment chosen
2026-09-26 17:12:09 | INFO | Process-14[18524] | charge_discharge.runner | Current-driven step setup
2026-09-26 17:12:09 | INFO | Process-14[18524] | charge_discharge.runner | Start step successful
2026-09-26 17:12:09 | INFO | Process-14[18524] | charge_discharge.runner | End condition before measurement loop: none
2026-09-26 17:12:09 | INFO | Process-14[18524] | charge_discharge.cycle_executor | CH0 - Cycle 3 step 0 ending; reason: end_condition
2026-09-26 17:12:09 | INFO | Process-14[18524] | charge_discharge.cycle_executor | CH0 - Cycle 3 ending
2026-09-26 17:12:09 | INFO | Process-14[18524] | charge_discharge.cycle_executor | CH0 - All cycles completed
2026-09-26 17:12:27 | INFO | Process-7[21820] | equipment | Virtual device connected: Fake Test PSU
2026-09-26 17:12:28 | INFO | Process-8[41216] | equipment | Virtual device connected: Fake Test Eload
2026-09-26 17:12:29 | INFO | Process-9[45688] | equipment | Virtual device connected: Fake Test DMM
2026-09-26 17:12:31 | INFO | Process-10[47032] | equipment | Virtual device connected: Fake Test DMM
2026-09-26 17:12:32 | INFO | Process-11[47048] | equipment | Virtual device connected: Fake Test DMM
2026-09-26 17:12:32 | ERROR | Process-10[47032] | equipment | Virtual device operation failed: measure_current
Traceback (most recent call last):
  File "D:\Documents\GitHub\Test_Equipment_Control\equipment.py", line 252, in virtual_device_management_process
    return_data = _dispatch_virtual_device_method(device, operation, args)
  File "D:\Documents\GitHub\Test_Equipment_Control\equipment.py", line 148, in _dispatch_virtual_device_method
    return method(*args)
  File "D:\Documents\GitHub\Test_Equipment_Control\lab_equipment\DMM_Fake.py", line 15, in measure_current
    return require_simulation_link(self.battery_link, "Fake DMM").measure_current()
           ~~~~~~~~~~~~~~~~~~~~~~~^^^^^^^^^^^^^^^^^^^^^^^^^^^^^^^
  File "D:\Documents\GitHub\Test_Equipment_Control\battery_app\simulation.py", line 25, in require_simulation_link
    raise FakeInstrumentNotAttachedError(
        f"{instrument_name} requires an attached SIMULATED_LG_MJ1 battery link"
    )
battery_app.simulation.FakeInstrumentNotAttachedError: Fake DMM requires an attached SIMULATED_LG_MJ1 battery link
2026-09-26 17:12:34 | INFO | Process-14[35444] | equipment | Virtual device connected: Fake Test PSU
2026-09-26 17:12:36 | INFO | Process-15[9152] | equipment | Virtual device connected: Fake Test Eload
2026-09-26 17:12:37 | INFO | Process-16[36500] | equipment | Virtual device connected: Fake Test DMM
2026-09-26 17:12:38 | INFO | Process-17[40628] | equipment | Virtual device connected: Fake Test DMM
2026-09-26 17:12:40 | INFO | Process-18[43344] | equipment | Virtual device connected: Fake Test DMM
2026-09-26 17:12:42 | WARNING | Process-19[32524] | pint.util | Redefining 'ampere_hour' (<class 'pint.delegates.txt_defparser.plain.UnitDefinition'>)
2026-09-26 17:12:42 | WARNING | Process-19[32524] | pint.util | Redefining 'Ah' (<class 'pint.delegates.txt_defparser.plain.UnitDefinition'>)
2026-09-26 17:12:42 | WARNING | Process-19[32524] | pint.util | Redefining 'watt_hour' (<class 'pint.delegates.txt_defparser.plain.UnitDefinition'>)
2026-09-26 17:12:42 | WARNING | Process-19[32524] | pint.util | Redefining 'Wh' (<class 'pint.delegates.txt_defparser.plain.UnitDefinition'>)
2026-09-26 17:12:44 | INFO | Process-19[32524] | charge_discharge.cycle_executor | CH0 - Cycle 1 starting
2026-09-26 17:12:44 | INFO | Process-19[32524] | charge_discharge.cycle_executor | CH0 - Cycle settings: [{'cycle_type': 'step', 'cycle_display': 'Discharge', 'drive_style': 'current_a', 'drive_value': -10.0, 'drive_value_other': 0.0, 'end_style': 'time_s', 'end_condition': 'greater', 'end_value': 0.05, 'meas_log_int_s': 0.01, 'safety_min_voltage_v': 2.0, 'safety_max_voltage_v': 4.3, 'safety_min_current_a': -10.0, 'safety_max_current_a': 10.0, 'safety_max_time_s': 2.0}]
2026-09-26 17:12:44 | INFO | Process-19[32524] | charge_discharge.cycle_executor | CH0 - Cycle 1 step 0 starting
2026-09-26 17:12:44 | INFO | Process-19[32524] | charge_discharge.cycle_executor | CH0 - Step settings: {'cycle_type': 'step', 'cycle_display': 'Discharge', 'drive_style': 'current_a', 'drive_value': -10.0, 'drive_value_other': 0.0, 'end_style': 'time_s', 'end_condition': 'greater', 'end_value': 0.05, 'meas_log_int_s': 0.01, 'safety_min_voltage_v': 2.0, 'safety_max_voltage_v': 4.3, 'safety_min_current_a': -10.0, 'safety_max_current_a': 10.0, 'safety_max_time_s': 2.0}
2026-09-26 17:12:44 | INFO | Process-19[32524] | charge_discharge.runner | Voltage measurement equipment chosen
2026-09-26 17:12:44 | INFO | Process-19[32524] | charge_discharge.runner | Current measurement equipment chosen
2026-09-26 17:12:44 | INFO | Process-19[32524] | charge_discharge.runner | Current-driven step setup
2026-09-26 17:12:44 | INFO | Process-19[32524] | charge_discharge.runner | Start step successful
2026-09-26 17:12:44 | INFO | Process-19[32524] | charge_discharge.runner | End condition before measurement loop: none
2026-09-26 17:12:44 | INFO | Process-19[32524] | charge_discharge.cycle_executor | CH0 - Cycle 1 step 0 ending; reason: end_condition
2026-09-26 17:12:44 | INFO | Process-19[32524] | charge_discharge.cycle_executor | CH0 - Cycle 1 ending
2026-09-26 17:12:44 | INFO | Process-19[32524] | charge_discharge.cycle_executor | CH0 - Cycle 2 starting
2026-09-26 17:12:44 | INFO | Process-19[32524] | charge_discharge.cycle_executor | CH0 - Cycle settings: [{'cycle_type': 'step', 'cycle_display': 'Discharge', 'drive_style': 'current_a', 'drive_value': -10.0, 'drive_value_other': 0.0, 'end_style': 'time_s', 'end_condition': 'greater', 'end_value': 0.05, 'meas_log_int_s': 0.01, 'safety_min_voltage_v': 2.0, 'safety_max_voltage_v': 4.3, 'safety_min_current_a': -10.0, 'safety_max_current_a': 10.0, 'safety_max_time_s': 2.0}]
2026-09-26 17:12:44 | INFO | Process-19[32524] | charge_discharge.cycle_executor | CH0 - Cycle 2 step 0 starting
2026-09-26 17:12:44 | INFO | Process-19[32524] | charge_discharge.cycle_executor | CH0 - Step settings: {'cycle_type': 'step', 'cycle_display': 'Discharge', 'drive_style': 'current_a', 'drive_value': -10.0, 'drive_value_other': 0.0, 'end_style': 'time_s', 'end_condition': 'greater', 'end_value': 0.05, 'meas_log_int_s': 0.01, 'safety_min_voltage_v': 2.0, 'safety_max_voltage_v': 4.3, 'safety_min_current_a': -10.0, 'safety_max_current_a': 10.0, 'safety_max_time_s': 2.0}
2026-09-26 17:12:44 | INFO | Process-19[32524] | charge_discharge.runner | Voltage measurement equipment chosen
2026-09-26 17:12:44 | INFO | Process-19[32524] | charge_discharge.runner | Current measurement equipment chosen
2026-09-26 17:12:44 | INFO | Process-19[32524] | charge_discharge.runner | Current-driven step setup
2026-09-26 17:12:44 | INFO | Process-19[32524] | charge_discharge.runner | Start step successful
2026-09-26 17:12:44 | INFO | Process-19[32524] | charge_discharge.runner | End condition before measurement loop: none
2026-09-26 17:12:44 | INFO | Process-19[32524] | charge_discharge.cycle_executor | CH0 - Cycle 2 step 0 ending; reason: end_condition
2026-09-26 17:12:44 | INFO | Process-19[32524] | charge_discharge.cycle_executor | CH0 - Cycle 2 ending
2026-09-26 17:12:44 | INFO | Process-19[32524] | charge_discharge.cycle_executor | CH0 - All cycles completed
2026-09-26 17:12:47 | INFO | Process-21[36592] | equipment | Virtual device connected: Fake Test PSU
2026-09-26 17:12:48 | INFO | Process-22[35368] | equipment | Virtual device connected: Fake Test Eload
2026-09-26 17:12:49 | INFO | Process-23[44212] | equipment | Virtual device connected: Fake Test DMM
2026-09-26 17:12:51 | INFO | Process-24[37948] | equipment | Virtual device connected: Fake Test DMM
2026-09-26 17:12:52 | INFO | Process-25[39360] | equipment | Virtual device connected: Fake Test DMM
2026-09-26 17:12:54 | WARNING | Process-26[22408] | pint.util | Redefining 'ampere_hour' (<class 'pint.delegates.txt_defparser.plain.UnitDefinition'>)
2026-09-26 17:12:54 | WARNING | Process-26[22408] | pint.util | Redefining 'Ah' (<class 'pint.delegates.txt_defparser.plain.UnitDefinition'>)
2026-09-26 17:12:54 | WARNING | Process-26[22408] | pint.util | Redefining 'watt_hour' (<class 'pint.delegates.txt_defparser.plain.UnitDefinition'>)
2026-09-26 17:12:54 | WARNING | Process-26[22408] | pint.util | Redefining 'Wh' (<class 'pint.delegates.txt_defparser.plain.UnitDefinition'>)
2026-09-26 17:12:56 | INFO | Process-26[22408] | charge_discharge.cycle_executor | CH0 - Cycle 3 starting
2026-09-26 17:12:56 | INFO | Process-26[22408] | charge_discharge.cycle_executor | CH0 - Cycle settings: [{'cycle_type': 'step', 'cycle_display': 'Discharge', 'drive_style': 'current_a', 'drive_value': -10.0, 'drive_value_other': 0.0, 'end_style': 'time_s', 'end_condition': 'greater', 'end_value': 0.05, 'meas_log_int_s': 0.01, 'safety_min_voltage_v': 2.0, 'safety_max_voltage_v': 4.3, 'safety_min_current_a': -10.0, 'safety_max_current_a': 10.0, 'safety_max_time_s': 2.0}]
2026-09-26 17:12:56 | INFO | Process-26[22408] | charge_discharge.cycle_executor | CH0 - Cycle 3 step 0 starting
2026-09-26 17:12:56 | INFO | Process-26[22408] | charge_discharge.cycle_executor | CH0 - Step settings: {'cycle_type': 'step', 'cycle_display': 'Discharge', 'drive_style': 'current_a', 'drive_value': -10.0, 'drive_value_other': 0.0, 'end_style': 'time_s', 'end_condition': 'greater', 'end_value': 0.05, 'meas_log_int_s': 0.01, 'safety_min_voltage_v': 2.0, 'safety_max_voltage_v': 4.3, 'safety_min_current_a': -10.0, 'safety_max_current_a': 10.0, 'safety_max_time_s': 2.0}
2026-09-26 17:12:56 | INFO | Process-26[22408] | charge_discharge.runner | Voltage measurement equipment chosen
2026-09-26 17:12:56 | INFO | Process-26[22408] | charge_discharge.runner | Current measurement equipment chosen
2026-09-26 17:12:56 | INFO | Process-26[22408] | charge_discharge.runner | Current-driven step setup
2026-09-26 17:12:56 | INFO | Process-26[22408] | charge_discharge.runner | Start step successful
2026-09-26 17:12:56 | INFO | Process-26[22408] | charge_discharge.runner | End condition before measurement loop: none
2026-09-26 17:12:56 | INFO | Process-26[22408] | charge_discharge.cycle_executor | CH0 - Cycle 3 step 0 ending; reason: end_condition
2026-09-26 17:12:56 | INFO | Process-26[22408] | charge_discharge.cycle_executor | CH0 - Cycle 3 ending
2026-09-26 17:12:56 | INFO | Process-26[22408] | charge_discharge.cycle_executor | CH0 - All cycles completed
2026-09-26 17:12:59 | INFO | Process-28[39724] | equipment | Virtual device connected: Fake Test PSU
2026-09-26 17:13:00 | INFO | Process-29[46896] | equipment | Virtual device connected: Fake Test Eload
2026-09-26 17:13:02 | INFO | Process-30[19228] | equipment | Virtual device connected: Fake Test DMM
2026-09-26 17:13:03 | INFO | Process-31[45244] | equipment | Virtual device connected: Fake Test DMM
2026-09-26 17:13:04 | INFO | Process-32[38408] | equipment | Virtual device connected: Fake Test DMM
2026-09-26 17:13:07 | WARNING | Process-33[37212] | pint.util | Redefining 'ampere_hour' (<class 'pint.delegates.txt_defparser.plain.UnitDefinition'>)
2026-09-26 17:13:07 | WARNING | Process-33[37212] | pint.util | Redefining 'Ah' (<class 'pint.delegates.txt_defparser.plain.UnitDefinition'>)
2026-09-26 17:13:07 | WARNING | Process-33[37212] | pint.util | Redefining 'watt_hour' (<class 'pint.delegates.txt_defparser.plain.UnitDefinition'>)
2026-09-26 17:13:07 | WARNING | Process-33[37212] | pint.util | Redefining 'Wh' (<class 'pint.delegates.txt_defparser.plain.UnitDefinition'>)
2026-09-26 17:13:08 | INFO | Process-33[37212] | charge_discharge.cycle_executor | CH0 - Cycle 1 starting
2026-09-26 17:13:08 | INFO | Process-33[37212] | charge_discharge.cycle_executor | CH0 - Cycle settings: [{'cycle_type': 'step', 'cycle_display': 'Discharge', 'drive_style': 'current_a', 'drive_value': -1.0, 'drive_value_other': 0, 'end_style': 'voltage_v', 'end_condition': 'lesser', 'end_value': 4.19, 'meas_log_int_s': 1, 'safety_min_voltage_v': 2.45, 'safety_max_voltage_v': 4.25, 'safety_min_current_a': -10, 'safety_max_current_a': 10, 'safety_max_time_s': 2.0}]
2026-09-26 17:13:08 | INFO | Process-33[37212] | charge_discharge.cycle_executor | CH0 - Cycle 1 step 0 starting
2026-09-26 17:13:08 | INFO | Process-33[37212] | charge_discharge.cycle_executor | CH0 - Step settings: {'cycle_type': 'step', 'cycle_display': 'Discharge', 'drive_style': 'current_a', 'drive_value': -1.0, 'drive_value_other': 0, 'end_style': 'voltage_v', 'end_condition': 'lesser', 'end_value': 4.19, 'meas_log_int_s': 1, 'safety_min_voltage_v': 2.45, 'safety_max_voltage_v': 4.25, 'safety_min_current_a': -10, 'safety_max_current_a': 10, 'safety_max_time_s': 2.0}
2026-09-26 17:13:08 | INFO | Process-33[37212] | charge_discharge.runner | Voltage measurement equipment chosen
2026-09-26 17:13:08 | INFO | Process-33[37212] | charge_discharge.runner | Current measurement equipment chosen
2026-09-26 17:13:08 | INFO | Process-33[37212] | charge_discharge.runner | Current-driven step setup
2026-09-26 17:13:08 | INFO | Process-33[37212] | charge_discharge.runner | Start step successful
2026-09-26 17:13:08 | INFO | Process-33[37212] | charge_discharge.runner | End condition before measurement loop: end_condition
2026-09-26 17:13:08 | INFO | Process-33[37212] | charge_discharge.cycle_executor | CH0 - Cycle 1 step 0 ending; reason: end_condition
2026-09-26 17:13:08 | INFO | Process-33[37212] | charge_discharge.cycle_executor | CH0 - Cycle 1 ending
2026-09-26 17:13:09 | INFO | Process-33[37212] | charge_discharge.cycle_executor | CH0 - All cycles completed
2026-09-26 17:26:59 | INFO | Process-2[6800] | equipment | Virtual device connected: Fake Test PSU
2026-09-26 17:27:00 | INFO | Process-3[22652] | equipment | Virtual device connected: Fake Test Eload
2026-09-26 17:27:02 | INFO | Process-4[45240] | equipment | Virtual device connected: Fake Test DMM
2026-09-26 17:27:03 | INFO | Process-5[16780] | equipment | Virtual device connected: Fake Test DMM
2026-09-26 17:27:04 | INFO | Process-6[6080] | equipment | Virtual device connected: Fake Test DMM
2026-09-26 17:27:07 | WARNING | Process-7[37740] | pint.util | Redefining 'ampere_hour' (<class 'pint.delegates.txt_defparser.plain.UnitDefinition'>)
2026-09-26 17:27:07 | WARNING | Process-7[37740] | pint.util | Redefining 'Ah' (<class 'pint.delegates.txt_defparser.plain.UnitDefinition'>)
2026-09-26 17:27:07 | WARNING | Process-7[37740] | pint.util | Redefining 'watt_hour' (<class 'pint.delegates.txt_defparser.plain.UnitDefinition'>)
2026-09-26 17:27:07 | WARNING | Process-7[37740] | pint.util | Redefining 'Wh' (<class 'pint.delegates.txt_defparser.plain.UnitDefinition'>)
2026-09-26 17:27:08 | INFO | Process-7[37740] | charge_discharge.cycle_executor | CH0 - Cycle 1 starting
2026-09-26 17:27:08 | INFO | Process-7[37740] | charge_discharge.cycle_executor | CH0 - Cycle settings: [{'cycle_type': 'step', 'cycle_display': 'Discharge', 'drive_style': 'current_a', 'drive_value': -10.0, 'drive_value_other': 0.0, 'end_style': 'time_s', 'end_condition': 'greater', 'end_value': 0.05, 'meas_log_int_s': 0.01, 'safety_min_voltage_v': 2.0, 'safety_max_voltage_v': 4.3, 'safety_min_current_a': -10.0, 'safety_max_current_a': 10.0, 'safety_max_time_s': 2.0}]
2026-09-26 17:27:08 | INFO | Process-7[37740] | charge_discharge.cycle_executor | CH0 - Cycle 1 step 0 starting
2026-09-26 17:27:08 | INFO | Process-7[37740] | charge_discharge.cycle_executor | CH0 - Step settings: {'cycle_type': 'step', 'cycle_display': 'Discharge', 'drive_style': 'current_a', 'drive_value': -10.0, 'drive_value_other': 0.0, 'end_style': 'time_s', 'end_condition': 'greater', 'end_value': 0.05, 'meas_log_int_s': 0.01, 'safety_min_voltage_v': 2.0, 'safety_max_voltage_v': 4.3, 'safety_min_current_a': -10.0, 'safety_max_current_a': 10.0, 'safety_max_time_s': 2.0}
2026-09-26 17:27:08 | INFO | Process-7[37740] | charge_discharge.runner | Voltage measurement equipment chosen
2026-09-26 17:27:08 | INFO | Process-7[37740] | charge_discharge.runner | Current measurement equipment chosen
2026-09-26 17:27:08 | INFO | Process-7[37740] | charge_discharge.runner | Current-driven step setup
2026-09-26 17:27:08 | INFO | Process-7[37740] | charge_discharge.runner | Start step successful
2026-09-26 17:27:08 | INFO | Process-7[37740] | charge_discharge.runner | End condition before measurement loop: none
2026-09-26 17:27:08 | INFO | Process-7[37740] | charge_discharge.cycle_executor | CH0 - Cycle 1 step 0 ending; reason: end_condition
2026-09-26 17:27:08 | INFO | Process-7[37740] | charge_discharge.cycle_executor | CH0 - Cycle 1 ending
2026-09-26 17:27:08 | INFO | Process-7[37740] | charge_discharge.cycle_executor | CH0 - Cycle 2 starting
2026-09-26 17:27:08 | INFO | Process-7[37740] | charge_discharge.cycle_executor | CH0 - Cycle settings: [{'cycle_type': 'step', 'cycle_display': 'Discharge', 'drive_style': 'current_a', 'drive_value': -10.0, 'drive_value_other': 0.0, 'end_style': 'time_s', 'end_condition': 'greater', 'end_value': 0.05, 'meas_log_int_s': 0.01, 'safety_min_voltage_v': 2.0, 'safety_max_voltage_v': 4.3, 'safety_min_current_a': -10.0, 'safety_max_current_a': 10.0, 'safety_max_time_s': 2.0}]
2026-09-26 17:27:08 | INFO | Process-7[37740] | charge_discharge.cycle_executor | CH0 - Cycle 2 step 0 starting
2026-09-26 17:27:08 | INFO | Process-7[37740] | charge_discharge.cycle_executor | CH0 - Step settings: {'cycle_type': 'step', 'cycle_display': 'Discharge', 'drive_style': 'current_a', 'drive_value': -10.0, 'drive_value_other': 0.0, 'end_style': 'time_s', 'end_condition': 'greater', 'end_value': 0.05, 'meas_log_int_s': 0.01, 'safety_min_voltage_v': 2.0, 'safety_max_voltage_v': 4.3, 'safety_min_current_a': -10.0, 'safety_max_current_a': 10.0, 'safety_max_time_s': 2.0}
2026-09-26 17:27:08 | INFO | Process-7[37740] | charge_discharge.runner | Voltage measurement equipment chosen
2026-09-26 17:27:08 | INFO | Process-7[37740] | charge_discharge.runner | Current measurement equipment chosen
2026-09-26 17:27:08 | INFO | Process-7[37740] | charge_discharge.runner | Current-driven step setup
2026-09-26 17:27:09 | INFO | Process-7[37740] | charge_discharge.runner | Start step successful
2026-09-26 17:27:09 | INFO | Process-7[37740] | charge_discharge.runner | End condition before measurement loop: none
2026-09-26 17:27:09 | INFO | Process-7[37740] | charge_discharge.cycle_executor | CH0 - Cycle 2 step 0 ending; reason: end_condition
2026-09-26 17:27:09 | INFO | Process-7[37740] | charge_discharge.cycle_executor | CH0 - Cycle 2 ending
2026-09-26 17:27:09 | INFO | Process-7[37740] | charge_discharge.cycle_executor | CH0 - All cycles completed
2026-09-26 17:27:12 | INFO | Process-9[27508] | equipment | Virtual device connected: Fake Test PSU
2026-09-26 17:27:14 | INFO | Process-10[19220] | equipment | Virtual device connected: Fake Test Eload
2026-09-26 17:27:15 | INFO | Process-11[35228] | equipment | Virtual device connected: Fake Test DMM
2026-09-26 17:27:16 | INFO | Process-12[31220] | equipment | Virtual device connected: Fake Test DMM
2026-09-26 17:27:18 | INFO | Process-13[29864] | equipment | Virtual device connected: Fake Test DMM
2026-09-26 17:27:20 | WARNING | Process-14[41148] | pint.util | Redefining 'ampere_hour' (<class 'pint.delegates.txt_defparser.plain.UnitDefinition'>)
2026-09-26 17:27:20 | WARNING | Process-14[41148] | pint.util | Redefining 'Ah' (<class 'pint.delegates.txt_defparser.plain.UnitDefinition'>)
2026-09-26 17:27:20 | WARNING | Process-14[41148] | pint.util | Redefining 'watt_hour' (<class 'pint.delegates.txt_defparser.plain.UnitDefinition'>)
2026-09-26 17:27:20 | WARNING | Process-14[41148] | pint.util | Redefining 'Wh' (<class 'pint.delegates.txt_defparser.plain.UnitDefinition'>)
2026-09-26 17:27:21 | INFO | Process-14[41148] | charge_discharge.cycle_executor | CH0 - Cycle 3 starting
2026-09-26 17:27:21 | INFO | Process-14[41148] | charge_discharge.cycle_executor | CH0 - Cycle settings: [{'cycle_type': 'step', 'cycle_display': 'Discharge', 'drive_style': 'current_a', 'drive_value': -10.0, 'drive_value_other': 0.0, 'end_style': 'time_s', 'end_condition': 'greater', 'end_value': 0.05, 'meas_log_int_s': 0.01, 'safety_min_voltage_v': 2.0, 'safety_max_voltage_v': 4.3, 'safety_min_current_a': -10.0, 'safety_max_current_a': 10.0, 'safety_max_time_s': 2.0}]
2026-09-26 17:27:21 | INFO | Process-14[41148] | charge_discharge.cycle_executor | CH0 - Cycle 3 step 0 starting
2026-09-26 17:27:21 | INFO | Process-14[41148] | charge_discharge.cycle_executor | CH0 - Step settings: {'cycle_type': 'step', 'cycle_display': 'Discharge', 'drive_style': 'current_a', 'drive_value': -10.0, 'drive_value_other': 0.0, 'end_style': 'time_s', 'end_condition': 'greater', 'end_value': 0.05, 'meas_log_int_s': 0.01, 'safety_min_voltage_v': 2.0, 'safety_max_voltage_v': 4.3, 'safety_min_current_a': -10.0, 'safety_max_current_a': 10.0, 'safety_max_time_s': 2.0}
2026-09-26 17:27:21 | INFO | Process-14[41148] | charge_discharge.runner | Voltage measurement equipment chosen
2026-09-26 17:27:21 | INFO | Process-14[41148] | charge_discharge.runner | Current measurement equipment chosen
2026-09-26 17:27:21 | INFO | Process-14[41148] | charge_discharge.runner | Current-driven step setup
2026-09-26 17:27:22 | INFO | Process-14[41148] | charge_discharge.runner | Start step successful
2026-09-26 17:27:22 | INFO | Process-14[41148] | charge_discharge.runner | End condition before measurement loop: none
2026-09-26 17:27:22 | INFO | Process-14[41148] | charge_discharge.cycle_executor | CH0 - Cycle 3 step 0 ending; reason: end_condition
2026-09-26 17:27:22 | INFO | Process-14[41148] | charge_discharge.cycle_executor | CH0 - Cycle 3 ending
2026-09-26 17:27:22 | INFO | Process-14[41148] | charge_discharge.cycle_executor | CH0 - All cycles completed
2026-09-26 17:27:40 | INFO | Process-7[17364] | equipment | Virtual device connected: Fake Test PSU
2026-09-26 17:27:42 | INFO | Process-8[40760] | equipment | Virtual device connected: Fake Test Eload
2026-09-26 17:27:43 | INFO | Process-9[32728] | equipment | Virtual device connected: Fake Test DMM
2026-09-26 17:27:44 | INFO | Process-10[16904] | equipment | Virtual device connected: Fake Test DMM
2026-09-26 17:27:46 | INFO | Process-11[35580] | equipment | Virtual device connected: Fake Test DMM
2026-09-26 17:27:46 | ERROR | Process-10[16904] | equipment | Virtual device operation failed: measure_current
Traceback (most recent call last):
  File "D:\Documents\GitHub\Test_Equipment_Control\equipment.py", line 252, in virtual_device_management_process
    return_data = _dispatch_virtual_device_method(device, operation, args)
  File "D:\Documents\GitHub\Test_Equipment_Control\equipment.py", line 148, in _dispatch_virtual_device_method
    return method(*args)
  File "D:\Documents\GitHub\Test_Equipment_Control\lab_equipment\DMM_Fake.py", line 15, in measure_current
    return require_simulation_link(self.battery_link, "Fake DMM").measure_current()
           ~~~~~~~~~~~~~~~~~~~~~~~^^^^^^^^^^^^^^^^^^^^^^^^^^^^^^^
  File "D:\Documents\GitHub\Test_Equipment_Control\battery_app\simulation.py", line 25, in require_simulation_link
    raise FakeInstrumentNotAttachedError(
        f"{instrument_name} requires an attached SIMULATED_LG_MJ1 battery link"
    )
battery_app.simulation.FakeInstrumentNotAttachedError: Fake DMM requires an attached SIMULATED_LG_MJ1 battery link
2026-09-26 17:27:48 | INFO | Process-14[26168] | equipment | Virtual device connected: Fake Test PSU
2026-09-26 17:27:50 | INFO | Process-15[7612] | equipment | Virtual device connected: Fake Test Eload
2026-09-26 17:27:51 | INFO | Process-16[26740] | equipment | Virtual device connected: Fake Test DMM
2026-09-26 17:27:53 | INFO | Process-17[43612] | equipment | Virtual device connected: Fake Test DMM
2026-09-26 17:27:54 | INFO | Process-18[22408] | equipment | Virtual device connected: Fake Test DMM
2026-09-26 17:27:56 | WARNING | Process-19[29640] | pint.util | Redefining 'ampere_hour' (<class 'pint.delegates.txt_defparser.plain.UnitDefinition'>)
2026-09-26 17:27:56 | WARNING | Process-19[29640] | pint.util | Redefining 'Ah' (<class 'pint.delegates.txt_defparser.plain.UnitDefinition'>)
2026-09-26 17:27:56 | WARNING | Process-19[29640] | pint.util | Redefining 'watt_hour' (<class 'pint.delegates.txt_defparser.plain.UnitDefinition'>)
2026-09-26 17:27:56 | WARNING | Process-19[29640] | pint.util | Redefining 'Wh' (<class 'pint.delegates.txt_defparser.plain.UnitDefinition'>)
2026-09-26 17:27:58 | INFO | Process-19[29640] | charge_discharge.cycle_executor | CH0 - Cycle 1 starting
2026-09-26 17:27:58 | INFO | Process-19[29640] | charge_discharge.cycle_executor | CH0 - Cycle settings: [{'cycle_type': 'step', 'cycle_display': 'Discharge', 'drive_style': 'current_a', 'drive_value': -10.0, 'drive_value_other': 0.0, 'end_style': 'time_s', 'end_condition': 'greater', 'end_value': 0.05, 'meas_log_int_s': 0.01, 'safety_min_voltage_v': 2.0, 'safety_max_voltage_v': 4.3, 'safety_min_current_a': -10.0, 'safety_max_current_a': 10.0, 'safety_max_time_s': 2.0}]
2026-09-26 17:27:58 | INFO | Process-19[29640] | charge_discharge.cycle_executor | CH0 - Cycle 1 step 0 starting
2026-09-26 17:27:58 | INFO | Process-19[29640] | charge_discharge.cycle_executor | CH0 - Step settings: {'cycle_type': 'step', 'cycle_display': 'Discharge', 'drive_style': 'current_a', 'drive_value': -10.0, 'drive_value_other': 0.0, 'end_style': 'time_s', 'end_condition': 'greater', 'end_value': 0.05, 'meas_log_int_s': 0.01, 'safety_min_voltage_v': 2.0, 'safety_max_voltage_v': 4.3, 'safety_min_current_a': -10.0, 'safety_max_current_a': 10.0, 'safety_max_time_s': 2.0}
2026-09-26 17:27:58 | INFO | Process-19[29640] | charge_discharge.runner | Voltage measurement equipment chosen
2026-09-26 17:27:58 | INFO | Process-19[29640] | charge_discharge.runner | Current measurement equipment chosen
2026-09-26 17:27:58 | INFO | Process-19[29640] | charge_discharge.runner | Current-driven step setup
2026-09-26 17:27:58 | INFO | Process-19[29640] | charge_discharge.runner | Start step successful
2026-09-26 17:27:58 | INFO | Process-19[29640] | charge_discharge.runner | End condition before measurement loop: none
2026-09-26 17:27:58 | INFO | Process-19[29640] | charge_discharge.cycle_executor | CH0 - Cycle 1 step 0 ending; reason: end_condition
2026-09-26 17:27:58 | INFO | Process-19[29640] | charge_discharge.cycle_executor | CH0 - Cycle 1 ending
2026-09-26 17:27:58 | INFO | Process-19[29640] | charge_discharge.cycle_executor | CH0 - Cycle 2 starting
2026-09-26 17:27:58 | INFO | Process-19[29640] | charge_discharge.cycle_executor | CH0 - Cycle settings: [{'cycle_type': 'step', 'cycle_display': 'Discharge', 'drive_style': 'current_a', 'drive_value': -10.0, 'drive_value_other': 0.0, 'end_style': 'time_s', 'end_condition': 'greater', 'end_value': 0.05, 'meas_log_int_s': 0.01, 'safety_min_voltage_v': 2.0, 'safety_max_voltage_v': 4.3, 'safety_min_current_a': -10.0, 'safety_max_current_a': 10.0, 'safety_max_time_s': 2.0}]
2026-09-26 17:27:58 | INFO | Process-19[29640] | charge_discharge.cycle_executor | CH0 - Cycle 2 step 0 starting
2026-09-26 17:27:58 | INFO | Process-19[29640] | charge_discharge.cycle_executor | CH0 - Step settings: {'cycle_type': 'step', 'cycle_display': 'Discharge', 'drive_style': 'current_a', 'drive_value': -10.0, 'drive_value_other': 0.0, 'end_style': 'time_s', 'end_condition': 'greater', 'end_value': 0.05, 'meas_log_int_s': 0.01, 'safety_min_voltage_v': 2.0, 'safety_max_voltage_v': 4.3, 'safety_min_current_a': -10.0, 'safety_max_current_a': 10.0, 'safety_max_time_s': 2.0}
2026-09-26 17:27:58 | INFO | Process-19[29640] | charge_discharge.runner | Voltage measurement equipment chosen
2026-09-26 17:27:58 | INFO | Process-19[29640] | charge_discharge.runner | Current measurement equipment chosen
2026-09-26 17:27:58 | INFO | Process-19[29640] | charge_discharge.runner | Current-driven step setup
2026-09-26 17:27:58 | INFO | Process-19[29640] | charge_discharge.runner | Start step successful
2026-09-26 17:27:58 | INFO | Process-19[29640] | charge_discharge.runner | End condition before measurement loop: none
2026-09-26 17:27:58 | INFO | Process-19[29640] | charge_discharge.cycle_executor | CH0 - Cycle 2 step 0 ending; reason: end_condition
2026-09-26 17:27:58 | INFO | Process-19[29640] | charge_discharge.cycle_executor | CH0 - Cycle 2 ending
2026-09-26 17:27:58 | INFO | Process-19[29640] | charge_discharge.cycle_executor | CH0 - All cycles completed
2026-09-26 17:28:01 | INFO | Process-21[31988] | equipment | Virtual device connected: Fake Test PSU
2026-09-26 17:28:03 | INFO | Process-22[12400] | equipment | Virtual device connected: Fake Test Eload
2026-09-26 17:28:04 | INFO | Process-23[19016] | equipment | Virtual device connected: Fake Test DMM
2026-09-26 17:28:05 | INFO | Process-24[21556] | equipment | Virtual device connected: Fake Test DMM
2026-09-26 17:28:07 | INFO | Process-25[39228] | equipment | Virtual device connected: Fake Test DMM
2026-09-26 17:28:09 | WARNING | Process-26[38432] | pint.util | Redefining 'ampere_hour' (<class 'pint.delegates.txt_defparser.plain.UnitDefinition'>)
2026-09-26 17:28:09 | WARNING | Process-26[38432] | pint.util | Redefining 'Ah' (<class 'pint.delegates.txt_defparser.plain.UnitDefinition'>)
2026-09-26 17:28:09 | WARNING | Process-26[38432] | pint.util | Redefining 'watt_hour' (<class 'pint.delegates.txt_defparser.plain.UnitDefinition'>)
2026-09-26 17:28:09 | WARNING | Process-26[38432] | pint.util | Redefining 'Wh' (<class 'pint.delegates.txt_defparser.plain.UnitDefinition'>)
2026-09-26 17:28:10 | INFO | Process-26[38432] | charge_discharge.cycle_executor | CH0 - Cycle 3 starting
2026-09-26 17:28:10 | INFO | Process-26[38432] | charge_discharge.cycle_executor | CH0 - Cycle settings: [{'cycle_type': 'step', 'cycle_display': 'Discharge', 'drive_style': 'current_a', 'drive_value': -10.0, 'drive_value_other': 0.0, 'end_style': 'time_s', 'end_condition': 'greater', 'end_value': 0.05, 'meas_log_int_s': 0.01, 'safety_min_voltage_v': 2.0, 'safety_max_voltage_v': 4.3, 'safety_min_current_a': -10.0, 'safety_max_current_a': 10.0, 'safety_max_time_s': 2.0}]
2026-09-26 17:28:10 | INFO | Process-26[38432] | charge_discharge.cycle_executor | CH0 - Cycle 3 step 0 starting
2026-09-26 17:28:10 | INFO | Process-26[38432] | charge_discharge.cycle_executor | CH0 - Step settings: {'cycle_type': 'step', 'cycle_display': 'Discharge', 'drive_style': 'current_a', 'drive_value': -10.0, 'drive_value_other': 0.0, 'end_style': 'time_s', 'end_condition': 'greater', 'end_value': 0.05, 'meas_log_int_s': 0.01, 'safety_min_voltage_v': 2.0, 'safety_max_voltage_v': 4.3, 'safety_min_current_a': -10.0, 'safety_max_current_a': 10.0, 'safety_max_time_s': 2.0}
2026-09-26 17:28:10 | INFO | Process-26[38432] | charge_discharge.runner | Voltage measurement equipment chosen
2026-09-26 17:28:10 | INFO | Process-26[38432] | charge_discharge.runner | Current measurement equipment chosen
2026-09-26 17:28:10 | INFO | Process-26[38432] | charge_discharge.runner | Current-driven step setup
2026-09-26 17:28:11 | INFO | Process-26[38432] | charge_discharge.runner | Start step successful
2026-09-26 17:28:11 | INFO | Process-26[38432] | charge_discharge.runner | End condition before measurement loop: none
2026-09-26 17:28:11 | INFO | Process-26[38432] | charge_discharge.cycle_executor | CH0 - Cycle 3 step 0 ending; reason: end_condition
2026-09-26 17:28:11 | INFO | Process-26[38432] | charge_discharge.cycle_executor | CH0 - Cycle 3 ending
2026-09-26 17:28:11 | INFO | Process-26[38432] | charge_discharge.cycle_executor | CH0 - All cycles completed
2026-09-26 17:28:14 | INFO | Process-28[30440] | equipment | Virtual device connected: Fake Test PSU
2026-09-26 17:28:15 | INFO | Process-29[43340] | equipment | Virtual device connected: Fake Test Eload
2026-09-26 17:28:16 | INFO | Process-30[12360] | equipment | Virtual device connected: Fake Test DMM
2026-09-26 17:28:18 | INFO | Process-31[33728] | equipment | Virtual device connected: Fake Test DMM
2026-09-26 17:28:19 | INFO | Process-32[37140] | equipment | Virtual device connected: Fake Test DMM
2026-09-26 17:28:21 | WARNING | Process-33[39628] | pint.util | Redefining 'ampere_hour' (<class 'pint.delegates.txt_defparser.plain.UnitDefinition'>)
2026-09-26 17:28:21 | WARNING | Process-33[39628] | pint.util | Redefining 'Ah' (<class 'pint.delegates.txt_defparser.plain.UnitDefinition'>)
2026-09-26 17:28:21 | WARNING | Process-33[39628] | pint.util | Redefining 'watt_hour' (<class 'pint.delegates.txt_defparser.plain.UnitDefinition'>)
2026-09-26 17:28:21 | WARNING | Process-33[39628] | pint.util | Redefining 'Wh' (<class 'pint.delegates.txt_defparser.plain.UnitDefinition'>)
2026-09-26 17:28:23 | INFO | Process-33[39628] | charge_discharge.cycle_executor | CH0 - Cycle 1 starting
2026-09-26 17:28:23 | INFO | Process-33[39628] | charge_discharge.cycle_executor | CH0 - Cycle settings: [{'cycle_type': 'step', 'cycle_display': 'Discharge', 'drive_style': 'current_a', 'drive_value': -1.0, 'drive_value_other': 0, 'end_style': 'voltage_v', 'end_condition': 'lesser', 'end_value': 4.19, 'meas_log_int_s': 1, 'safety_min_voltage_v': 2.45, 'safety_max_voltage_v': 4.25, 'safety_min_current_a': -10, 'safety_max_current_a': 10, 'safety_max_time_s': 2.0}]
2026-09-26 17:28:23 | INFO | Process-33[39628] | charge_discharge.cycle_executor | CH0 - Cycle 1 step 0 starting
2026-09-26 17:28:23 | INFO | Process-33[39628] | charge_discharge.cycle_executor | CH0 - Step settings: {'cycle_type': 'step', 'cycle_display': 'Discharge', 'drive_style': 'current_a', 'drive_value': -1.0, 'drive_value_other': 0, 'end_style': 'voltage_v', 'end_condition': 'lesser', 'end_value': 4.19, 'meas_log_int_s': 1, 'safety_min_voltage_v': 2.45, 'safety_max_voltage_v': 4.25, 'safety_min_current_a': -10, 'safety_max_current_a': 10, 'safety_max_time_s': 2.0}
2026-09-26 17:28:23 | INFO | Process-33[39628] | charge_discharge.runner | Voltage measurement equipment chosen
2026-09-26 17:28:23 | INFO | Process-33[39628] | charge_discharge.runner | Current measurement equipment chosen
2026-09-26 17:28:23 | INFO | Process-33[39628] | charge_discharge.runner | Current-driven step setup
2026-09-26 17:28:23 | INFO | Process-33[39628] | charge_discharge.runner | Start step successful
2026-09-26 17:28:23 | INFO | Process-33[39628] | charge_discharge.runner | End condition before measurement loop: end_condition
2026-09-26 17:28:23 | INFO | Process-33[39628] | charge_discharge.cycle_executor | CH0 - Cycle 1 step 0 ending; reason: end_condition
2026-09-26 17:28:23 | INFO | Process-33[39628] | charge_discharge.cycle_executor | CH0 - Cycle 1 ending
2026-09-26 17:28:23 | INFO | Process-33[39628] | charge_discharge.cycle_executor | CH0 - All cycles completed
2026-09-26 17:29:05 | INFO | Process-2[34752] | equipment | Virtual device connected: Fake Test PSU
2026-09-26 17:29:06 | INFO | Process-3[2596] | equipment | Virtual device connected: Fake Test Eload
2026-09-26 17:29:08 | INFO | Process-4[44596] | equipment | Virtual device connected: Fake Test DMM
2026-09-26 17:29:09 | INFO | Process-5[26512] | equipment | Virtual device connected: Fake Test DMM
2026-09-26 17:29:10 | INFO | Process-6[3484] | equipment | Virtual device connected: Fake Test DMM
2026-09-26 17:29:13 | WARNING | Process-7[17588] | pint.util | Redefining 'ampere_hour' (<class 'pint.delegates.txt_defparser.plain.UnitDefinition'>)
2026-09-26 17:29:13 | WARNING | Process-7[17588] | pint.util | Redefining 'Ah' (<class 'pint.delegates.txt_defparser.plain.UnitDefinition'>)
2026-09-26 17:29:13 | WARNING | Process-7[17588] | pint.util | Redefining 'watt_hour' (<class 'pint.delegates.txt_defparser.plain.UnitDefinition'>)
2026-09-26 17:29:13 | WARNING | Process-7[17588] | pint.util | Redefining 'Wh' (<class 'pint.delegates.txt_defparser.plain.UnitDefinition'>)
2026-09-26 17:29:14 | INFO | Process-7[17588] | charge_discharge.cycle_executor | CH0 - Cycle 1 starting
2026-09-26 17:29:14 | INFO | Process-7[17588] | charge_discharge.cycle_executor | CH0 - Cycle settings: [{'cycle_type': 'step', 'cycle_display': 'Discharge', 'drive_style': 'current_a', 'drive_value': -10.0, 'drive_value_other': 0.0, 'end_style': 'time_s', 'end_condition': 'greater', 'end_value': 0.05, 'meas_log_int_s': 0.01, 'safety_min_voltage_v': 2.0, 'safety_max_voltage_v': 4.3, 'safety_min_current_a': -10.0, 'safety_max_current_a': 10.0, 'safety_max_time_s': 2.0}]
2026-09-26 17:29:14 | INFO | Process-7[17588] | charge_discharge.cycle_executor | CH0 - Cycle 1 step 0 starting
2026-09-26 17:29:14 | INFO | Process-7[17588] | charge_discharge.cycle_executor | CH0 - Step settings: {'cycle_type': 'step', 'cycle_display': 'Discharge', 'drive_style': 'current_a', 'drive_value': -10.0, 'drive_value_other': 0.0, 'end_style': 'time_s', 'end_condition': 'greater', 'end_value': 0.05, 'meas_log_int_s': 0.01, 'safety_min_voltage_v': 2.0, 'safety_max_voltage_v': 4.3, 'safety_min_current_a': -10.0, 'safety_max_current_a': 10.0, 'safety_max_time_s': 2.0}
2026-09-26 17:29:14 | INFO | Process-7[17588] | charge_discharge.runner | Voltage measurement equipment chosen
2026-09-26 17:29:14 | INFO | Process-7[17588] | charge_discharge.runner | Current measurement equipment chosen
2026-09-26 17:29:14 | INFO | Process-7[17588] | charge_discharge.runner | Current-driven step setup
2026-09-26 17:29:14 | INFO | Process-7[17588] | charge_discharge.runner | Start step successful
2026-09-26 17:29:15 | INFO | Process-7[17588] | charge_discharge.runner | End condition before measurement loop: none
2026-09-26 17:29:15 | INFO | Process-7[17588] | charge_discharge.cycle_executor | CH0 - Cycle 1 step 0 ending; reason: end_condition
2026-09-26 17:29:15 | INFO | Process-7[17588] | charge_discharge.cycle_executor | CH0 - Cycle 1 ending
2026-09-26 17:29:15 | INFO | Process-7[17588] | charge_discharge.cycle_executor | CH0 - Cycle 2 starting
2026-09-26 17:29:15 | INFO | Process-7[17588] | charge_discharge.cycle_executor | CH0 - Cycle settings: [{'cycle_type': 'step', 'cycle_display': 'Discharge', 'drive_style': 'current_a', 'drive_value': -10.0, 'drive_value_other': 0.0, 'end_style': 'time_s', 'end_condition': 'greater', 'end_value': 0.05, 'meas_log_int_s': 0.01, 'safety_min_voltage_v': 2.0, 'safety_max_voltage_v': 4.3, 'safety_min_current_a': -10.0, 'safety_max_current_a': 10.0, 'safety_max_time_s': 2.0}]
2026-09-26 17:29:15 | INFO | Process-7[17588] | charge_discharge.cycle_executor | CH0 - Cycle 2 step 0 starting
2026-09-26 17:29:15 | INFO | Process-7[17588] | charge_discharge.cycle_executor | CH0 - Step settings: {'cycle_type': 'step', 'cycle_display': 'Discharge', 'drive_style': 'current_a', 'drive_value': -10.0, 'drive_value_other': 0.0, 'end_style': 'time_s', 'end_condition': 'greater', 'end_value': 0.05, 'meas_log_int_s': 0.01, 'safety_min_voltage_v': 2.0, 'safety_max_voltage_v': 4.3, 'safety_min_current_a': -10.0, 'safety_max_current_a': 10.0, 'safety_max_time_s': 2.0}
2026-09-26 17:29:15 | INFO | Process-7[17588] | charge_discharge.runner | Voltage measurement equipment chosen
2026-09-26 17:29:15 | INFO | Process-7[17588] | charge_discharge.runner | Current measurement equipment chosen
2026-09-26 17:29:15 | INFO | Process-7[17588] | charge_discharge.runner | Current-driven step setup
2026-09-26 17:29:15 | INFO | Process-7[17588] | charge_discharge.runner | Start step successful
2026-09-26 17:29:15 | INFO | Process-7[17588] | charge_discharge.runner | End condition before measurement loop: none
2026-09-26 17:29:15 | INFO | Process-7[17588] | charge_discharge.cycle_executor | CH0 - Cycle 2 step 0 ending; reason: end_condition
2026-09-26 17:29:15 | INFO | Process-7[17588] | charge_discharge.cycle_executor | CH0 - Cycle 2 ending
2026-09-26 17:29:15 | INFO | Process-7[17588] | charge_discharge.cycle_executor | CH0 - All cycles completed
2026-09-26 17:29:17 | INFO | Process-9[38420] | equipment | Virtual device connected: Fake Test PSU
2026-09-26 17:29:19 | INFO | Process-10[30612] | equipment | Virtual device connected: Fake Test Eload
2026-09-26 17:29:20 | INFO | Process-11[41596] | equipment | Virtual device connected: Fake Test DMM
2026-09-26 17:29:21 | INFO | Process-12[34780] | equipment | Virtual device connected: Fake Test DMM
2026-09-26 17:29:23 | INFO | Process-13[35724] | equipment | Virtual device connected: Fake Test DMM
2026-09-26 17:29:25 | WARNING | Process-14[44788] | pint.util | Redefining 'ampere_hour' (<class 'pint.delegates.txt_defparser.plain.UnitDefinition'>)
2026-09-26 17:29:25 | WARNING | Process-14[44788] | pint.util | Redefining 'Ah' (<class 'pint.delegates.txt_defparser.plain.UnitDefinition'>)
2026-09-26 17:29:25 | WARNING | Process-14[44788] | pint.util | Redefining 'watt_hour' (<class 'pint.delegates.txt_defparser.plain.UnitDefinition'>)
2026-09-26 17:29:25 | WARNING | Process-14[44788] | pint.util | Redefining 'Wh' (<class 'pint.delegates.txt_defparser.plain.UnitDefinition'>)
2026-09-26 17:29:27 | INFO | Process-14[44788] | charge_discharge.cycle_executor | CH0 - Cycle 3 starting
2026-09-26 17:29:27 | INFO | Process-14[44788] | charge_discharge.cycle_executor | CH0 - Cycle settings: [{'cycle_type': 'step', 'cycle_display': 'Discharge', 'drive_style': 'current_a', 'drive_value': -10.0, 'drive_value_other': 0.0, 'end_style': 'time_s', 'end_condition': 'greater', 'end_value': 0.05, 'meas_log_int_s': 0.01, 'safety_min_voltage_v': 2.0, 'safety_max_voltage_v': 4.3, 'safety_min_current_a': -10.0, 'safety_max_current_a': 10.0, 'safety_max_time_s': 2.0}]
2026-09-26 17:29:27 | INFO | Process-14[44788] | charge_discharge.cycle_executor | CH0 - Cycle 3 step 0 starting
2026-09-26 17:29:27 | INFO | Process-14[44788] | charge_discharge.cycle_executor | CH0 - Step settings: {'cycle_type': 'step', 'cycle_display': 'Discharge', 'drive_style': 'current_a', 'drive_value': -10.0, 'drive_value_other': 0.0, 'end_style': 'time_s', 'end_condition': 'greater', 'end_value': 0.05, 'meas_log_int_s': 0.01, 'safety_min_voltage_v': 2.0, 'safety_max_voltage_v': 4.3, 'safety_min_current_a': -10.0, 'safety_max_current_a': 10.0, 'safety_max_time_s': 2.0}
2026-09-26 17:29:27 | INFO | Process-14[44788] | charge_discharge.runner | Voltage measurement equipment chosen
2026-09-26 17:29:27 | INFO | Process-14[44788] | charge_discharge.runner | Current measurement equipment chosen
2026-09-26 17:29:27 | INFO | Process-14[44788] | charge_discharge.runner | Current-driven step setup
2026-09-26 17:29:27 | INFO | Process-14[44788] | charge_discharge.runner | Start step successful
2026-09-26 17:29:27 | INFO | Process-14[44788] | charge_discharge.runner | End condition before measurement loop: none
2026-09-26 17:29:27 | INFO | Process-14[44788] | charge_discharge.cycle_executor | CH0 - Cycle 3 step 0 ending; reason: end_condition
2026-09-26 17:29:27 | INFO | Process-14[44788] | charge_discharge.cycle_executor | CH0 - Cycle 3 ending
2026-09-26 17:29:27 | INFO | Process-14[44788] | charge_discharge.cycle_executor | CH0 - All cycles completed
2026-09-26 17:29:54 | INFO | Process-7[15240] | equipment | Virtual device connected: Fake Test PSU
2026-09-26 17:29:56 | INFO | Process-8[2216] | equipment | Virtual device connected: Fake Test Eload
2026-09-26 17:29:57 | INFO | Process-9[3028] | equipment | Virtual device connected: Fake Test DMM
2026-09-26 17:29:58 | INFO | Process-10[14040] | equipment | Virtual device connected: Fake Test DMM
2026-09-26 17:30:00 | INFO | Process-11[14504] | equipment | Virtual device connected: Fake Test DMM
2026-09-26 17:30:00 | ERROR | Process-10[14040] | equipment | Virtual device operation failed: measure_current
Traceback (most recent call last):
  File "D:\Documents\GitHub\Test_Equipment_Control\equipment.py", line 252, in virtual_device_management_process
    return_data = _dispatch_virtual_device_method(device, operation, args)
  File "D:\Documents\GitHub\Test_Equipment_Control\equipment.py", line 148, in _dispatch_virtual_device_method
    return method(*args)
  File "D:\Documents\GitHub\Test_Equipment_Control\lab_equipment\DMM_Fake.py", line 15, in measure_current
    return require_simulation_link(self.battery_link, "Fake DMM").measure_current()
           ~~~~~~~~~~~~~~~~~~~~~~~^^^^^^^^^^^^^^^^^^^^^^^^^^^^^^^
  File "D:\Documents\GitHub\Test_Equipment_Control\battery_app\simulation.py", line 25, in require_simulation_link
    raise FakeInstrumentNotAttachedError(
        f"{instrument_name} requires an attached SIMULATED_LG_MJ1 battery link"
    )
battery_app.simulation.FakeInstrumentNotAttachedError: Fake DMM requires an attached SIMULATED_LG_MJ1 battery link
2026-09-26 17:30:03 | INFO | Process-14[46988] | equipment | Virtual device connected: Fake Test PSU
2026-09-26 17:30:04 | INFO | Process-15[34216] | equipment | Virtual device connected: Fake Test Eload
2026-09-26 17:30:05 | INFO | Process-16[26376] | equipment | Virtual device connected: Fake Test DMM
2026-09-26 17:30:07 | INFO | Process-17[20316] | equipment | Virtual device connected: Fake Test DMM
2026-09-26 17:30:08 | INFO | Process-18[5972] | equipment | Virtual device connected: Fake Test DMM
2026-09-26 17:30:10 | WARNING | Process-19[35648] | pint.util | Redefining 'ampere_hour' (<class 'pint.delegates.txt_defparser.plain.UnitDefinition'>)
2026-09-26 17:30:10 | WARNING | Process-19[35648] | pint.util | Redefining 'Ah' (<class 'pint.delegates.txt_defparser.plain.UnitDefinition'>)
2026-09-26 17:30:10 | WARNING | Process-19[35648] | pint.util | Redefining 'watt_hour' (<class 'pint.delegates.txt_defparser.plain.UnitDefinition'>)
2026-09-26 17:30:10 | WARNING | Process-19[35648] | pint.util | Redefining 'Wh' (<class 'pint.delegates.txt_defparser.plain.UnitDefinition'>)
2026-09-26 17:30:12 | INFO | Process-19[35648] | charge_discharge.cycle_executor | CH0 - Cycle 1 starting
2026-09-26 17:30:12 | INFO | Process-19[35648] | charge_discharge.cycle_executor | CH0 - Cycle settings: [{'cycle_type': 'step', 'cycle_display': 'Discharge', 'drive_style': 'current_a', 'drive_value': -10.0, 'drive_value_other': 0.0, 'end_style': 'time_s', 'end_condition': 'greater', 'end_value': 0.05, 'meas_log_int_s': 0.01, 'safety_min_voltage_v': 2.0, 'safety_max_voltage_v': 4.3, 'safety_min_current_a': -10.0, 'safety_max_current_a': 10.0, 'safety_max_time_s': 2.0}]
2026-09-26 17:30:12 | INFO | Process-19[35648] | charge_discharge.cycle_executor | CH0 - Cycle 1 step 0 starting
2026-09-26 17:30:12 | INFO | Process-19[35648] | charge_discharge.cycle_executor | CH0 - Step settings: {'cycle_type': 'step', 'cycle_display': 'Discharge', 'drive_style': 'current_a', 'drive_value': -10.0, 'drive_value_other': 0.0, 'end_style': 'time_s', 'end_condition': 'greater', 'end_value': 0.05, 'meas_log_int_s': 0.01, 'safety_min_voltage_v': 2.0, 'safety_max_voltage_v': 4.3, 'safety_min_current_a': -10.0, 'safety_max_current_a': 10.0, 'safety_max_time_s': 2.0}
2026-09-26 17:30:12 | INFO | Process-19[35648] | charge_discharge.runner | Voltage measurement equipment chosen
2026-09-26 17:30:12 | INFO | Process-19[35648] | charge_discharge.runner | Current measurement equipment chosen
2026-09-26 17:30:12 | INFO | Process-19[35648] | charge_discharge.runner | Current-driven step setup
2026-09-26 17:30:12 | INFO | Process-19[35648] | charge_discharge.runner | Start step successful
2026-09-26 17:30:12 | INFO | Process-19[35648] | charge_discharge.runner | End condition before measurement loop: none
2026-09-26 17:30:12 | INFO | Process-19[35648] | charge_discharge.cycle_executor | CH0 - Cycle 1 step 0 ending; reason: end_condition
2026-09-26 17:30:12 | INFO | Process-19[35648] | charge_discharge.cycle_executor | CH0 - Cycle 1 ending
2026-09-26 17:30:12 | INFO | Process-19[35648] | charge_discharge.cycle_executor | CH0 - Cycle 2 starting
2026-09-26 17:30:12 | INFO | Process-19[35648] | charge_discharge.cycle_executor | CH0 - Cycle settings: [{'cycle_type': 'step', 'cycle_display': 'Discharge', 'drive_style': 'current_a', 'drive_value': -10.0, 'drive_value_other': 0.0, 'end_style': 'time_s', 'end_condition': 'greater', 'end_value': 0.05, 'meas_log_int_s': 0.01, 'safety_min_voltage_v': 2.0, 'safety_max_voltage_v': 4.3, 'safety_min_current_a': -10.0, 'safety_max_current_a': 10.0, 'safety_max_time_s': 2.0}]
2026-09-26 17:30:12 | INFO | Process-19[35648] | charge_discharge.cycle_executor | CH0 - Cycle 2 step 0 starting
2026-09-26 17:30:12 | INFO | Process-19[35648] | charge_discharge.cycle_executor | CH0 - Step settings: {'cycle_type': 'step', 'cycle_display': 'Discharge', 'drive_style': 'current_a', 'drive_value': -10.0, 'drive_value_other': 0.0, 'end_style': 'time_s', 'end_condition': 'greater', 'end_value': 0.05, 'meas_log_int_s': 0.01, 'safety_min_voltage_v': 2.0, 'safety_max_voltage_v': 4.3, 'safety_min_current_a': -10.0, 'safety_max_current_a': 10.0, 'safety_max_time_s': 2.0}
2026-09-26 17:30:12 | INFO | Process-19[35648] | charge_discharge.runner | Voltage measurement equipment chosen
2026-09-26 17:30:12 | INFO | Process-19[35648] | charge_discharge.runner | Current measurement equipment chosen
2026-09-26 17:30:12 | INFO | Process-19[35648] | charge_discharge.runner | Current-driven step setup
2026-09-26 17:30:12 | INFO | Process-19[35648] | charge_discharge.runner | Start step successful
2026-09-26 17:30:12 | INFO | Process-19[35648] | charge_discharge.runner | End condition before measurement loop: none
2026-09-26 17:30:12 | INFO | Process-19[35648] | charge_discharge.cycle_executor | CH0 - Cycle 2 step 0 ending; reason: end_condition
2026-09-26 17:30:12 | INFO | Process-19[35648] | charge_discharge.cycle_executor | CH0 - Cycle 2 ending
2026-09-26 17:30:12 | INFO | Process-19[35648] | charge_discharge.cycle_executor | CH0 - All cycles completed
2026-09-26 17:30:15 | INFO | Process-21[16436] | equipment | Virtual device connected: Fake Test PSU
2026-09-26 17:30:16 | INFO | Process-22[43500] | equipment | Virtual device connected: Fake Test Eload
2026-09-26 17:30:18 | INFO | Process-23[35576] | equipment | Virtual device connected: Fake Test DMM
2026-09-26 17:30:19 | INFO | Process-24[8392] | equipment | Virtual device connected: Fake Test DMM
2026-09-26 17:30:20 | INFO | Process-25[41796] | equipment | Virtual device connected: Fake Test DMM
2026-09-26 17:30:23 | WARNING | Process-26[25664] | pint.util | Redefining 'ampere_hour' (<class 'pint.delegates.txt_defparser.plain.UnitDefinition'>)
2026-09-26 17:30:23 | WARNING | Process-26[25664] | pint.util | Redefining 'Ah' (<class 'pint.delegates.txt_defparser.plain.UnitDefinition'>)
2026-09-26 17:30:23 | WARNING | Process-26[25664] | pint.util | Redefining 'watt_hour' (<class 'pint.delegates.txt_defparser.plain.UnitDefinition'>)
2026-09-26 17:30:23 | WARNING | Process-26[25664] | pint.util | Redefining 'Wh' (<class 'pint.delegates.txt_defparser.plain.UnitDefinition'>)
2026-09-26 17:30:24 | INFO | Process-26[25664] | charge_discharge.cycle_executor | CH0 - Cycle 3 starting
2026-09-26 17:30:24 | INFO | Process-26[25664] | charge_discharge.cycle_executor | CH0 - Cycle settings: [{'cycle_type': 'step', 'cycle_display': 'Discharge', 'drive_style': 'current_a', 'drive_value': -10.0, 'drive_value_other': 0.0, 'end_style': 'time_s', 'end_condition': 'greater', 'end_value': 0.05, 'meas_log_int_s': 0.01, 'safety_min_voltage_v': 2.0, 'safety_max_voltage_v': 4.3, 'safety_min_current_a': -10.0, 'safety_max_current_a': 10.0, 'safety_max_time_s': 2.0}]
2026-09-26 17:30:24 | INFO | Process-26[25664] | charge_discharge.cycle_executor | CH0 - Cycle 3 step 0 starting
2026-09-26 17:30:24 | INFO | Process-26[25664] | charge_discharge.cycle_executor | CH0 - Step settings: {'cycle_type': 'step', 'cycle_display': 'Discharge', 'drive_style': 'current_a', 'drive_value': -10.0, 'drive_value_other': 0.0, 'end_style': 'time_s', 'end_condition': 'greater', 'end_value': 0.05, 'meas_log_int_s': 0.01, 'safety_min_voltage_v': 2.0, 'safety_max_voltage_v': 4.3, 'safety_min_current_a': -10.0, 'safety_max_current_a': 10.0, 'safety_max_time_s': 2.0}
2026-09-26 17:30:24 | INFO | Process-26[25664] | charge_discharge.runner | Voltage measurement equipment chosen
2026-09-26 17:30:24 | INFO | Process-26[25664] | charge_discharge.runner | Current measurement equipment chosen
2026-09-26 17:30:24 | INFO | Process-26[25664] | charge_discharge.runner | Current-driven step setup
2026-09-26 17:30:24 | INFO | Process-26[25664] | charge_discharge.runner | Start step successful
2026-09-26 17:30:24 | INFO | Process-26[25664] | charge_discharge.runner | End condition before measurement loop: none
2026-09-26 17:30:24 | INFO | Process-26[25664] | charge_discharge.cycle_executor | CH0 - Cycle 3 step 0 ending; reason: end_condition
2026-09-26 17:30:24 | INFO | Process-26[25664] | charge_discharge.cycle_executor | CH0 - Cycle 3 ending
2026-09-26 17:30:25 | INFO | Process-26[25664] | charge_discharge.cycle_executor | CH0 - All cycles completed
2026-09-26 17:30:27 | INFO | Process-28[12560] | equipment | Virtual device connected: Fake Test PSU
2026-09-26 17:30:29 | INFO | Process-29[2556] | equipment | Virtual device connected: Fake Test Eload
2026-09-26 17:30:30 | INFO | Process-30[19432] | equipment | Virtual device connected: Fake Test DMM
2026-09-26 17:30:31 | INFO | Process-31[28224] | equipment | Virtual device connected: Fake Test DMM
2026-09-26 17:30:33 | INFO | Process-32[8932] | equipment | Virtual device connected: Fake Test DMM
2026-09-26 17:30:35 | WARNING | Process-33[6056] | pint.util | Redefining 'ampere_hour' (<class 'pint.delegates.txt_defparser.plain.UnitDefinition'>)
2026-09-26 17:30:35 | WARNING | Process-33[6056] | pint.util | Redefining 'Ah' (<class 'pint.delegates.txt_defparser.plain.UnitDefinition'>)
2026-09-26 17:30:35 | WARNING | Process-33[6056] | pint.util | Redefining 'watt_hour' (<class 'pint.delegates.txt_defparser.plain.UnitDefinition'>)
2026-09-26 17:30:35 | WARNING | Process-33[6056] | pint.util | Redefining 'Wh' (<class 'pint.delegates.txt_defparser.plain.UnitDefinition'>)
2026-09-26 17:30:37 | INFO | Process-33[6056] | charge_discharge.cycle_executor | CH0 - Cycle 1 starting
2026-09-26 17:30:37 | INFO | Process-33[6056] | charge_discharge.cycle_executor | CH0 - Cycle settings: [{'cycle_type': 'step', 'cycle_display': 'Discharge', 'drive_style': 'current_a', 'drive_value': -1.0, 'drive_value_other': 0, 'end_style': 'voltage_v', 'end_condition': 'lesser', 'end_value': 4.19, 'meas_log_int_s': 1, 'safety_min_voltage_v': 2.45, 'safety_max_voltage_v': 4.25, 'safety_min_current_a': -10, 'safety_max_current_a': 10, 'safety_max_time_s': 2.0}]
2026-09-26 17:30:37 | INFO | Process-33[6056] | charge_discharge.cycle_executor | CH0 - Cycle 1 step 0 starting
2026-09-26 17:30:37 | INFO | Process-33[6056] | charge_discharge.cycle_executor | CH0 - Step settings: {'cycle_type': 'step', 'cycle_display': 'Discharge', 'drive_style': 'current_a', 'drive_value': -1.0, 'drive_value_other': 0, 'end_style': 'voltage_v', 'end_condition': 'lesser', 'end_value': 4.19, 'meas_log_int_s': 1, 'safety_min_voltage_v': 2.45, 'safety_max_voltage_v': 4.25, 'safety_min_current_a': -10, 'safety_max_current_a': 10, 'safety_max_time_s': 2.0}
2026-09-26 17:30:37 | INFO | Process-33[6056] | charge_discharge.runner | Voltage measurement equipment chosen
2026-09-26 17:30:37 | INFO | Process-33[6056] | charge_discharge.runner | Current measurement equipment chosen
2026-09-26 17:30:37 | INFO | Process-33[6056] | charge_discharge.runner | Current-driven step setup
2026-09-26 17:30:37 | INFO | Process-33[6056] | charge_discharge.runner | Start step successful
2026-09-26 17:30:37 | INFO | Process-33[6056] | charge_discharge.runner | End condition before measurement loop: end_condition
2026-09-26 17:30:37 | INFO | Process-33[6056] | charge_discharge.cycle_executor | CH0 - Cycle 1 step 0 ending; reason: end_condition
2026-09-26 17:30:37 | INFO | Process-33[6056] | charge_discharge.cycle_executor | CH0 - Cycle 1 ending
2026-09-26 17:30:37 | INFO | Process-33[6056] | charge_discharge.cycle_executor | CH0 - All cycles completed
2026-09-26 17:35:50 | INFO | Process-2[23052] | equipment | Virtual device connected: Fake Test PSU
2026-09-26 17:35:52 | INFO | Process-3[15748] | equipment | Virtual device connected: Fake Test Eload
2026-09-26 17:35:53 | INFO | Process-4[39332] | equipment | Virtual device connected: Fake Test DMM
2026-09-26 17:35:54 | INFO | Process-5[4004] | equipment | Virtual device connected: Fake Test DMM
2026-09-26 17:35:56 | INFO | Process-6[29068] | equipment | Virtual device connected: Fake Test DMM
2026-09-26 17:35:58 | WARNING | Process-7[17388] | pint.util | Redefining 'ampere_hour' (<class 'pint.delegates.txt_defparser.plain.UnitDefinition'>)
2026-09-26 17:35:58 | WARNING | Process-7[17388] | pint.util | Redefining 'Ah' (<class 'pint.delegates.txt_defparser.plain.UnitDefinition'>)
2026-09-26 17:35:58 | WARNING | Process-7[17388] | pint.util | Redefining 'watt_hour' (<class 'pint.delegates.txt_defparser.plain.UnitDefinition'>)
2026-09-26 17:35:58 | WARNING | Process-7[17388] | pint.util | Redefining 'Wh' (<class 'pint.delegates.txt_defparser.plain.UnitDefinition'>)
2026-09-26 17:36:00 | INFO | Process-7[17388] | charge_discharge.cycle_executor | CH0 - Cycle 1 starting
2026-09-26 17:36:00 | INFO | Process-7[17388] | charge_discharge.cycle_executor | CH0 - Cycle settings: [{'cycle_type': 'step', 'drive_value_other': 4.2, 'end_style': 'time_s', 'end_condition': 'greater', 'end_value': 0.03, 'meas_log_int_s': 0.01, 'safety_min_voltage_v': 2.0, 'safety_max_voltage_v': 4.3, 'safety_min_current_a': -10.0, 'safety_max_current_a': 10.0, 'safety_max_time_s': 2.0, 'cycle_display': 'Charge', 'drive_style': 'current_a', 'drive_value': 1.0}, {'cycle_type': 'step', 'drive_value_other': 0.0, 'end_style': 'time_s', 'end_condition': 'greater', 'end_value': 0.03, 'meas_log_int_s': 0.01, 'safety_min_voltage_v': 2.0, 'safety_max_voltage_v': 4.3, 'safety_min_current_a': -10.0, 'safety_max_current_a': 10.0, 'safety_max_time_s': 2.0, 'cycle_display': 'Rest', 'drive_style': 'none', 'drive_value': 0.0}]
2026-09-26 17:36:00 | INFO | Process-7[17388] | charge_discharge.cycle_executor | CH0 - Cycle 1 step 0 starting
2026-09-26 17:36:00 | INFO | Process-7[17388] | charge_discharge.cycle_executor | CH0 - Step settings: {'cycle_type': 'step', 'drive_value_other': 4.2, 'end_style': 'time_s', 'end_condition': 'greater', 'end_value': 0.03, 'meas_log_int_s': 0.01, 'safety_min_voltage_v': 2.0, 'safety_max_voltage_v': 4.3, 'safety_min_current_a': -10.0, 'safety_max_current_a': 10.0, 'safety_max_time_s': 2.0, 'cycle_display': 'Charge', 'drive_style': 'current_a', 'drive_value': 1.0}
2026-09-26 17:36:00 | INFO | Process-7[17388] | charge_discharge.runner | Voltage measurement equipment chosen
2026-09-26 17:36:00 | INFO | Process-7[17388] | charge_discharge.runner | Current measurement equipment chosen
2026-09-26 17:36:00 | INFO | Process-7[17388] | charge_discharge.runner | Current-driven step setup
2026-09-26 17:36:00 | INFO | Process-7[17388] | charge_discharge.runner | Start step successful
2026-09-26 17:36:00 | INFO | Process-7[17388] | charge_discharge.runner | End condition before measurement loop: none
2026-09-26 17:36:00 | INFO | Process-7[17388] | charge_discharge.cycle_executor | CH0 - Cycle 1 step 0 ending; reason: end_condition
2026-09-26 17:36:00 | INFO | Process-7[17388] | charge_discharge.cycle_executor | CH0 - Cycle 1 step 1 starting
2026-09-26 17:36:00 | INFO | Process-7[17388] | charge_discharge.cycle_executor | CH0 - Step settings: {'cycle_type': 'step', 'drive_value_other': 0.0, 'end_style': 'time_s', 'end_condition': 'greater', 'end_value': 0.03, 'meas_log_int_s': 0.01, 'safety_min_voltage_v': 2.0, 'safety_max_voltage_v': 4.3, 'safety_min_current_a': -10.0, 'safety_max_current_a': 10.0, 'safety_max_time_s': 2.0, 'cycle_display': 'Rest', 'drive_style': 'none', 'drive_value': 0.0}
2026-09-26 17:36:00 | INFO | Process-7[17388] | charge_discharge.runner | Voltage measurement equipment chosen
2026-09-26 17:36:00 | INFO | Process-7[17388] | charge_discharge.runner | Current measurement equipment chosen
2026-09-26 17:36:00 | INFO | Process-7[17388] | charge_discharge.runner | Non-driven (rest) step setup
2026-09-26 17:36:00 | INFO | Process-7[17388] | charge_discharge.runner | Start step successful
2026-09-26 17:36:00 | INFO | Process-7[17388] | charge_discharge.runner | End condition before measurement loop: none
2026-09-26 17:36:00 | INFO | Process-7[17388] | charge_discharge.cycle_executor | CH0 - Cycle 1 step 1 ending; reason: end_condition
2026-09-26 17:36:00 | INFO | Process-7[17388] | charge_discharge.cycle_executor | CH0 - Cycle 1 ending
2026-09-26 17:36:00 | INFO | Process-7[17388] | charge_discharge.cycle_executor | CH0 - All cycles completed
2026-09-26 17:36:20 | INFO | Process-7[32704] | equipment | Virtual device connected: Fake Test PSU
2026-09-26 17:36:21 | INFO | Process-8[24692] | equipment | Virtual device connected: Fake Test Eload
2026-09-26 17:36:23 | INFO | Process-9[26648] | equipment | Virtual device connected: Fake Test DMM
2026-09-26 17:36:24 | INFO | Process-10[10624] | equipment | Virtual device connected: Fake Test DMM
2026-09-26 17:36:25 | INFO | Process-11[21124] | equipment | Virtual device connected: Fake Test DMM
2026-09-26 17:36:26 | ERROR | Process-10[10624] | equipment | Virtual device operation failed: measure_current
Traceback (most recent call last):
  File "D:\Documents\GitHub\Test_Equipment_Control\equipment.py", line 252, in virtual_device_management_process
    return_data = _dispatch_virtual_device_method(device, operation, args)
  File "D:\Documents\GitHub\Test_Equipment_Control\equipment.py", line 148, in _dispatch_virtual_device_method
    return method(*args)
  File "D:\Documents\GitHub\Test_Equipment_Control\lab_equipment\DMM_Fake.py", line 15, in measure_current
    return require_simulation_link(self.battery_link, "Fake DMM").measure_current()
           ~~~~~~~~~~~~~~~~~~~~~~~^^^^^^^^^^^^^^^^^^^^^^^^^^^^^^^
  File "D:\Documents\GitHub\Test_Equipment_Control\battery_app\simulation.py", line 25, in require_simulation_link
    raise FakeInstrumentNotAttachedError(
        f"{instrument_name} requires an attached SIMULATED_LG_MJ1 battery link"
    )
battery_app.simulation.FakeInstrumentNotAttachedError: Fake DMM requires an attached SIMULATED_LG_MJ1 battery link
2026-09-26 17:36:28 | INFO | Process-14[34752] | equipment | Virtual device connected: Fake Test PSU
2026-09-26 17:36:29 | INFO | Process-15[7624] | equipment | Virtual device connected: Fake Test Eload
2026-09-26 17:36:31 | INFO | Process-16[38696] | equipment | Virtual device connected: Fake Test DMM
2026-09-26 17:36:32 | INFO | Process-17[42488] | equipment | Virtual device connected: Fake Test DMM
2026-09-26 17:36:33 | INFO | Process-18[27176] | equipment | Virtual device connected: Fake Test DMM
2026-09-26 17:36:35 | WARNING | Process-19[31628] | pint.util | Redefining 'ampere_hour' (<class 'pint.delegates.txt_defparser.plain.UnitDefinition'>)
2026-09-26 17:36:35 | WARNING | Process-19[31628] | pint.util | Redefining 'Ah' (<class 'pint.delegates.txt_defparser.plain.UnitDefinition'>)
2026-09-26 17:36:35 | WARNING | Process-19[31628] | pint.util | Redefining 'watt_hour' (<class 'pint.delegates.txt_defparser.plain.UnitDefinition'>)
2026-09-26 17:36:35 | WARNING | Process-19[31628] | pint.util | Redefining 'Wh' (<class 'pint.delegates.txt_defparser.plain.UnitDefinition'>)
2026-09-26 17:36:37 | INFO | Process-19[31628] | charge_discharge.cycle_executor | CH0 - Cycle 1 starting
2026-09-26 17:36:37 | INFO | Process-19[31628] | charge_discharge.cycle_executor | CH0 - Cycle settings: [{'cycle_type': 'step', 'cycle_display': 'Discharge', 'drive_style': 'current_a', 'drive_value': -10.0, 'drive_value_other': 0.0, 'end_style': 'time_s', 'end_condition': 'greater', 'end_value': 0.05, 'meas_log_int_s': 0.01, 'safety_min_voltage_v': 2.0, 'safety_max_voltage_v': 4.3, 'safety_min_current_a': -10.0, 'safety_max_current_a': 10.0, 'safety_max_time_s': 2.0}]
2026-09-26 17:36:37 | INFO | Process-19[31628] | charge_discharge.cycle_executor | CH0 - Cycle 1 step 0 starting
2026-09-26 17:36:37 | INFO | Process-19[31628] | charge_discharge.cycle_executor | CH0 - Step settings: {'cycle_type': 'step', 'cycle_display': 'Discharge', 'drive_style': 'current_a', 'drive_value': -10.0, 'drive_value_other': 0.0, 'end_style': 'time_s', 'end_condition': 'greater', 'end_value': 0.05, 'meas_log_int_s': 0.01, 'safety_min_voltage_v': 2.0, 'safety_max_voltage_v': 4.3, 'safety_min_current_a': -10.0, 'safety_max_current_a': 10.0, 'safety_max_time_s': 2.0}
2026-09-26 17:36:37 | INFO | Process-19[31628] | charge_discharge.runner | Voltage measurement equipment chosen
2026-09-26 17:36:37 | INFO | Process-19[31628] | charge_discharge.runner | Current measurement equipment chosen
2026-09-26 17:36:37 | INFO | Process-19[31628] | charge_discharge.runner | Current-driven step setup
2026-09-26 17:36:37 | INFO | Process-19[31628] | charge_discharge.runner | Start step successful
2026-09-26 17:36:37 | INFO | Process-19[31628] | charge_discharge.runner | End condition before measurement loop: none
2026-09-26 17:36:37 | INFO | Process-19[31628] | charge_discharge.cycle_executor | CH0 - Cycle 1 step 0 ending; reason: end_condition
2026-09-26 17:36:37 | INFO | Process-19[31628] | charge_discharge.cycle_executor | CH0 - Cycle 1 ending
2026-09-26 17:36:37 | INFO | Process-19[31628] | charge_discharge.cycle_executor | CH0 - Cycle 2 starting
2026-09-26 17:36:37 | INFO | Process-19[31628] | charge_discharge.cycle_executor | CH0 - Cycle settings: [{'cycle_type': 'step', 'cycle_display': 'Discharge', 'drive_style': 'current_a', 'drive_value': -10.0, 'drive_value_other': 0.0, 'end_style': 'time_s', 'end_condition': 'greater', 'end_value': 0.05, 'meas_log_int_s': 0.01, 'safety_min_voltage_v': 2.0, 'safety_max_voltage_v': 4.3, 'safety_min_current_a': -10.0, 'safety_max_current_a': 10.0, 'safety_max_time_s': 2.0}]
2026-09-26 17:36:37 | INFO | Process-19[31628] | charge_discharge.cycle_executor | CH0 - Cycle 2 step 0 starting
2026-09-26 17:36:37 | INFO | Process-19[31628] | charge_discharge.cycle_executor | CH0 - Step settings: {'cycle_type': 'step', 'cycle_display': 'Discharge', 'drive_style': 'current_a', 'drive_value': -10.0, 'drive_value_other': 0.0, 'end_style': 'time_s', 'end_condition': 'greater', 'end_value': 0.05, 'meas_log_int_s': 0.01, 'safety_min_voltage_v': 2.0, 'safety_max_voltage_v': 4.3, 'safety_min_current_a': -10.0, 'safety_max_current_a': 10.0, 'safety_max_time_s': 2.0}
2026-09-26 17:36:37 | INFO | Process-19[31628] | charge_discharge.runner | Voltage measurement equipment chosen
2026-09-26 17:36:37 | INFO | Process-19[31628] | charge_discharge.runner | Current measurement equipment chosen
2026-09-26 17:36:37 | INFO | Process-19[31628] | charge_discharge.runner | Current-driven step setup
2026-09-26 17:36:37 | INFO | Process-19[31628] | charge_discharge.runner | Start step successful
2026-09-26 17:36:37 | INFO | Process-19[31628] | charge_discharge.runner | End condition before measurement loop: none
2026-09-26 17:36:37 | INFO | Process-19[31628] | charge_discharge.cycle_executor | CH0 - Cycle 2 step 0 ending; reason: end_condition
2026-09-26 17:36:37 | INFO | Process-19[31628] | charge_discharge.cycle_executor | CH0 - Cycle 2 ending
2026-09-26 17:36:38 | INFO | Process-19[31628] | charge_discharge.cycle_executor | CH0 - All cycles completed
2026-09-26 17:36:40 | INFO | Process-21[43048] | equipment | Virtual device connected: Fake Test PSU
2026-09-26 17:36:42 | INFO | Process-22[18816] | equipment | Virtual device connected: Fake Test Eload
2026-09-26 17:36:43 | INFO | Process-23[30360] | equipment | Virtual device connected: Fake Test DMM
2026-09-26 17:36:44 | INFO | Process-24[35236] | equipment | Virtual device connected: Fake Test DMM
2026-09-26 17:36:46 | INFO | Process-25[42380] | equipment | Virtual device connected: Fake Test DMM
2026-09-26 17:36:48 | WARNING | Process-26[19752] | pint.util | Redefining 'ampere_hour' (<class 'pint.delegates.txt_defparser.plain.UnitDefinition'>)
2026-09-26 17:36:48 | WARNING | Process-26[19752] | pint.util | Redefining 'Ah' (<class 'pint.delegates.txt_defparser.plain.UnitDefinition'>)
2026-09-26 17:36:48 | WARNING | Process-26[19752] | pint.util | Redefining 'watt_hour' (<class 'pint.delegates.txt_defparser.plain.UnitDefinition'>)
2026-09-26 17:36:48 | WARNING | Process-26[19752] | pint.util | Redefining 'Wh' (<class 'pint.delegates.txt_defparser.plain.UnitDefinition'>)
2026-09-26 17:36:50 | INFO | Process-26[19752] | charge_discharge.cycle_executor | CH0 - Cycle 3 starting
2026-09-26 17:36:50 | INFO | Process-26[19752] | charge_discharge.cycle_executor | CH0 - Cycle settings: [{'cycle_type': 'step', 'cycle_display': 'Discharge', 'drive_style': 'current_a', 'drive_value': -10.0, 'drive_value_other': 0.0, 'end_style': 'time_s', 'end_condition': 'greater', 'end_value': 0.05, 'meas_log_int_s': 0.01, 'safety_min_voltage_v': 2.0, 'safety_max_voltage_v': 4.3, 'safety_min_current_a': -10.0, 'safety_max_current_a': 10.0, 'safety_max_time_s': 2.0}]
2026-09-26 17:36:50 | INFO | Process-26[19752] | charge_discharge.cycle_executor | CH0 - Cycle 3 step 0 starting
2026-09-26 17:36:50 | INFO | Process-26[19752] | charge_discharge.cycle_executor | CH0 - Step settings: {'cycle_type': 'step', 'cycle_display': 'Discharge', 'drive_style': 'current_a', 'drive_value': -10.0, 'drive_value_other': 0.0, 'end_style': 'time_s', 'end_condition': 'greater', 'end_value': 0.05, 'meas_log_int_s': 0.01, 'safety_min_voltage_v': 2.0, 'safety_max_voltage_v': 4.3, 'safety_min_current_a': -10.0, 'safety_max_current_a': 10.0, 'safety_max_time_s': 2.0}
2026-09-26 17:36:50 | INFO | Process-26[19752] | charge_discharge.runner | Voltage measurement equipment chosen
2026-09-26 17:36:50 | INFO | Process-26[19752] | charge_discharge.runner | Current measurement equipment chosen
2026-09-26 17:36:50 | INFO | Process-26[19752] | charge_discharge.runner | Current-driven step setup
2026-09-26 17:36:50 | INFO | Process-26[19752] | charge_discharge.runner | Start step successful
2026-09-26 17:36:50 | INFO | Process-26[19752] | charge_discharge.runner | End condition before measurement loop: none
2026-09-26 17:36:50 | INFO | Process-26[19752] | charge_discharge.cycle_executor | CH0 - Cycle 3 step 0 ending; reason: end_condition
2026-09-26 17:36:50 | INFO | Process-26[19752] | charge_discharge.cycle_executor | CH0 - Cycle 3 ending
2026-09-26 17:36:50 | INFO | Process-26[19752] | charge_discharge.cycle_executor | CH0 - All cycles completed
2026-09-26 17:36:52 | INFO | Process-28[44116] | equipment | Virtual device connected: Fake Test PSU
2026-09-26 17:36:54 | INFO | Process-29[3564] | equipment | Virtual device connected: Fake Test Eload
2026-09-26 17:36:55 | INFO | Process-30[14852] | equipment | Virtual device connected: Fake Test DMM
2026-09-26 17:36:56 | INFO | Process-31[21228] | equipment | Virtual device connected: Fake Test DMM
2026-09-26 17:36:58 | INFO | Process-32[19188] | equipment | Virtual device connected: Fake Test DMM
2026-09-26 17:37:00 | WARNING | Process-33[11108] | pint.util | Redefining 'ampere_hour' (<class 'pint.delegates.txt_defparser.plain.UnitDefinition'>)
2026-09-26 17:37:00 | WARNING | Process-33[11108] | pint.util | Redefining 'Ah' (<class 'pint.delegates.txt_defparser.plain.UnitDefinition'>)
2026-09-26 17:37:00 | WARNING | Process-33[11108] | pint.util | Redefining 'watt_hour' (<class 'pint.delegates.txt_defparser.plain.UnitDefinition'>)
2026-09-26 17:37:00 | WARNING | Process-33[11108] | pint.util | Redefining 'Wh' (<class 'pint.delegates.txt_defparser.plain.UnitDefinition'>)
2026-09-26 17:37:02 | INFO | Process-33[11108] | charge_discharge.cycle_executor | CH0 - Cycle 1 starting
2026-09-26 17:37:02 | INFO | Process-33[11108] | charge_discharge.cycle_executor | CH0 - Cycle settings: [{'cycle_type': 'step', 'drive_value_other': 4.2, 'end_style': 'time_s', 'end_condition': 'greater', 'end_value': 0.03, 'meas_log_int_s': 0.01, 'safety_min_voltage_v': 2.0, 'safety_max_voltage_v': 4.3, 'safety_min_current_a': -10.0, 'safety_max_current_a': 10.0, 'safety_max_time_s': 2.0, 'cycle_display': 'Charge', 'drive_style': 'current_a', 'drive_value': 1.0}, {'cycle_type': 'step', 'drive_value_other': 0.0, 'end_style': 'time_s', 'end_condition': 'greater', 'end_value': 0.03, 'meas_log_int_s': 0.01, 'safety_min_voltage_v': 2.0, 'safety_max_voltage_v': 4.3, 'safety_min_current_a': -10.0, 'safety_max_current_a': 10.0, 'safety_max_time_s': 2.0, 'cycle_display': 'Rest', 'drive_style': 'none', 'drive_value': 0.0}]
2026-09-26 17:37:02 | INFO | Process-33[11108] | charge_discharge.cycle_executor | CH0 - Cycle 1 step 0 starting
2026-09-26 17:37:02 | INFO | Process-33[11108] | charge_discharge.cycle_executor | CH0 - Step settings: {'cycle_type': 'step', 'drive_value_other': 4.2, 'end_style': 'time_s', 'end_condition': 'greater', 'end_value': 0.03, 'meas_log_int_s': 0.01, 'safety_min_voltage_v': 2.0, 'safety_max_voltage_v': 4.3, 'safety_min_current_a': -10.0, 'safety_max_current_a': 10.0, 'safety_max_time_s': 2.0, 'cycle_display': 'Charge', 'drive_style': 'current_a', 'drive_value': 1.0}
2026-09-26 17:37:02 | INFO | Process-33[11108] | charge_discharge.runner | Voltage measurement equipment chosen
2026-09-26 17:37:02 | INFO | Process-33[11108] | charge_discharge.runner | Current measurement equipment chosen
2026-09-26 17:37:02 | INFO | Process-33[11108] | charge_discharge.runner | Current-driven step setup
2026-09-26 17:37:02 | INFO | Process-33[11108] | charge_discharge.runner | Start step successful
2026-09-26 17:37:02 | INFO | Process-33[11108] | charge_discharge.runner | End condition before measurement loop: none
2026-09-26 17:37:02 | INFO | Process-33[11108] | charge_discharge.cycle_executor | CH0 - Cycle 1 step 0 ending; reason: end_condition
2026-09-26 17:37:02 | INFO | Process-33[11108] | charge_discharge.cycle_executor | CH0 - Cycle 1 step 1 starting
2026-09-26 17:37:02 | INFO | Process-33[11108] | charge_discharge.cycle_executor | CH0 - Step settings: {'cycle_type': 'step', 'drive_value_other': 0.0, 'end_style': 'time_s', 'end_condition': 'greater', 'end_value': 0.03, 'meas_log_int_s': 0.01, 'safety_min_voltage_v': 2.0, 'safety_max_voltage_v': 4.3, 'safety_min_current_a': -10.0, 'safety_max_current_a': 10.0, 'safety_max_time_s': 2.0, 'cycle_display': 'Rest', 'drive_style': 'none', 'drive_value': 0.0}
2026-09-26 17:37:02 | INFO | Process-33[11108] | charge_discharge.runner | Voltage measurement equipment chosen
2026-09-26 17:37:02 | INFO | Process-33[11108] | charge_discharge.runner | Current measurement equipment chosen
2026-09-26 17:37:02 | INFO | Process-33[11108] | charge_discharge.runner | Non-driven (rest) step setup
2026-09-26 17:37:02 | INFO | Process-33[11108] | charge_discharge.runner | Start step successful
2026-09-26 17:37:02 | INFO | Process-33[11108] | charge_discharge.runner | End condition before measurement loop: none
2026-09-26 17:37:02 | INFO | Process-33[11108] | charge_discharge.cycle_executor | CH0 - Cycle 1 step 1 ending; reason: end_condition
2026-09-26 17:37:02 | INFO | Process-33[11108] | charge_discharge.cycle_executor | CH0 - Cycle 1 ending
2026-09-26 17:37:02 | INFO | Process-33[11108] | charge_discharge.cycle_executor | CH0 - All cycles completed
2026-09-26 17:37:05 | INFO | Process-35[30860] | equipment | Virtual device connected: Fake Test PSU
2026-09-26 17:37:06 | INFO | Process-36[37624] | equipment | Virtual device connected: Fake Test Eload
2026-09-26 17:37:07 | INFO | Process-37[19716] | equipment | Virtual device connected: Fake Test DMM
2026-09-26 17:37:09 | INFO | Process-38[19876] | equipment | Virtual device connected: Fake Test DMM
2026-09-26 17:37:10 | INFO | Process-39[28620] | equipment | Virtual device connected: Fake Test DMM
2026-09-26 17:37:12 | WARNING | Process-40[44712] | pint.util | Redefining 'ampere_hour' (<class 'pint.delegates.txt_defparser.plain.UnitDefinition'>)
2026-09-26 17:37:12 | WARNING | Process-40[44712] | pint.util | Redefining 'Ah' (<class 'pint.delegates.txt_defparser.plain.UnitDefinition'>)
2026-09-26 17:37:12 | WARNING | Process-40[44712] | pint.util | Redefining 'watt_hour' (<class 'pint.delegates.txt_defparser.plain.UnitDefinition'>)
2026-09-26 17:37:12 | WARNING | Process-40[44712] | pint.util | Redefining 'Wh' (<class 'pint.delegates.txt_defparser.plain.UnitDefinition'>)
2026-09-26 17:37:14 | INFO | Process-40[44712] | charge_discharge.cycle_executor | CH0 - Cycle 1 starting
2026-09-26 17:37:14 | INFO | Process-40[44712] | charge_discharge.cycle_executor | CH0 - Cycle settings: [{'cycle_type': 'step', 'cycle_display': 'Discharge', 'drive_style': 'current_a', 'drive_value': -1.0, 'drive_value_other': 0, 'end_style': 'voltage_v', 'end_condition': 'lesser', 'end_value': 4.19, 'meas_log_int_s': 1, 'safety_min_voltage_v': 2.45, 'safety_max_voltage_v': 4.25, 'safety_min_current_a': -10, 'safety_max_current_a': 10, 'safety_max_time_s': 2.0}]
2026-09-26 17:37:14 | INFO | Process-40[44712] | charge_discharge.cycle_executor | CH0 - Cycle 1 step 0 starting
2026-09-26 17:37:14 | INFO | Process-40[44712] | charge_discharge.cycle_executor | CH0 - Step settings: {'cycle_type': 'step', 'cycle_display': 'Discharge', 'drive_style': 'current_a', 'drive_value': -1.0, 'drive_value_other': 0, 'end_style': 'voltage_v', 'end_condition': 'lesser', 'end_value': 4.19, 'meas_log_int_s': 1, 'safety_min_voltage_v': 2.45, 'safety_max_voltage_v': 4.25, 'safety_min_current_a': -10, 'safety_max_current_a': 10, 'safety_max_time_s': 2.0}
2026-09-26 17:37:14 | INFO | Process-40[44712] | charge_discharge.runner | Voltage measurement equipment chosen
2026-09-26 17:37:14 | INFO | Process-40[44712] | charge_discharge.runner | Current measurement equipment chosen
2026-09-26 17:37:14 | INFO | Process-40[44712] | charge_discharge.runner | Current-driven step setup
2026-09-26 17:37:14 | INFO | Process-40[44712] | charge_discharge.runner | Start step successful
2026-09-26 17:37:14 | INFO | Process-40[44712] | charge_discharge.runner | End condition before measurement loop: end_condition
2026-09-26 17:37:14 | INFO | Process-40[44712] | charge_discharge.cycle_executor | CH0 - Cycle 1 step 0 ending; reason: end_condition
2026-09-26 17:37:14 | INFO | Process-40[44712] | charge_discharge.cycle_executor | CH0 - Cycle 1 ending
2026-09-26 17:37:14 | INFO | Process-40[44712] | charge_discharge.cycle_executor | CH0 - All cycles completed
2026-09-26 19:34:21 | INFO | Process-7[24836] | equipment | Virtual device connected: Fake Test PSU
2026-09-26 19:34:23 | INFO | Process-8[40440] | equipment | Virtual device connected: Fake Test Eload
2026-09-26 19:34:24 | INFO | Process-9[10672] | equipment | Virtual device connected: Fake Test DMM
2026-09-26 19:34:25 | INFO | Process-10[42400] | equipment | Virtual device connected: Fake Test DMM
2026-09-26 19:34:27 | INFO | Process-11[23636] | equipment | Virtual device connected: Fake Test DMM
2026-09-26 19:34:27 | ERROR | Process-10[42400] | equipment | Virtual device operation failed: measure_current
Traceback (most recent call last):
  File "D:\Documents\GitHub\Test_Equipment_Control\equipment.py", line 257, in virtual_device_management_process
    return_data = _dispatch_virtual_device_method(device, operation, args)
  File "D:\Documents\GitHub\Test_Equipment_Control\equipment.py", line 148, in _dispatch_virtual_device_method
    return method(*args)
  File "D:\Documents\GitHub\Test_Equipment_Control\lab_equipment\DMM_Fake.py", line 15, in measure_current
    return require_simulation_link(self.battery_link, "Fake DMM").measure_current()
           ~~~~~~~~~~~~~~~~~~~~~~~^^^^^^^^^^^^^^^^^^^^^^^^^^^^^^^
  File "D:\Documents\GitHub\Test_Equipment_Control\battery_app\simulation.py", line 25, in require_simulation_link
    raise FakeInstrumentNotAttachedError(
        f"{instrument_name} requires an attached SIMULATED_LG_MJ1 battery link"
    )
battery_app.simulation.FakeInstrumentNotAttachedError: Fake DMM requires an attached SIMULATED_LG_MJ1 battery link
2026-09-26 19:34:29 | INFO | Process-14[23560] | equipment | Virtual device connected: Fake Test PSU
2026-09-26 19:34:30 | INFO | Process-15[2788] | equipment | Virtual device connected: Fake Test Eload
2026-09-26 19:34:32 | INFO | Process-16[33592] | equipment | Virtual device connected: Fake Test DMM
2026-09-26 19:34:33 | INFO | Process-17[26344] | equipment | Virtual device connected: Fake Test DMM
2026-09-26 19:34:34 | INFO | Process-18[19100] | equipment | Virtual device connected: Fake Test DMM
2026-09-26 19:34:36 | WARNING | Process-19[2740] | pint.util | Redefining 'ampere_hour' (<class 'pint.delegates.txt_defparser.plain.UnitDefinition'>)
2026-09-26 19:34:36 | WARNING | Process-19[2740] | pint.util | Redefining 'Ah' (<class 'pint.delegates.txt_defparser.plain.UnitDefinition'>)
2026-09-26 19:34:36 | WARNING | Process-19[2740] | pint.util | Redefining 'watt_hour' (<class 'pint.delegates.txt_defparser.plain.UnitDefinition'>)
2026-09-26 19:34:36 | WARNING | Process-19[2740] | pint.util | Redefining 'Wh' (<class 'pint.delegates.txt_defparser.plain.UnitDefinition'>)
2026-09-26 19:34:38 | INFO | Process-19[2740] | charge_discharge.cycle_executor | CH0 - Cycle 1 starting
2026-09-26 19:34:38 | INFO | Process-19[2740] | charge_discharge.cycle_executor | CH0 - Cycle settings: [{'cycle_type': 'step', 'cycle_display': 'Discharge', 'drive_style': 'current_a', 'drive_value': -10.0, 'drive_value_other': 0.0, 'end_style': 'time_s', 'end_condition': 'greater', 'end_value': 0.05, 'meas_log_int_s': 0.01, 'safety_min_voltage_v': 2.0, 'safety_max_voltage_v': 4.3, 'safety_min_current_a': -10.0, 'safety_max_current_a': 10.0, 'safety_max_time_s': 2.0}]
2026-09-26 19:34:38 | INFO | Process-19[2740] | charge_discharge.cycle_executor | CH0 - Cycle 1 step 0 starting
2026-09-26 19:34:38 | INFO | Process-19[2740] | charge_discharge.cycle_executor | CH0 - Step settings: {'cycle_type': 'step', 'cycle_display': 'Discharge', 'drive_style': 'current_a', 'drive_value': -10.0, 'drive_value_other': 0.0, 'end_style': 'time_s', 'end_condition': 'greater', 'end_value': 0.05, 'meas_log_int_s': 0.01, 'safety_min_voltage_v': 2.0, 'safety_max_voltage_v': 4.3, 'safety_min_current_a': -10.0, 'safety_max_current_a': 10.0, 'safety_max_time_s': 2.0}
2026-09-26 19:34:38 | INFO | Process-19[2740] | charge_discharge.runner | Voltage measurement equipment chosen
2026-09-26 19:34:38 | INFO | Process-19[2740] | charge_discharge.runner | Current measurement equipment chosen
2026-09-26 19:34:38 | INFO | Process-19[2740] | charge_discharge.runner | Current-driven step setup
2026-09-26 19:34:38 | INFO | Process-19[2740] | charge_discharge.runner | Start step successful
2026-09-26 19:34:38 | INFO | Process-19[2740] | charge_discharge.runner | End condition before measurement loop: none
2026-09-26 19:34:38 | INFO | Process-19[2740] | charge_discharge.cycle_executor | CH0 - Cycle 1 step 0 ending; reason: end_condition
2026-09-26 19:34:38 | INFO | Process-19[2740] | charge_discharge.cycle_executor | CH0 - Cycle 1 ending
2026-09-26 19:34:38 | INFO | Process-19[2740] | charge_discharge.cycle_executor | CH0 - Cycle 2 starting
2026-09-26 19:34:38 | INFO | Process-19[2740] | charge_discharge.cycle_executor | CH0 - Cycle settings: [{'cycle_type': 'step', 'cycle_display': 'Discharge', 'drive_style': 'current_a', 'drive_value': -10.0, 'drive_value_other': 0.0, 'end_style': 'time_s', 'end_condition': 'greater', 'end_value': 0.05, 'meas_log_int_s': 0.01, 'safety_min_voltage_v': 2.0, 'safety_max_voltage_v': 4.3, 'safety_min_current_a': -10.0, 'safety_max_current_a': 10.0, 'safety_max_time_s': 2.0}]
2026-09-26 19:34:38 | INFO | Process-19[2740] | charge_discharge.cycle_executor | CH0 - Cycle 2 step 0 starting
2026-09-26 19:34:38 | INFO | Process-19[2740] | charge_discharge.cycle_executor | CH0 - Step settings: {'cycle_type': 'step', 'cycle_display': 'Discharge', 'drive_style': 'current_a', 'drive_value': -10.0, 'drive_value_other': 0.0, 'end_style': 'time_s', 'end_condition': 'greater', 'end_value': 0.05, 'meas_log_int_s': 0.01, 'safety_min_voltage_v': 2.0, 'safety_max_voltage_v': 4.3, 'safety_min_current_a': -10.0, 'safety_max_current_a': 10.0, 'safety_max_time_s': 2.0}
2026-09-26 19:34:38 | INFO | Process-19[2740] | charge_discharge.runner | Voltage measurement equipment chosen
2026-09-26 19:34:38 | INFO | Process-19[2740] | charge_discharge.runner | Current measurement equipment chosen
2026-09-26 19:34:38 | INFO | Process-19[2740] | charge_discharge.runner | Current-driven step setup
2026-09-26 19:34:38 | INFO | Process-19[2740] | charge_discharge.runner | Start step successful
2026-09-26 19:34:38 | INFO | Process-19[2740] | charge_discharge.runner | End condition before measurement loop: none
2026-09-26 19:34:39 | INFO | Process-19[2740] | charge_discharge.cycle_executor | CH0 - Cycle 2 step 0 ending; reason: end_condition
2026-09-26 19:34:39 | INFO | Process-19[2740] | charge_discharge.cycle_executor | CH0 - Cycle 2 ending
2026-09-26 19:34:39 | INFO | Process-19[2740] | charge_discharge.cycle_executor | CH0 - All cycles completed
2026-09-26 19:34:41 | INFO | Process-21[36144] | equipment | Virtual device connected: Fake Test PSU
2026-09-26 19:34:43 | INFO | Process-22[19584] | equipment | Virtual device connected: Fake Test Eload
2026-09-26 19:34:44 | INFO | Process-23[34168] | equipment | Virtual device connected: Fake Test DMM
2026-09-26 19:34:45 | INFO | Process-24[12632] | equipment | Virtual device connected: Fake Test DMM
2026-09-26 19:34:46 | INFO | Process-25[14272] | equipment | Virtual device connected: Fake Test DMM
2026-09-26 19:34:49 | WARNING | Process-26[45904] | pint.util | Redefining 'ampere_hour' (<class 'pint.delegates.txt_defparser.plain.UnitDefinition'>)
2026-09-26 19:34:49 | WARNING | Process-26[45904] | pint.util | Redefining 'Ah' (<class 'pint.delegates.txt_defparser.plain.UnitDefinition'>)
2026-09-26 19:34:49 | WARNING | Process-26[45904] | pint.util | Redefining 'watt_hour' (<class 'pint.delegates.txt_defparser.plain.UnitDefinition'>)
2026-09-26 19:34:49 | WARNING | Process-26[45904] | pint.util | Redefining 'Wh' (<class 'pint.delegates.txt_defparser.plain.UnitDefinition'>)
2026-09-26 19:34:50 | INFO | Process-26[45904] | charge_discharge.cycle_executor | CH0 - Cycle 3 starting
2026-09-26 19:34:50 | INFO | Process-26[45904] | charge_discharge.cycle_executor | CH0 - Cycle settings: [{'cycle_type': 'step', 'cycle_display': 'Discharge', 'drive_style': 'current_a', 'drive_value': -10.0, 'drive_value_other': 0.0, 'end_style': 'time_s', 'end_condition': 'greater', 'end_value': 0.05, 'meas_log_int_s': 0.01, 'safety_min_voltage_v': 2.0, 'safety_max_voltage_v': 4.3, 'safety_min_current_a': -10.0, 'safety_max_current_a': 10.0, 'safety_max_time_s': 2.0}]
2026-09-26 19:34:50 | INFO | Process-26[45904] | charge_discharge.cycle_executor | CH0 - Cycle 3 step 0 starting
2026-09-26 19:34:50 | INFO | Process-26[45904] | charge_discharge.cycle_executor | CH0 - Step settings: {'cycle_type': 'step', 'cycle_display': 'Discharge', 'drive_style': 'current_a', 'drive_value': -10.0, 'drive_value_other': 0.0, 'end_style': 'time_s', 'end_condition': 'greater', 'end_value': 0.05, 'meas_log_int_s': 0.01, 'safety_min_voltage_v': 2.0, 'safety_max_voltage_v': 4.3, 'safety_min_current_a': -10.0, 'safety_max_current_a': 10.0, 'safety_max_time_s': 2.0}
2026-09-26 19:34:50 | INFO | Process-26[45904] | charge_discharge.runner | Voltage measurement equipment chosen
2026-09-26 19:34:50 | INFO | Process-26[45904] | charge_discharge.runner | Current measurement equipment chosen
2026-09-26 19:34:50 | INFO | Process-26[45904] | charge_discharge.runner | Current-driven step setup
2026-09-26 19:34:51 | INFO | Process-26[45904] | charge_discharge.runner | Start step successful
2026-09-26 19:34:51 | INFO | Process-26[45904] | charge_discharge.runner | End condition before measurement loop: none
2026-09-26 19:34:51 | INFO | Process-26[45904] | charge_discharge.cycle_executor | CH0 - Cycle 3 step 0 ending; reason: end_condition
2026-09-26 19:34:51 | INFO | Process-26[45904] | charge_discharge.cycle_executor | CH0 - Cycle 3 ending
2026-09-26 19:34:51 | INFO | Process-26[45904] | charge_discharge.cycle_executor | CH0 - All cycles completed
2026-09-26 19:34:53 | INFO | Process-28[30604] | equipment | Virtual device connected: Fake Test PSU
2026-09-26 19:34:55 | INFO | Process-29[1064] | equipment | Virtual device connected: Fake Test Eload
2026-09-26 19:34:56 | INFO | Process-30[10112] | equipment | Virtual device connected: Fake Test DMM
2026-09-26 19:34:57 | INFO | Process-31[26572] | equipment | Virtual device connected: Fake Test DMM
2026-09-26 19:34:59 | INFO | Process-32[41224] | equipment | Virtual device connected: Fake Test DMM
2026-09-26 19:35:01 | WARNING | Process-33[46392] | pint.util | Redefining 'ampere_hour' (<class 'pint.delegates.txt_defparser.plain.UnitDefinition'>)
2026-09-26 19:35:01 | WARNING | Process-33[46392] | pint.util | Redefining 'Ah' (<class 'pint.delegates.txt_defparser.plain.UnitDefinition'>)
2026-09-26 19:35:01 | WARNING | Process-33[46392] | pint.util | Redefining 'watt_hour' (<class 'pint.delegates.txt_defparser.plain.UnitDefinition'>)
2026-09-26 19:35:01 | WARNING | Process-33[46392] | pint.util | Redefining 'Wh' (<class 'pint.delegates.txt_defparser.plain.UnitDefinition'>)
2026-09-26 19:35:02 | INFO | Process-33[46392] | charge_discharge.cycle_executor | CH0 - Cycle 1 starting
2026-09-26 19:35:02 | INFO | Process-33[46392] | charge_discharge.cycle_executor | CH0 - Cycle settings: [{'cycle_type': 'step', 'drive_value_other': 4.2, 'end_style': 'time_s', 'end_condition': 'greater', 'end_value': 0.03, 'meas_log_int_s': 0.01, 'safety_min_voltage_v': 2.0, 'safety_max_voltage_v': 4.3, 'safety_min_current_a': -10.0, 'safety_max_current_a': 10.0, 'safety_max_time_s': 2.0, 'cycle_display': 'Charge', 'drive_style': 'current_a', 'drive_value': 1.0}, {'cycle_type': 'step', 'drive_value_other': 0.0, 'end_style': 'time_s', 'end_condition': 'greater', 'end_value': 0.03, 'meas_log_int_s': 0.01, 'safety_min_voltage_v': 2.0, 'safety_max_voltage_v': 4.3, 'safety_min_current_a': -10.0, 'safety_max_current_a': 10.0, 'safety_max_time_s': 2.0, 'cycle_display': 'Rest', 'drive_style': 'none', 'drive_value': 0.0}]
2026-09-26 19:35:02 | INFO | Process-33[46392] | charge_discharge.cycle_executor | CH0 - Cycle 1 step 0 starting
2026-09-26 19:35:02 | INFO | Process-33[46392] | charge_discharge.cycle_executor | CH0 - Step settings: {'cycle_type': 'step', 'drive_value_other': 4.2, 'end_style': 'time_s', 'end_condition': 'greater', 'end_value': 0.03, 'meas_log_int_s': 0.01, 'safety_min_voltage_v': 2.0, 'safety_max_voltage_v': 4.3, 'safety_min_current_a': -10.0, 'safety_max_current_a': 10.0, 'safety_max_time_s': 2.0, 'cycle_display': 'Charge', 'drive_style': 'current_a', 'drive_value': 1.0}
2026-09-26 19:35:02 | INFO | Process-33[46392] | charge_discharge.runner | Voltage measurement equipment chosen
2026-09-26 19:35:02 | INFO | Process-33[46392] | charge_discharge.runner | Current measurement equipment chosen
2026-09-26 19:35:02 | INFO | Process-33[46392] | charge_discharge.runner | Current-driven step setup
2026-09-26 19:35:03 | INFO | Process-33[46392] | charge_discharge.runner | Start step successful
2026-09-26 19:35:03 | INFO | Process-33[46392] | charge_discharge.runner | End condition before measurement loop: none
2026-09-26 19:35:03 | INFO | Process-33[46392] | charge_discharge.cycle_executor | CH0 - Cycle 1 step 0 ending; reason: end_condition
2026-09-26 19:35:03 | INFO | Process-33[46392] | charge_discharge.cycle_executor | CH0 - Cycle 1 step 1 starting
2026-09-26 19:35:03 | INFO | Process-33[46392] | charge_discharge.cycle_executor | CH0 - Step settings: {'cycle_type': 'step', 'drive_value_other': 0.0, 'end_style': 'time_s', 'end_condition': 'greater', 'end_value': 0.03, 'meas_log_int_s': 0.01, 'safety_min_voltage_v': 2.0, 'safety_max_voltage_v': 4.3, 'safety_min_current_a': -10.0, 'safety_max_current_a': 10.0, 'safety_max_time_s': 2.0, 'cycle_display': 'Rest', 'drive_style': 'none', 'drive_value': 0.0}
2026-09-26 19:35:03 | INFO | Process-33[46392] | charge_discharge.runner | Voltage measurement equipment chosen
2026-09-26 19:35:03 | INFO | Process-33[46392] | charge_discharge.runner | Current measurement equipment chosen
2026-09-26 19:35:03 | INFO | Process-33[46392] | charge_discharge.runner | Non-driven (rest) step setup
2026-09-26 19:35:03 | INFO | Process-33[46392] | charge_discharge.runner | Start step successful
2026-09-26 19:35:03 | INFO | Process-33[46392] | charge_discharge.runner | End condition before measurement loop: none
2026-09-26 19:35:03 | INFO | Process-33[46392] | charge_discharge.cycle_executor | CH0 - Cycle 1 step 1 ending; reason: end_condition
2026-09-26 19:35:03 | INFO | Process-33[46392] | charge_discharge.cycle_executor | CH0 - Cycle 1 ending
2026-09-26 19:35:03 | INFO | Process-33[46392] | charge_discharge.cycle_executor | CH0 - All cycles completed
2026-09-26 19:35:06 | INFO | Process-35[4132] | equipment | Virtual device connected: Fake Test PSU
2026-09-26 19:35:07 | INFO | Process-36[34364] | equipment | Virtual device connected: Fake Test Eload
2026-09-26 19:35:08 | INFO | Process-37[40612] | equipment | Virtual device connected: Fake Test DMM
2026-09-26 19:35:10 | INFO | Process-38[38908] | equipment | Virtual device connected: Fake Test DMM
2026-09-26 19:35:11 | INFO | Process-39[29136] | equipment | Virtual device connected: Fake Test DMM
2026-09-26 19:35:13 | WARNING | Process-40[38796] | pint.util | Redefining 'ampere_hour' (<class 'pint.delegates.txt_defparser.plain.UnitDefinition'>)
2026-09-26 19:35:13 | WARNING | Process-40[38796] | pint.util | Redefining 'Ah' (<class 'pint.delegates.txt_defparser.plain.UnitDefinition'>)
2026-09-26 19:35:13 | WARNING | Process-40[38796] | pint.util | Redefining 'watt_hour' (<class 'pint.delegates.txt_defparser.plain.UnitDefinition'>)
2026-09-26 19:35:13 | WARNING | Process-40[38796] | pint.util | Redefining 'Wh' (<class 'pint.delegates.txt_defparser.plain.UnitDefinition'>)
2026-09-26 19:35:15 | INFO | Process-40[38796] | charge_discharge.cycle_executor | CH0 - Cycle 1 starting
2026-09-26 19:35:15 | INFO | Process-40[38796] | charge_discharge.cycle_executor | CH0 - Cycle settings: [{'cycle_type': 'step', 'cycle_display': 'Discharge', 'drive_style': 'current_a', 'drive_value': -1.0, 'drive_value_other': 0, 'end_style': 'voltage_v', 'end_condition': 'lesser', 'end_value': 4.19, 'meas_log_int_s': 1, 'safety_min_voltage_v': 2.45, 'safety_max_voltage_v': 4.25, 'safety_min_current_a': -10, 'safety_max_current_a': 10, 'safety_max_time_s': 2.0}]
2026-09-26 19:35:15 | INFO | Process-40[38796] | charge_discharge.cycle_executor | CH0 - Cycle 1 step 0 starting
2026-09-26 19:35:15 | INFO | Process-40[38796] | charge_discharge.cycle_executor | CH0 - Step settings: {'cycle_type': 'step', 'cycle_display': 'Discharge', 'drive_style': 'current_a', 'drive_value': -1.0, 'drive_value_other': 0, 'end_style': 'voltage_v', 'end_condition': 'lesser', 'end_value': 4.19, 'meas_log_int_s': 1, 'safety_min_voltage_v': 2.45, 'safety_max_voltage_v': 4.25, 'safety_min_current_a': -10, 'safety_max_current_a': 10, 'safety_max_time_s': 2.0}
2026-09-26 19:35:15 | INFO | Process-40[38796] | charge_discharge.runner | Voltage measurement equipment chosen
2026-09-26 19:35:15 | INFO | Process-40[38796] | charge_discharge.runner | Current measurement equipment chosen
2026-09-26 19:35:15 | INFO | Process-40[38796] | charge_discharge.runner | Current-driven step setup
2026-09-26 19:35:15 | INFO | Process-40[38796] | charge_discharge.runner | Start step successful
2026-09-26 19:35:15 | INFO | Process-40[38796] | charge_discharge.runner | End condition before measurement loop: end_condition
2026-09-26 19:35:15 | INFO | Process-40[38796] | charge_discharge.cycle_executor | CH0 - Cycle 1 step 0 ending; reason: end_condition
2026-09-26 19:35:15 | INFO | Process-40[38796] | charge_discharge.cycle_executor | CH0 - Cycle 1 ending
2026-09-26 19:35:15 | INFO | Process-40[38796] | charge_discharge.cycle_executor | CH0 - All cycles completed
2026-09-26 19:50:49 | INFO | Process-2[26920] | equipment | Virtual device connected: Fake Test PSU
2026-09-26 19:50:50 | INFO | Process-3[25332] | equipment | Virtual device connected: Fake Test Eload
2026-09-26 19:50:52 | INFO | Process-4[41248] | equipment | Virtual device connected: Fake Test DMM
2026-09-26 19:50:53 | INFO | Process-5[40692] | equipment | Virtual device connected: Fake Test DMM
2026-09-26 19:50:54 | INFO | Process-6[21252] | equipment | Virtual device connected: Fake Test DMM
2026-09-26 19:50:55 | ERROR | Process-5[40692] | equipment | Virtual device operation failed: measure_current
Traceback (most recent call last):
  File "D:\Documents\GitHub\Test_Equipment_Control\equipment.py", line 258, in virtual_device_management_process
    return_data = _dispatch_virtual_device_method(device, operation, args)
  File "D:\Documents\GitHub\Test_Equipment_Control\equipment.py", line 149, in _dispatch_virtual_device_method
    return method(*args)
  File "D:\Documents\GitHub\Test_Equipment_Control\lab_equipment\DMM_Fake.py", line 15, in measure_current
    return require_simulation_link(self.battery_link, "Fake DMM").measure_current()
           ~~~~~~~~~~~~~~~~~~~~~~~^^^^^^^^^^^^^^^^^^^^^^^^^^^^^^^
  File "D:\Documents\GitHub\Test_Equipment_Control\battery_app\simulation.py", line 25, in require_simulation_link
    raise FakeInstrumentNotAttachedError(
        f"{instrument_name} requires an attached SIMULATED_LG_MJ1 battery link"
    )
battery_app.simulation.FakeInstrumentNotAttachedError: Fake DMM requires an attached SIMULATED_LG_MJ1 battery link
2026-09-26 19:50:57 | INFO | Process-9[21792] | equipment | Virtual device connected: Fake Test PSU
2026-09-26 19:50:58 | INFO | Process-10[5392] | equipment | Virtual device connected: Fake Test Eload
2026-09-26 19:51:00 | INFO | Process-11[33844] | equipment | Virtual device connected: Fake Test DMM
2026-09-26 19:51:01 | INFO | Process-12[25312] | equipment | Virtual device connected: Fake Test DMM
2026-09-26 19:51:02 | INFO | Process-13[26548] | equipment | Virtual device connected: Fake Test DMM
2026-09-26 19:51:05 | WARNING | Process-14[33396] | pint.util | Redefining 'ampere_hour' (<class 'pint.delegates.txt_defparser.plain.UnitDefinition'>)
2026-09-26 19:51:05 | WARNING | Process-14[33396] | pint.util | Redefining 'Ah' (<class 'pint.delegates.txt_defparser.plain.UnitDefinition'>)
2026-09-26 19:51:05 | WARNING | Process-14[33396] | pint.util | Redefining 'watt_hour' (<class 'pint.delegates.txt_defparser.plain.UnitDefinition'>)
2026-09-26 19:51:05 | WARNING | Process-14[33396] | pint.util | Redefining 'Wh' (<class 'pint.delegates.txt_defparser.plain.UnitDefinition'>)
2026-09-26 19:51:06 | INFO | Process-14[33396] | charge_discharge.cycle_executor | CH0 - Cycle 1 starting
2026-09-26 19:51:06 | INFO | Process-14[33396] | charge_discharge.cycle_executor | CH0 - Cycle settings: [{'cycle_type': 'step', 'cycle_display': 'Discharge', 'drive_style': 'current_a', 'drive_value': -10.0, 'drive_value_other': 0.0, 'end_style': 'time_s', 'end_condition': 'greater', 'end_value': 0.05, 'meas_log_int_s': 0.01, 'safety_min_voltage_v': 2.0, 'safety_max_voltage_v': 4.3, 'safety_min_current_a': -10.0, 'safety_max_current_a': 10.0, 'safety_max_time_s': 2.0}]
2026-09-26 19:51:06 | INFO | Process-14[33396] | charge_discharge.cycle_executor | CH0 - Cycle 1 step 0 starting
2026-09-26 19:51:06 | INFO | Process-14[33396] | charge_discharge.cycle_executor | CH0 - Step settings: {'cycle_type': 'step', 'cycle_display': 'Discharge', 'drive_style': 'current_a', 'drive_value': -10.0, 'drive_value_other': 0.0, 'end_style': 'time_s', 'end_condition': 'greater', 'end_value': 0.05, 'meas_log_int_s': 0.01, 'safety_min_voltage_v': 2.0, 'safety_max_voltage_v': 4.3, 'safety_min_current_a': -10.0, 'safety_max_current_a': 10.0, 'safety_max_time_s': 2.0}
2026-09-26 19:51:06 | INFO | Process-14[33396] | charge_discharge.runner | Voltage measurement equipment chosen
2026-09-26 19:51:06 | INFO | Process-14[33396] | charge_discharge.runner | Current measurement equipment chosen
2026-09-26 19:51:06 | INFO | Process-14[33396] | charge_discharge.runner | Current-driven step setup
2026-09-26 19:51:06 | INFO | Process-14[33396] | charge_discharge.runner | Start step successful
2026-09-26 19:51:06 | INFO | Process-14[33396] | charge_discharge.runner | End condition before measurement loop: none
2026-09-26 19:51:06 | INFO | Process-14[33396] | charge_discharge.cycle_executor | CH0 - Cycle 1 step 0 ending; reason: end_condition
2026-09-26 19:51:06 | INFO | Process-14[33396] | charge_discharge.cycle_executor | CH0 - Cycle 1 ending
2026-09-26 19:51:06 | INFO | Process-14[33396] | charge_discharge.cycle_executor | CH0 - Cycle 2 starting
2026-09-26 19:51:06 | INFO | Process-14[33396] | charge_discharge.cycle_executor | CH0 - Cycle settings: [{'cycle_type': 'step', 'cycle_display': 'Discharge', 'drive_style': 'current_a', 'drive_value': -10.0, 'drive_value_other': 0.0, 'end_style': 'time_s', 'end_condition': 'greater', 'end_value': 0.05, 'meas_log_int_s': 0.01, 'safety_min_voltage_v': 2.0, 'safety_max_voltage_v': 4.3, 'safety_min_current_a': -10.0, 'safety_max_current_a': 10.0, 'safety_max_time_s': 2.0}]
2026-09-26 19:51:06 | INFO | Process-14[33396] | charge_discharge.cycle_executor | CH0 - Cycle 2 step 0 starting
2026-09-26 19:51:06 | INFO | Process-14[33396] | charge_discharge.cycle_executor | CH0 - Step settings: {'cycle_type': 'step', 'cycle_display': 'Discharge', 'drive_style': 'current_a', 'drive_value': -10.0, 'drive_value_other': 0.0, 'end_style': 'time_s', 'end_condition': 'greater', 'end_value': 0.05, 'meas_log_int_s': 0.01, 'safety_min_voltage_v': 2.0, 'safety_max_voltage_v': 4.3, 'safety_min_current_a': -10.0, 'safety_max_current_a': 10.0, 'safety_max_time_s': 2.0}
2026-09-26 19:51:06 | INFO | Process-14[33396] | charge_discharge.runner | Voltage measurement equipment chosen
2026-09-26 19:51:06 | INFO | Process-14[33396] | charge_discharge.runner | Current measurement equipment chosen
2026-09-26 19:51:06 | INFO | Process-14[33396] | charge_discharge.runner | Current-driven step setup
2026-09-26 19:51:07 | INFO | Process-14[33396] | charge_discharge.runner | Start step successful
2026-09-26 19:51:07 | INFO | Process-14[33396] | charge_discharge.runner | End condition before measurement loop: none
2026-09-26 19:51:07 | INFO | Process-14[33396] | charge_discharge.cycle_executor | CH0 - Cycle 2 step 0 ending; reason: end_condition
2026-09-26 19:51:07 | INFO | Process-14[33396] | charge_discharge.cycle_executor | CH0 - Cycle 2 ending
2026-09-26 19:51:07 | INFO | Process-14[33396] | charge_discharge.cycle_executor | CH0 - All cycles completed
2026-09-26 19:51:10 | INFO | Process-16[44508] | equipment | Virtual device connected: Fake Test PSU
2026-09-26 19:51:11 | INFO | Process-17[21560] | equipment | Virtual device connected: Fake Test Eload
2026-09-26 19:51:12 | INFO | Process-18[9048] | equipment | Virtual device connected: Fake Test DMM
2026-09-26 19:51:13 | INFO | Process-19[35148] | equipment | Virtual device connected: Fake Test DMM
2026-09-26 19:51:15 | INFO | Process-20[5232] | equipment | Virtual device connected: Fake Test DMM
2026-09-26 19:51:17 | WARNING | Process-21[21336] | pint.util | Redefining 'ampere_hour' (<class 'pint.delegates.txt_defparser.plain.UnitDefinition'>)
2026-09-26 19:51:17 | WARNING | Process-21[21336] | pint.util | Redefining 'Ah' (<class 'pint.delegates.txt_defparser.plain.UnitDefinition'>)
2026-09-26 19:51:17 | WARNING | Process-21[21336] | pint.util | Redefining 'watt_hour' (<class 'pint.delegates.txt_defparser.plain.UnitDefinition'>)
2026-09-26 19:51:17 | WARNING | Process-21[21336] | pint.util | Redefining 'Wh' (<class 'pint.delegates.txt_defparser.plain.UnitDefinition'>)
2026-09-26 19:51:19 | INFO | Process-21[21336] | charge_discharge.cycle_executor | CH0 - Cycle 3 starting
2026-09-26 19:51:19 | INFO | Process-21[21336] | charge_discharge.cycle_executor | CH0 - Cycle settings: [{'cycle_type': 'step', 'cycle_display': 'Discharge', 'drive_style': 'current_a', 'drive_value': -10.0, 'drive_value_other': 0.0, 'end_style': 'time_s', 'end_condition': 'greater', 'end_value': 0.05, 'meas_log_int_s': 0.01, 'safety_min_voltage_v': 2.0, 'safety_max_voltage_v': 4.3, 'safety_min_current_a': -10.0, 'safety_max_current_a': 10.0, 'safety_max_time_s': 2.0}]
2026-09-26 19:51:19 | INFO | Process-21[21336] | charge_discharge.cycle_executor | CH0 - Cycle 3 step 0 starting
2026-09-26 19:51:19 | INFO | Process-21[21336] | charge_discharge.cycle_executor | CH0 - Step settings: {'cycle_type': 'step', 'cycle_display': 'Discharge', 'drive_style': 'current_a', 'drive_value': -10.0, 'drive_value_other': 0.0, 'end_style': 'time_s', 'end_condition': 'greater', 'end_value': 0.05, 'meas_log_int_s': 0.01, 'safety_min_voltage_v': 2.0, 'safety_max_voltage_v': 4.3, 'safety_min_current_a': -10.0, 'safety_max_current_a': 10.0, 'safety_max_time_s': 2.0}
2026-09-26 19:51:19 | INFO | Process-21[21336] | charge_discharge.runner | Voltage measurement equipment chosen
2026-09-26 19:51:19 | INFO | Process-21[21336] | charge_discharge.runner | Current measurement equipment chosen
2026-09-26 19:51:19 | INFO | Process-21[21336] | charge_discharge.runner | Current-driven step setup
2026-09-26 19:51:19 | INFO | Process-21[21336] | charge_discharge.runner | Start step successful
2026-09-26 19:51:19 | INFO | Process-21[21336] | charge_discharge.runner | End condition before measurement loop: none
2026-09-26 19:51:19 | INFO | Process-21[21336] | charge_discharge.cycle_executor | CH0 - Cycle 3 step 0 ending; reason: end_condition
2026-09-26 19:51:19 | INFO | Process-21[21336] | charge_discharge.cycle_executor | CH0 - Cycle 3 ending
2026-09-26 19:51:19 | INFO | Process-21[21336] | charge_discharge.cycle_executor | CH0 - All cycles completed
2026-09-26 19:51:22 | INFO | Process-23[45328] | equipment | Virtual device connected: Fake Test PSU
2026-09-26 19:51:23 | INFO | Process-24[39060] | equipment | Virtual device connected: Fake Test Eload
2026-09-26 19:51:24 | INFO | Process-25[12176] | equipment | Virtual device connected: Fake Test DMM
2026-09-26 19:51:26 | INFO | Process-26[8932] | equipment | Virtual device connected: Fake Test DMM
2026-09-26 19:51:27 | INFO | Process-27[37840] | equipment | Virtual device connected: Fake Test DMM
2026-09-26 19:51:29 | WARNING | Process-28[42816] | pint.util | Redefining 'ampere_hour' (<class 'pint.delegates.txt_defparser.plain.UnitDefinition'>)
2026-09-26 19:51:29 | WARNING | Process-28[42816] | pint.util | Redefining 'Ah' (<class 'pint.delegates.txt_defparser.plain.UnitDefinition'>)
2026-09-26 19:51:29 | WARNING | Process-28[42816] | pint.util | Redefining 'watt_hour' (<class 'pint.delegates.txt_defparser.plain.UnitDefinition'>)
2026-09-26 19:51:29 | WARNING | Process-28[42816] | pint.util | Redefining 'Wh' (<class 'pint.delegates.txt_defparser.plain.UnitDefinition'>)
2026-09-26 19:51:31 | INFO | Process-28[42816] | charge_discharge.cycle_executor | CH0 - Cycle 1 starting
2026-09-26 19:51:31 | INFO | Process-28[42816] | charge_discharge.cycle_executor | CH0 - Cycle settings: [{'cycle_type': 'step', 'drive_value_other': 4.2, 'end_style': 'time_s', 'end_condition': 'greater', 'end_value': 0.03, 'meas_log_int_s': 0.01, 'safety_min_voltage_v': 2.0, 'safety_max_voltage_v': 4.3, 'safety_min_current_a': -10.0, 'safety_max_current_a': 10.0, 'safety_max_time_s': 2.0, 'cycle_display': 'Charge', 'drive_style': 'current_a', 'drive_value': 1.0}, {'cycle_type': 'step', 'drive_value_other': 0.0, 'end_style': 'time_s', 'end_condition': 'greater', 'end_value': 0.03, 'meas_log_int_s': 0.01, 'safety_min_voltage_v': 2.0, 'safety_max_voltage_v': 4.3, 'safety_min_current_a': -10.0, 'safety_max_current_a': 10.0, 'safety_max_time_s': 2.0, 'cycle_display': 'Rest', 'drive_style': 'none', 'drive_value': 0.0}]
2026-09-26 19:51:31 | INFO | Process-28[42816] | charge_discharge.cycle_executor | CH0 - Cycle 1 step 0 starting
2026-09-26 19:51:31 | INFO | Process-28[42816] | charge_discharge.cycle_executor | CH0 - Step settings: {'cycle_type': 'step', 'drive_value_other': 4.2, 'end_style': 'time_s', 'end_condition': 'greater', 'end_value': 0.03, 'meas_log_int_s': 0.01, 'safety_min_voltage_v': 2.0, 'safety_max_voltage_v': 4.3, 'safety_min_current_a': -10.0, 'safety_max_current_a': 10.0, 'safety_max_time_s': 2.0, 'cycle_display': 'Charge', 'drive_style': 'current_a', 'drive_value': 1.0}
2026-09-26 19:51:31 | INFO | Process-28[42816] | charge_discharge.runner | Voltage measurement equipment chosen
2026-09-26 19:51:31 | INFO | Process-28[42816] | charge_discharge.runner | Current measurement equipment chosen
2026-09-26 19:51:31 | INFO | Process-28[42816] | charge_discharge.runner | Current-driven step setup
2026-09-26 19:51:31 | INFO | Process-28[42816] | charge_discharge.runner | Start step successful
2026-09-26 19:51:31 | INFO | Process-28[42816] | charge_discharge.runner | End condition before measurement loop: none
2026-09-26 19:51:31 | INFO | Process-28[42816] | charge_discharge.cycle_executor | CH0 - Cycle 1 step 0 ending; reason: end_condition
2026-09-26 19:51:31 | INFO | Process-28[42816] | charge_discharge.cycle_executor | CH0 - Cycle 1 step 1 starting
2026-09-26 19:51:31 | INFO | Process-28[42816] | charge_discharge.cycle_executor | CH0 - Step settings: {'cycle_type': 'step', 'drive_value_other': 0.0, 'end_style': 'time_s', 'end_condition': 'greater', 'end_value': 0.03, 'meas_log_int_s': 0.01, 'safety_min_voltage_v': 2.0, 'safety_max_voltage_v': 4.3, 'safety_min_current_a': -10.0, 'safety_max_current_a': 10.0, 'safety_max_time_s': 2.0, 'cycle_display': 'Rest', 'drive_style': 'none', 'drive_value': 0.0}
2026-09-26 19:51:31 | INFO | Process-28[42816] | charge_discharge.runner | Voltage measurement equipment chosen
2026-09-26 19:51:31 | INFO | Process-28[42816] | charge_discharge.runner | Current measurement equipment chosen
2026-09-26 19:51:31 | INFO | Process-28[42816] | charge_discharge.runner | Non-driven (rest) step setup
2026-09-26 19:51:31 | INFO | Process-28[42816] | charge_discharge.runner | Start step successful
2026-09-26 19:51:31 | INFO | Process-28[42816] | charge_discharge.runner | End condition before measurement loop: none
2026-09-26 19:51:31 | INFO | Process-28[42816] | charge_discharge.cycle_executor | CH0 - Cycle 1 step 1 ending; reason: end_condition
2026-09-26 19:51:31 | INFO | Process-28[42816] | charge_discharge.cycle_executor | CH0 - Cycle 1 ending
2026-09-26 19:51:31 | INFO | Process-28[42816] | charge_discharge.cycle_executor | CH0 - All cycles completed
2026-09-26 19:52:53 | INFO | Process-2[40416] | equipment | Virtual device connected: Fake Test PSU
2026-09-26 19:52:54 | INFO | Process-3[13812] | equipment | Virtual device connected: Fake Test Eload
2026-09-26 19:52:55 | INFO | Process-4[29904] | equipment | Virtual device connected: Fake Test DMM
2026-09-26 19:52:57 | INFO | Process-5[17292] | equipment | Virtual device connected: Fake Test DMM
2026-09-26 19:52:58 | INFO | Process-6[47084] | equipment | Virtual device connected: Fake Test DMM
2026-09-26 19:52:58 | ERROR | Process-5[17292] | equipment | Virtual device operation failed: measure_current
Traceback (most recent call last):
  File "D:\Documents\GitHub\Test_Equipment_Control\equipment.py", line 258, in virtual_device_management_process
    return_data = _dispatch_virtual_device_method(device, operation, args)
  File "D:\Documents\GitHub\Test_Equipment_Control\equipment.py", line 149, in _dispatch_virtual_device_method
    return method(*args)
  File "D:\Documents\GitHub\Test_Equipment_Control\lab_equipment\DMM_Fake.py", line 15, in measure_current
    return require_simulation_link(self.battery_link, "Fake DMM").measure_current()
           ~~~~~~~~~~~~~~~~~~~~~~~^^^^^^^^^^^^^^^^^^^^^^^^^^^^^^^
  File "D:\Documents\GitHub\Test_Equipment_Control\battery_app\simulation.py", line 25, in require_simulation_link
    raise FakeInstrumentNotAttachedError(
        f"{instrument_name} requires an attached SIMULATED_LG_MJ1 battery link"
    )
battery_app.simulation.FakeInstrumentNotAttachedError: Fake DMM requires an attached SIMULATED_LG_MJ1 battery link
2026-09-26 19:53:01 | INFO | Process-9[34248] | equipment | Virtual device connected: Fake Test PSU
2026-09-26 19:53:02 | INFO | Process-10[44984] | equipment | Virtual device connected: Fake Test Eload
2026-09-26 19:53:04 | INFO | Process-11[45172] | equipment | Virtual device connected: Fake Test DMM
2026-09-26 19:53:05 | INFO | Process-12[10672] | equipment | Virtual device connected: Fake Test DMM
2026-09-26 19:53:07 | INFO | Process-13[41420] | equipment | Virtual device connected: Fake Test DMM
2026-09-26 19:53:09 | WARNING | Process-14[39364] | pint.util | Redefining 'ampere_hour' (<class 'pint.delegates.txt_defparser.plain.UnitDefinition'>)
2026-09-26 19:53:09 | WARNING | Process-14[39364] | pint.util | Redefining 'Ah' (<class 'pint.delegates.txt_defparser.plain.UnitDefinition'>)
2026-09-26 19:53:09 | WARNING | Process-14[39364] | pint.util | Redefining 'watt_hour' (<class 'pint.delegates.txt_defparser.plain.UnitDefinition'>)
2026-09-26 19:53:09 | WARNING | Process-14[39364] | pint.util | Redefining 'Wh' (<class 'pint.delegates.txt_defparser.plain.UnitDefinition'>)
2026-09-26 19:53:10 | INFO | Process-14[39364] | charge_discharge.cycle_executor | CH0 - Cycle 1 starting
2026-09-26 19:53:10 | INFO | Process-14[39364] | charge_discharge.cycle_executor | CH0 - Cycle settings: [{'cycle_type': 'step', 'cycle_display': 'Discharge', 'drive_style': 'current_a', 'drive_value': -10.0, 'drive_value_other': 0.0, 'end_style': 'time_s', 'end_condition': 'greater', 'end_value': 0.05, 'meas_log_int_s': 0.01, 'safety_min_voltage_v': 2.0, 'safety_max_voltage_v': 4.3, 'safety_min_current_a': -10.0, 'safety_max_current_a': 10.0, 'safety_max_time_s': 2.0}]
2026-09-26 19:53:10 | INFO | Process-14[39364] | charge_discharge.cycle_executor | CH0 - Cycle 1 step 0 starting
2026-09-26 19:53:10 | INFO | Process-14[39364] | charge_discharge.cycle_executor | CH0 - Step settings: {'cycle_type': 'step', 'cycle_display': 'Discharge', 'drive_style': 'current_a', 'drive_value': -10.0, 'drive_value_other': 0.0, 'end_style': 'time_s', 'end_condition': 'greater', 'end_value': 0.05, 'meas_log_int_s': 0.01, 'safety_min_voltage_v': 2.0, 'safety_max_voltage_v': 4.3, 'safety_min_current_a': -10.0, 'safety_max_current_a': 10.0, 'safety_max_time_s': 2.0}
2026-09-26 19:53:10 | INFO | Process-14[39364] | charge_discharge.runner | Voltage measurement equipment chosen
2026-09-26 19:53:10 | INFO | Process-14[39364] | charge_discharge.runner | Current measurement equipment chosen
2026-09-26 19:53:10 | INFO | Process-14[39364] | charge_discharge.runner | Current-driven step setup
2026-09-26 19:53:11 | INFO | Process-14[39364] | charge_discharge.runner | Start step successful
2026-09-26 19:53:11 | INFO | Process-14[39364] | charge_discharge.runner | End condition before measurement loop: none
2026-09-26 19:53:11 | INFO | Process-14[39364] | charge_discharge.cycle_executor | CH0 - Cycle 1 step 0 ending; reason: end_condition
2026-09-26 19:53:11 | INFO | Process-14[39364] | charge_discharge.cycle_executor | CH0 - Cycle 1 ending
2026-09-26 19:53:11 | INFO | Process-14[39364] | charge_discharge.cycle_executor | CH0 - Cycle 2 starting
2026-09-26 19:53:11 | INFO | Process-14[39364] | charge_discharge.cycle_executor | CH0 - Cycle settings: [{'cycle_type': 'step', 'cycle_display': 'Discharge', 'drive_style': 'current_a', 'drive_value': -10.0, 'drive_value_other': 0.0, 'end_style': 'time_s', 'end_condition': 'greater', 'end_value': 0.05, 'meas_log_int_s': 0.01, 'safety_min_voltage_v': 2.0, 'safety_max_voltage_v': 4.3, 'safety_min_current_a': -10.0, 'safety_max_current_a': 10.0, 'safety_max_time_s': 2.0}]
2026-09-26 19:53:11 | INFO | Process-14[39364] | charge_discharge.cycle_executor | CH0 - Cycle 2 step 0 starting
2026-09-26 19:53:11 | INFO | Process-14[39364] | charge_discharge.cycle_executor | CH0 - Step settings: {'cycle_type': 'step', 'cycle_display': 'Discharge', 'drive_style': 'current_a', 'drive_value': -10.0, 'drive_value_other': 0.0, 'end_style': 'time_s', 'end_condition': 'greater', 'end_value': 0.05, 'meas_log_int_s': 0.01, 'safety_min_voltage_v': 2.0, 'safety_max_voltage_v': 4.3, 'safety_min_current_a': -10.0, 'safety_max_current_a': 10.0, 'safety_max_time_s': 2.0}
2026-09-26 19:53:11 | INFO | Process-14[39364] | charge_discharge.runner | Voltage measurement equipment chosen
2026-09-26 19:53:11 | INFO | Process-14[39364] | charge_discharge.runner | Current measurement equipment chosen
2026-09-26 19:53:11 | INFO | Process-14[39364] | charge_discharge.runner | Current-driven step setup
2026-09-26 19:53:11 | INFO | Process-14[39364] | charge_discharge.runner | Start step successful
2026-09-26 19:53:11 | INFO | Process-14[39364] | charge_discharge.runner | End condition before measurement loop: none
2026-09-26 19:53:11 | INFO | Process-14[39364] | charge_discharge.cycle_executor | CH0 - Cycle 2 step 0 ending; reason: end_condition
2026-09-26 19:53:11 | INFO | Process-14[39364] | charge_discharge.cycle_executor | CH0 - Cycle 2 ending
2026-09-26 19:53:11 | INFO | Process-14[39364] | charge_discharge.cycle_executor | CH0 - All cycles completed
2026-09-26 19:53:14 | INFO | Process-16[41036] | equipment | Virtual device connected: Fake Test PSU
2026-09-26 19:53:15 | INFO | Process-17[8904] | equipment | Virtual device connected: Fake Test Eload
2026-09-26 19:53:16 | INFO | Process-18[42404] | equipment | Virtual device connected: Fake Test DMM
2026-09-26 19:53:18 | INFO | Process-19[7380] | equipment | Virtual device connected: Fake Test DMM
2026-09-26 19:53:19 | INFO | Process-20[28800] | equipment | Virtual device connected: Fake Test DMM
2026-09-26 19:53:21 | WARNING | Process-21[17308] | pint.util | Redefining 'ampere_hour' (<class 'pint.delegates.txt_defparser.plain.UnitDefinition'>)
2026-09-26 19:53:21 | WARNING | Process-21[17308] | pint.util | Redefining 'Ah' (<class 'pint.delegates.txt_defparser.plain.UnitDefinition'>)
2026-09-26 19:53:21 | WARNING | Process-21[17308] | pint.util | Redefining 'watt_hour' (<class 'pint.delegates.txt_defparser.plain.UnitDefinition'>)
2026-09-26 19:53:21 | WARNING | Process-21[17308] | pint.util | Redefining 'Wh' (<class 'pint.delegates.txt_defparser.plain.UnitDefinition'>)
2026-09-26 19:53:23 | INFO | Process-21[17308] | charge_discharge.cycle_executor | CH0 - Cycle 3 starting
2026-09-26 19:53:23 | INFO | Process-21[17308] | charge_discharge.cycle_executor | CH0 - Cycle settings: [{'cycle_type': 'step', 'cycle_display': 'Discharge', 'drive_style': 'current_a', 'drive_value': -10.0, 'drive_value_other': 0.0, 'end_style': 'time_s', 'end_condition': 'greater', 'end_value': 0.05, 'meas_log_int_s': 0.01, 'safety_min_voltage_v': 2.0, 'safety_max_voltage_v': 4.3, 'safety_min_current_a': -10.0, 'safety_max_current_a': 10.0, 'safety_max_time_s': 2.0}]
2026-09-26 19:53:23 | INFO | Process-21[17308] | charge_discharge.cycle_executor | CH0 - Cycle 3 step 0 starting
2026-09-26 19:53:23 | INFO | Process-21[17308] | charge_discharge.cycle_executor | CH0 - Step settings: {'cycle_type': 'step', 'cycle_display': 'Discharge', 'drive_style': 'current_a', 'drive_value': -10.0, 'drive_value_other': 0.0, 'end_style': 'time_s', 'end_condition': 'greater', 'end_value': 0.05, 'meas_log_int_s': 0.01, 'safety_min_voltage_v': 2.0, 'safety_max_voltage_v': 4.3, 'safety_min_current_a': -10.0, 'safety_max_current_a': 10.0, 'safety_max_time_s': 2.0}
2026-09-26 19:53:23 | INFO | Process-21[17308] | charge_discharge.runner | Voltage measurement equipment chosen
2026-09-26 19:53:23 | INFO | Process-21[17308] | charge_discharge.runner | Current measurement equipment chosen
2026-09-26 19:53:23 | INFO | Process-21[17308] | charge_discharge.runner | Current-driven step setup
2026-09-26 19:53:23 | INFO | Process-21[17308] | charge_discharge.runner | Start step successful
2026-09-26 19:53:23 | INFO | Process-21[17308] | charge_discharge.runner | End condition before measurement loop: none
2026-09-26 19:53:23 | INFO | Process-21[17308] | charge_discharge.cycle_executor | CH0 - Cycle 3 step 0 ending; reason: end_condition
2026-09-26 19:53:23 | INFO | Process-21[17308] | charge_discharge.cycle_executor | CH0 - Cycle 3 ending
2026-09-26 19:53:23 | INFO | Process-21[17308] | charge_discharge.cycle_executor | CH0 - All cycles completed
2026-09-26 19:53:26 | INFO | Process-23[11620] | equipment | Virtual device connected: Fake Test PSU
2026-09-26 19:53:27 | INFO | Process-24[42244] | equipment | Virtual device connected: Fake Test Eload
2026-09-26 19:53:29 | INFO | Process-25[45028] | equipment | Virtual device connected: Fake Test DMM
2026-09-26 19:53:30 | INFO | Process-26[35364] | equipment | Virtual device connected: Fake Test DMM
2026-09-26 19:53:31 | INFO | Process-27[39272] | equipment | Virtual device connected: Fake Test DMM
2026-09-26 19:53:34 | WARNING | Process-28[14948] | pint.util | Redefining 'ampere_hour' (<class 'pint.delegates.txt_defparser.plain.UnitDefinition'>)
2026-09-26 19:53:34 | WARNING | Process-28[14948] | pint.util | Redefining 'Ah' (<class 'pint.delegates.txt_defparser.plain.UnitDefinition'>)
2026-09-26 19:53:34 | WARNING | Process-28[14948] | pint.util | Redefining 'watt_hour' (<class 'pint.delegates.txt_defparser.plain.UnitDefinition'>)
2026-09-26 19:53:34 | WARNING | Process-28[14948] | pint.util | Redefining 'Wh' (<class 'pint.delegates.txt_defparser.plain.UnitDefinition'>)
2026-09-26 19:53:35 | INFO | Process-28[14948] | charge_discharge.cycle_executor | CH0 - Cycle 1 starting
2026-09-26 19:53:35 | INFO | Process-28[14948] | charge_discharge.cycle_executor | CH0 - Cycle settings: [{'cycle_type': 'step', 'drive_value_other': 4.2, 'end_style': 'time_s', 'end_condition': 'greater', 'end_value': 0.03, 'meas_log_int_s': 0.01, 'safety_min_voltage_v': 2.0, 'safety_max_voltage_v': 4.3, 'safety_min_current_a': -10.0, 'safety_max_current_a': 10.0, 'safety_max_time_s': 2.0, 'cycle_display': 'Charge', 'drive_style': 'current_a', 'drive_value': 1.0}, {'cycle_type': 'step', 'drive_value_other': 0.0, 'end_style': 'time_s', 'end_condition': 'greater', 'end_value': 0.03, 'meas_log_int_s': 0.01, 'safety_min_voltage_v': 2.0, 'safety_max_voltage_v': 4.3, 'safety_min_current_a': -10.0, 'safety_max_current_a': 10.0, 'safety_max_time_s': 2.0, 'cycle_display': 'Rest', 'drive_style': 'none', 'drive_value': 0.0}]
2026-09-26 19:53:35 | INFO | Process-28[14948] | charge_discharge.cycle_executor | CH0 - Cycle 1 step 0 starting
2026-09-26 19:53:35 | INFO | Process-28[14948] | charge_discharge.cycle_executor | CH0 - Step settings: {'cycle_type': 'step', 'drive_value_other': 4.2, 'end_style': 'time_s', 'end_condition': 'greater', 'end_value': 0.03, 'meas_log_int_s': 0.01, 'safety_min_voltage_v': 2.0, 'safety_max_voltage_v': 4.3, 'safety_min_current_a': -10.0, 'safety_max_current_a': 10.0, 'safety_max_time_s': 2.0, 'cycle_display': 'Charge', 'drive_style': 'current_a', 'drive_value': 1.0}
2026-09-26 19:53:35 | INFO | Process-28[14948] | charge_discharge.runner | Voltage measurement equipment chosen
2026-09-26 19:53:35 | INFO | Process-28[14948] | charge_discharge.runner | Current measurement equipment chosen
2026-09-26 19:53:35 | INFO | Process-28[14948] | charge_discharge.runner | Current-driven step setup
2026-09-26 19:53:35 | INFO | Process-28[14948] | charge_discharge.runner | Start step successful
2026-09-26 19:53:35 | INFO | Process-28[14948] | charge_discharge.runner | End condition before measurement loop: none
2026-09-26 19:53:35 | INFO | Process-28[14948] | charge_discharge.cycle_executor | CH0 - Cycle 1 step 0 ending; reason: end_condition
2026-09-26 19:53:35 | INFO | Process-28[14948] | charge_discharge.cycle_executor | CH0 - Cycle 1 step 1 starting
2026-09-26 19:53:35 | INFO | Process-28[14948] | charge_discharge.cycle_executor | CH0 - Step settings: {'cycle_type': 'step', 'drive_value_other': 0.0, 'end_style': 'time_s', 'end_condition': 'greater', 'end_value': 0.03, 'meas_log_int_s': 0.01, 'safety_min_voltage_v': 2.0, 'safety_max_voltage_v': 4.3, 'safety_min_current_a': -10.0, 'safety_max_current_a': 10.0, 'safety_max_time_s': 2.0, 'cycle_display': 'Rest', 'drive_style': 'none', 'drive_value': 0.0}
2026-09-26 19:53:35 | INFO | Process-28[14948] | charge_discharge.runner | Voltage measurement equipment chosen
2026-09-26 19:53:35 | INFO | Process-28[14948] | charge_discharge.runner | Current measurement equipment chosen
2026-09-26 19:53:35 | INFO | Process-28[14948] | charge_discharge.runner | Non-driven (rest) step setup
2026-09-26 19:53:36 | INFO | Process-28[14948] | charge_discharge.runner | Start step successful
2026-09-26 19:53:36 | INFO | Process-28[14948] | charge_discharge.runner | End condition before measurement loop: none
2026-09-26 19:53:36 | INFO | Process-28[14948] | charge_discharge.cycle_executor | CH0 - Cycle 1 step 1 ending; reason: end_condition
2026-09-26 19:53:36 | INFO | Process-28[14948] | charge_discharge.cycle_executor | CH0 - Cycle 1 ending
2026-09-26 19:53:36 | INFO | Process-28[14948] | charge_discharge.cycle_executor | CH0 - All cycles completed
2026-09-26 19:54:27 | INFO | Process-7[35380] | equipment | Virtual device connected: Fake Test PSU
2026-09-26 19:54:28 | INFO | Process-8[17212] | equipment | Virtual device connected: Fake Test Eload
2026-09-26 19:54:29 | INFO | Process-9[28760] | equipment | Virtual device connected: Fake Test DMM
2026-09-26 19:54:31 | INFO | Process-10[32960] | equipment | Virtual device connected: Fake Test DMM
2026-09-26 19:54:32 | INFO | Process-11[45600] | equipment | Virtual device connected: Fake Test DMM
2026-09-26 19:54:32 | ERROR | Process-10[32960] | equipment | Virtual device operation failed: measure_current
Traceback (most recent call last):
  File "D:\Documents\GitHub\Test_Equipment_Control\equipment.py", line 258, in virtual_device_management_process
    return_data = _dispatch_virtual_device_method(device, operation, args)
  File "D:\Documents\GitHub\Test_Equipment_Control\equipment.py", line 149, in _dispatch_virtual_device_method
    return method(*args)
  File "D:\Documents\GitHub\Test_Equipment_Control\lab_equipment\DMM_Fake.py", line 15, in measure_current
    return require_simulation_link(self.battery_link, "Fake DMM").measure_current()
           ~~~~~~~~~~~~~~~~~~~~~~~^^^^^^^^^^^^^^^^^^^^^^^^^^^^^^^
  File "D:\Documents\GitHub\Test_Equipment_Control\battery_app\simulation.py", line 25, in require_simulation_link
    raise FakeInstrumentNotAttachedError(
        f"{instrument_name} requires an attached SIMULATED_LG_MJ1 battery link"
    )
battery_app.simulation.FakeInstrumentNotAttachedError: Fake DMM requires an attached SIMULATED_LG_MJ1 battery link
2026-09-26 19:54:34 | INFO | Process-14[16940] | equipment | Virtual device connected: Fake Test PSU
2026-09-26 19:54:36 | INFO | Process-15[15056] | equipment | Virtual device connected: Fake Test Eload
2026-09-26 19:54:37 | INFO | Process-16[24684] | equipment | Virtual device connected: Fake Test DMM
2026-09-26 19:54:39 | INFO | Process-17[44048] | equipment | Virtual device connected: Fake Test DMM
2026-09-26 19:54:40 | INFO | Process-18[43764] | equipment | Virtual device connected: Fake Test DMM
2026-09-26 19:54:42 | WARNING | Process-19[24964] | pint.util | Redefining 'ampere_hour' (<class 'pint.delegates.txt_defparser.plain.UnitDefinition'>)
2026-09-26 19:54:42 | WARNING | Process-19[24964] | pint.util | Redefining 'Ah' (<class 'pint.delegates.txt_defparser.plain.UnitDefinition'>)
2026-09-26 19:54:42 | WARNING | Process-19[24964] | pint.util | Redefining 'watt_hour' (<class 'pint.delegates.txt_defparser.plain.UnitDefinition'>)
2026-09-26 19:54:42 | WARNING | Process-19[24964] | pint.util | Redefining 'Wh' (<class 'pint.delegates.txt_defparser.plain.UnitDefinition'>)
2026-09-26 19:54:44 | INFO | Process-19[24964] | charge_discharge.cycle_executor | CH0 - Cycle 1 starting
2026-09-26 19:54:44 | INFO | Process-19[24964] | charge_discharge.cycle_executor | CH0 - Cycle settings: [{'cycle_type': 'step', 'cycle_display': 'Discharge', 'drive_style': 'current_a', 'drive_value': -10.0, 'drive_value_other': 0.0, 'end_style': 'time_s', 'end_condition': 'greater', 'end_value': 0.05, 'meas_log_int_s': 0.01, 'safety_min_voltage_v': 2.0, 'safety_max_voltage_v': 4.3, 'safety_min_current_a': -10.0, 'safety_max_current_a': 10.0, 'safety_max_time_s': 2.0}]
2026-09-26 19:54:44 | INFO | Process-19[24964] | charge_discharge.cycle_executor | CH0 - Cycle 1 step 0 starting
2026-09-26 19:54:44 | INFO | Process-19[24964] | charge_discharge.cycle_executor | CH0 - Step settings: {'cycle_type': 'step', 'cycle_display': 'Discharge', 'drive_style': 'current_a', 'drive_value': -10.0, 'drive_value_other': 0.0, 'end_style': 'time_s', 'end_condition': 'greater', 'end_value': 0.05, 'meas_log_int_s': 0.01, 'safety_min_voltage_v': 2.0, 'safety_max_voltage_v': 4.3, 'safety_min_current_a': -10.0, 'safety_max_current_a': 10.0, 'safety_max_time_s': 2.0}
2026-09-26 19:54:44 | INFO | Process-19[24964] | charge_discharge.runner | Voltage measurement equipment chosen
2026-09-26 19:54:44 | INFO | Process-19[24964] | charge_discharge.runner | Current measurement equipment chosen
2026-09-26 19:54:44 | INFO | Process-19[24964] | charge_discharge.runner | Current-driven step setup
2026-09-26 19:54:44 | INFO | Process-19[24964] | charge_discharge.runner | Start step successful
2026-09-26 19:54:44 | INFO | Process-19[24964] | charge_discharge.runner | End condition before measurement loop: none
2026-09-26 19:54:44 | INFO | Process-19[24964] | charge_discharge.cycle_executor | CH0 - Cycle 1 step 0 ending; reason: end_condition
2026-09-26 19:54:44 | INFO | Process-19[24964] | charge_discharge.cycle_executor | CH0 - Cycle 1 ending
2026-09-26 19:54:44 | INFO | Process-19[24964] | charge_discharge.cycle_executor | CH0 - Cycle 2 starting
2026-09-26 19:54:44 | INFO | Process-19[24964] | charge_discharge.cycle_executor | CH0 - Cycle settings: [{'cycle_type': 'step', 'cycle_display': 'Discharge', 'drive_style': 'current_a', 'drive_value': -10.0, 'drive_value_other': 0.0, 'end_style': 'time_s', 'end_condition': 'greater', 'end_value': 0.05, 'meas_log_int_s': 0.01, 'safety_min_voltage_v': 2.0, 'safety_max_voltage_v': 4.3, 'safety_min_current_a': -10.0, 'safety_max_current_a': 10.0, 'safety_max_time_s': 2.0}]
2026-09-26 19:54:44 | INFO | Process-19[24964] | charge_discharge.cycle_executor | CH0 - Cycle 2 step 0 starting
2026-09-26 19:54:44 | INFO | Process-19[24964] | charge_discharge.cycle_executor | CH0 - Step settings: {'cycle_type': 'step', 'cycle_display': 'Discharge', 'drive_style': 'current_a', 'drive_value': -10.0, 'drive_value_other': 0.0, 'end_style': 'time_s', 'end_condition': 'greater', 'end_value': 0.05, 'meas_log_int_s': 0.01, 'safety_min_voltage_v': 2.0, 'safety_max_voltage_v': 4.3, 'safety_min_current_a': -10.0, 'safety_max_current_a': 10.0, 'safety_max_time_s': 2.0}
2026-09-26 19:54:44 | INFO | Process-19[24964] | charge_discharge.runner | Voltage measurement equipment chosen
2026-09-26 19:54:44 | INFO | Process-19[24964] | charge_discharge.runner | Current measurement equipment chosen
2026-09-26 19:54:44 | INFO | Process-19[24964] | charge_discharge.runner | Current-driven step setup
2026-09-26 19:54:44 | INFO | Process-19[24964] | charge_discharge.runner | Start step successful
2026-09-26 19:54:44 | INFO | Process-19[24964] | charge_discharge.runner | End condition before measurement loop: none
2026-09-26 19:54:44 | INFO | Process-19[24964] | charge_discharge.cycle_executor | CH0 - Cycle 2 step 0 ending; reason: end_condition
2026-09-26 19:54:44 | INFO | Process-19[24964] | charge_discharge.cycle_executor | CH0 - Cycle 2 ending
2026-09-26 19:54:44 | INFO | Process-19[24964] | charge_discharge.cycle_executor | CH0 - All cycles completed
2026-09-26 19:54:47 | INFO | Process-21[27176] | equipment | Virtual device connected: Fake Test PSU
2026-09-26 19:54:48 | INFO | Process-22[44452] | equipment | Virtual device connected: Fake Test Eload
2026-09-26 19:54:50 | INFO | Process-23[39084] | equipment | Virtual device connected: Fake Test DMM
2026-09-26 19:54:51 | INFO | Process-24[25512] | equipment | Virtual device connected: Fake Test DMM
2026-09-26 19:54:52 | INFO | Process-25[14628] | equipment | Virtual device connected: Fake Test DMM
2026-09-26 19:54:55 | WARNING | Process-26[25888] | pint.util | Redefining 'ampere_hour' (<class 'pint.delegates.txt_defparser.plain.UnitDefinition'>)
2026-09-26 19:54:55 | WARNING | Process-26[25888] | pint.util | Redefining 'Ah' (<class 'pint.delegates.txt_defparser.plain.UnitDefinition'>)
2026-09-26 19:54:55 | WARNING | Process-26[25888] | pint.util | Redefining 'watt_hour' (<class 'pint.delegates.txt_defparser.plain.UnitDefinition'>)
2026-09-26 19:54:55 | WARNING | Process-26[25888] | pint.util | Redefining 'Wh' (<class 'pint.delegates.txt_defparser.plain.UnitDefinition'>)
2026-09-26 19:54:56 | INFO | Process-26[25888] | charge_discharge.cycle_executor | CH0 - Cycle 3 starting
2026-09-26 19:54:56 | INFO | Process-26[25888] | charge_discharge.cycle_executor | CH0 - Cycle settings: [{'cycle_type': 'step', 'cycle_display': 'Discharge', 'drive_style': 'current_a', 'drive_value': -10.0, 'drive_value_other': 0.0, 'end_style': 'time_s', 'end_condition': 'greater', 'end_value': 0.05, 'meas_log_int_s': 0.01, 'safety_min_voltage_v': 2.0, 'safety_max_voltage_v': 4.3, 'safety_min_current_a': -10.0, 'safety_max_current_a': 10.0, 'safety_max_time_s': 2.0}]
2026-09-26 19:54:56 | INFO | Process-26[25888] | charge_discharge.cycle_executor | CH0 - Cycle 3 step 0 starting
2026-09-26 19:54:56 | INFO | Process-26[25888] | charge_discharge.cycle_executor | CH0 - Step settings: {'cycle_type': 'step', 'cycle_display': 'Discharge', 'drive_style': 'current_a', 'drive_value': -10.0, 'drive_value_other': 0.0, 'end_style': 'time_s', 'end_condition': 'greater', 'end_value': 0.05, 'meas_log_int_s': 0.01, 'safety_min_voltage_v': 2.0, 'safety_max_voltage_v': 4.3, 'safety_min_current_a': -10.0, 'safety_max_current_a': 10.0, 'safety_max_time_s': 2.0}
2026-09-26 19:54:56 | INFO | Process-26[25888] | charge_discharge.runner | Voltage measurement equipment chosen
2026-09-26 19:54:56 | INFO | Process-26[25888] | charge_discharge.runner | Current measurement equipment chosen
2026-09-26 19:54:56 | INFO | Process-26[25888] | charge_discharge.runner | Current-driven step setup
2026-09-26 19:54:57 | INFO | Process-26[25888] | charge_discharge.runner | Start step successful
2026-09-26 19:54:57 | INFO | Process-26[25888] | charge_discharge.runner | End condition before measurement loop: none
2026-09-26 19:54:57 | INFO | Process-26[25888] | charge_discharge.cycle_executor | CH0 - Cycle 3 step 0 ending; reason: end_condition
2026-09-26 19:54:57 | INFO | Process-26[25888] | charge_discharge.cycle_executor | CH0 - Cycle 3 ending
2026-09-26 19:54:57 | INFO | Process-26[25888] | charge_discharge.cycle_executor | CH0 - All cycles completed
2026-09-26 19:55:00 | INFO | Process-28[8944] | equipment | Virtual device connected: Fake Test PSU
2026-09-26 19:55:01 | INFO | Process-29[37628] | equipment | Virtual device connected: Fake Test Eload
2026-09-26 19:55:02 | INFO | Process-30[30616] | equipment | Virtual device connected: Fake Test DMM
2026-09-26 19:55:04 | INFO | Process-31[35956] | equipment | Virtual device connected: Fake Test DMM
2026-09-26 19:55:05 | INFO | Process-32[28368] | equipment | Virtual device connected: Fake Test DMM
2026-09-26 19:55:07 | WARNING | Process-33[30556] | pint.util | Redefining 'ampere_hour' (<class 'pint.delegates.txt_defparser.plain.UnitDefinition'>)
2026-09-26 19:55:07 | WARNING | Process-33[30556] | pint.util | Redefining 'Ah' (<class 'pint.delegates.txt_defparser.plain.UnitDefinition'>)
2026-09-26 19:55:07 | WARNING | Process-33[30556] | pint.util | Redefining 'watt_hour' (<class 'pint.delegates.txt_defparser.plain.UnitDefinition'>)
2026-09-26 19:55:07 | WARNING | Process-33[30556] | pint.util | Redefining 'Wh' (<class 'pint.delegates.txt_defparser.plain.UnitDefinition'>)
2026-09-26 19:55:09 | INFO | Process-33[30556] | charge_discharge.cycle_executor | CH0 - Cycle 1 starting
2026-09-26 19:55:09 | INFO | Process-33[30556] | charge_discharge.cycle_executor | CH0 - Cycle settings: [{'cycle_type': 'step', 'drive_value_other': 4.2, 'end_style': 'time_s', 'end_condition': 'greater', 'end_value': 0.03, 'meas_log_int_s': 0.01, 'safety_min_voltage_v': 2.0, 'safety_max_voltage_v': 4.3, 'safety_min_current_a': -10.0, 'safety_max_current_a': 10.0, 'safety_max_time_s': 2.0, 'cycle_display': 'Charge', 'drive_style': 'current_a', 'drive_value': 1.0}, {'cycle_type': 'step', 'drive_value_other': 0.0, 'end_style': 'time_s', 'end_condition': 'greater', 'end_value': 0.03, 'meas_log_int_s': 0.01, 'safety_min_voltage_v': 2.0, 'safety_max_voltage_v': 4.3, 'safety_min_current_a': -10.0, 'safety_max_current_a': 10.0, 'safety_max_time_s': 2.0, 'cycle_display': 'Rest', 'drive_style': 'none', 'drive_value': 0.0}]
2026-09-26 19:55:09 | INFO | Process-33[30556] | charge_discharge.cycle_executor | CH0 - Cycle 1 step 0 starting
2026-09-26 19:55:09 | INFO | Process-33[30556] | charge_discharge.cycle_executor | CH0 - Step settings: {'cycle_type': 'step', 'drive_value_other': 4.2, 'end_style': 'time_s', 'end_condition': 'greater', 'end_value': 0.03, 'meas_log_int_s': 0.01, 'safety_min_voltage_v': 2.0, 'safety_max_voltage_v': 4.3, 'safety_min_current_a': -10.0, 'safety_max_current_a': 10.0, 'safety_max_time_s': 2.0, 'cycle_display': 'Charge', 'drive_style': 'current_a', 'drive_value': 1.0}
2026-09-26 19:55:09 | INFO | Process-33[30556] | charge_discharge.runner | Voltage measurement equipment chosen
2026-09-26 19:55:09 | INFO | Process-33[30556] | charge_discharge.runner | Current measurement equipment chosen
2026-09-26 19:55:09 | INFO | Process-33[30556] | charge_discharge.runner | Current-driven step setup
2026-09-26 19:55:09 | INFO | Process-33[30556] | charge_discharge.runner | Start step successful
2026-09-26 19:55:09 | INFO | Process-33[30556] | charge_discharge.runner | End condition before measurement loop: none
2026-09-26 19:55:09 | INFO | Process-33[30556] | charge_discharge.cycle_executor | CH0 - Cycle 1 step 0 ending; reason: end_condition
2026-09-26 19:55:09 | INFO | Process-33[30556] | charge_discharge.cycle_executor | CH0 - Cycle 1 step 1 starting
2026-09-26 19:55:09 | INFO | Process-33[30556] | charge_discharge.cycle_executor | CH0 - Step settings: {'cycle_type': 'step', 'drive_value_other': 0.0, 'end_style': 'time_s', 'end_condition': 'greater', 'end_value': 0.03, 'meas_log_int_s': 0.01, 'safety_min_voltage_v': 2.0, 'safety_max_voltage_v': 4.3, 'safety_min_current_a': -10.0, 'safety_max_current_a': 10.0, 'safety_max_time_s': 2.0, 'cycle_display': 'Rest', 'drive_style': 'none', 'drive_value': 0.0}
2026-09-26 19:55:09 | INFO | Process-33[30556] | charge_discharge.runner | Voltage measurement equipment chosen
2026-09-26 19:55:09 | INFO | Process-33[30556] | charge_discharge.runner | Current measurement equipment chosen
2026-09-26 19:55:09 | INFO | Process-33[30556] | charge_discharge.runner | Non-driven (rest) step setup
2026-09-26 19:55:09 | INFO | Process-33[30556] | charge_discharge.runner | Start step successful
2026-09-26 19:55:09 | INFO | Process-33[30556] | charge_discharge.runner | End condition before measurement loop: none
2026-09-26 19:55:09 | INFO | Process-33[30556] | charge_discharge.cycle_executor | CH0 - Cycle 1 step 1 ending; reason: end_condition
2026-09-26 19:55:09 | INFO | Process-33[30556] | charge_discharge.cycle_executor | CH0 - Cycle 1 ending
2026-09-26 19:55:09 | INFO | Process-33[30556] | charge_discharge.cycle_executor | CH0 - All cycles completed
2026-09-26 19:55:12 | INFO | Process-35[40708] | equipment | Virtual device connected: Fake Test PSU
2026-09-26 19:55:13 | INFO | Process-36[41324] | equipment | Virtual device connected: Fake Test Eload
2026-09-26 19:55:15 | INFO | Process-37[25952] | equipment | Virtual device connected: Fake Test DMM
2026-09-26 19:55:16 | INFO | Process-38[9140] | equipment | Virtual device connected: Fake Test DMM
2026-09-26 19:55:17 | INFO | Process-39[15364] | equipment | Virtual device connected: Fake Test DMM
2026-09-26 19:55:20 | WARNING | Process-40[41412] | pint.util | Redefining 'ampere_hour' (<class 'pint.delegates.txt_defparser.plain.UnitDefinition'>)
2026-09-26 19:55:20 | WARNING | Process-40[41412] | pint.util | Redefining 'Ah' (<class 'pint.delegates.txt_defparser.plain.UnitDefinition'>)
2026-09-26 19:55:20 | WARNING | Process-40[41412] | pint.util | Redefining 'watt_hour' (<class 'pint.delegates.txt_defparser.plain.UnitDefinition'>)
2026-09-26 19:55:20 | WARNING | Process-40[41412] | pint.util | Redefining 'Wh' (<class 'pint.delegates.txt_defparser.plain.UnitDefinition'>)
2026-09-26 19:55:21 | INFO | Process-40[41412] | charge_discharge.cycle_executor | CH0 - Cycle 1 starting
2026-09-26 19:55:21 | INFO | Process-40[41412] | charge_discharge.cycle_executor | CH0 - Cycle settings: [{'cycle_type': 'step', 'cycle_display': 'Discharge', 'drive_style': 'current_a', 'drive_value': -1.0, 'drive_value_other': 0, 'end_style': 'voltage_v', 'end_condition': 'lesser', 'end_value': 4.19, 'meas_log_int_s': 1, 'safety_min_voltage_v': 2.45, 'safety_max_voltage_v': 4.25, 'safety_min_current_a': -10, 'safety_max_current_a': 10, 'safety_max_time_s': 2.0}]
2026-09-26 19:55:21 | INFO | Process-40[41412] | charge_discharge.cycle_executor | CH0 - Cycle 1 step 0 starting
2026-09-26 19:55:21 | INFO | Process-40[41412] | charge_discharge.cycle_executor | CH0 - Step settings: {'cycle_type': 'step', 'cycle_display': 'Discharge', 'drive_style': 'current_a', 'drive_value': -1.0, 'drive_value_other': 0, 'end_style': 'voltage_v', 'end_condition': 'lesser', 'end_value': 4.19, 'meas_log_int_s': 1, 'safety_min_voltage_v': 2.45, 'safety_max_voltage_v': 4.25, 'safety_min_current_a': -10, 'safety_max_current_a': 10, 'safety_max_time_s': 2.0}
2026-09-26 19:55:21 | INFO | Process-40[41412] | charge_discharge.runner | Voltage measurement equipment chosen
2026-09-26 19:55:21 | INFO | Process-40[41412] | charge_discharge.runner | Current measurement equipment chosen
2026-09-26 19:55:21 | INFO | Process-40[41412] | charge_discharge.runner | Current-driven step setup
2026-09-26 19:55:22 | INFO | Process-40[41412] | charge_discharge.runner | Start step successful
2026-09-26 19:55:22 | INFO | Process-40[41412] | charge_discharge.runner | End condition before measurement loop: end_condition
2026-09-26 19:55:22 | INFO | Process-40[41412] | charge_discharge.cycle_executor | CH0 - Cycle 1 step 0 ending; reason: end_condition
2026-09-26 19:55:22 | INFO | Process-40[41412] | charge_discharge.cycle_executor | CH0 - Cycle 1 ending
2026-09-26 19:55:22 | INFO | Process-40[41412] | charge_discharge.cycle_executor | CH0 - All cycles completed
2026-09-26 20:17:56 | INFO | Process-7[13772] | equipment | Virtual device connected: Fake Test PSU
2026-09-26 20:17:57 | INFO | Process-8[20092] | equipment | Virtual device connected: Fake Test Eload
2026-09-26 20:17:59 | INFO | Process-9[44232] | equipment | Virtual device connected: Fake Test DMM
2026-09-26 20:18:00 | INFO | Process-10[41764] | equipment | Virtual device connected: Fake Test DMM
2026-09-26 20:18:01 | INFO | Process-11[38132] | equipment | Virtual device connected: Fake Test DMM
2026-09-26 20:18:02 | ERROR | Process-10[41764] | equipment | Virtual device operation failed: measure_current
Traceback (most recent call last):
  File "D:\Documents\GitHub\Test_Equipment_Control\equipment.py", line 258, in virtual_device_management_process
    return_data = _dispatch_virtual_device_method(device, operation, args)
  File "D:\Documents\GitHub\Test_Equipment_Control\equipment.py", line 149, in _dispatch_virtual_device_method
    return method(*args)
  File "D:\Documents\GitHub\Test_Equipment_Control\lab_equipment\DMM_Fake.py", line 15, in measure_current
    return require_simulation_link(self.battery_link, "Fake DMM").measure_current()
           ~~~~~~~~~~~~~~~~~~~~~~~^^^^^^^^^^^^^^^^^^^^^^^^^^^^^^^
  File "D:\Documents\GitHub\Test_Equipment_Control\battery_app\simulation.py", line 25, in require_simulation_link
    raise FakeInstrumentNotAttachedError(
        f"{instrument_name} requires an attached SIMULATED_LG_MJ1 battery link"
    )
battery_app.simulation.FakeInstrumentNotAttachedError: Fake DMM requires an attached SIMULATED_LG_MJ1 battery link
2026-09-26 20:18:04 | INFO | Process-14[3808] | equipment | Virtual device connected: Fake Test PSU
2026-09-26 20:18:05 | INFO | Process-15[39164] | equipment | Virtual device connected: Fake Test Eload
2026-09-26 20:18:07 | INFO | Process-16[16888] | equipment | Virtual device connected: Fake Test DMM
2026-09-26 20:18:08 | INFO | Process-17[19648] | equipment | Virtual device connected: Fake Test DMM
2026-09-26 20:18:09 | INFO | Process-18[30108] | equipment | Virtual device connected: Fake Test DMM
2026-09-26 20:18:12 | WARNING | Process-19[8020] | pint.util | Redefining 'ampere_hour' (<class 'pint.delegates.txt_defparser.plain.UnitDefinition'>)
2026-09-26 20:18:12 | WARNING | Process-19[8020] | pint.util | Redefining 'Ah' (<class 'pint.delegates.txt_defparser.plain.UnitDefinition'>)
2026-09-26 20:18:12 | WARNING | Process-19[8020] | pint.util | Redefining 'watt_hour' (<class 'pint.delegates.txt_defparser.plain.UnitDefinition'>)
2026-09-26 20:18:12 | WARNING | Process-19[8020] | pint.util | Redefining 'Wh' (<class 'pint.delegates.txt_defparser.plain.UnitDefinition'>)
2026-09-26 20:18:13 | INFO | Process-19[8020] | charge_discharge.cycle_executor | CH0 - Cycle 1 starting
2026-09-26 20:18:13 | INFO | Process-19[8020] | charge_discharge.cycle_executor | CH0 - Cycle settings: [{'cycle_type': 'step', 'cycle_display': 'Discharge', 'drive_style': 'current_a', 'drive_value': -10.0, 'drive_value_other': 0.0, 'end_style': 'time_s', 'end_condition': 'greater', 'end_value': 0.05, 'meas_log_int_s': 0.01, 'safety_min_voltage_v': 2.0, 'safety_max_voltage_v': 4.3, 'safety_min_current_a': -10.0, 'safety_max_current_a': 10.0, 'safety_max_time_s': 2.0}]
2026-09-26 20:18:13 | INFO | Process-19[8020] | charge_discharge.cycle_executor | CH0 - Cycle 1 step 0 starting
2026-09-26 20:18:13 | INFO | Process-19[8020] | charge_discharge.cycle_executor | CH0 - Step settings: {'cycle_type': 'step', 'cycle_display': 'Discharge', 'drive_style': 'current_a', 'drive_value': -10.0, 'drive_value_other': 0.0, 'end_style': 'time_s', 'end_condition': 'greater', 'end_value': 0.05, 'meas_log_int_s': 0.01, 'safety_min_voltage_v': 2.0, 'safety_max_voltage_v': 4.3, 'safety_min_current_a': -10.0, 'safety_max_current_a': 10.0, 'safety_max_time_s': 2.0}
2026-09-26 20:18:13 | INFO | Process-19[8020] | charge_discharge.runner | Voltage measurement equipment chosen
2026-09-26 20:18:13 | INFO | Process-19[8020] | charge_discharge.runner | Current measurement equipment chosen
2026-09-26 20:18:13 | INFO | Process-19[8020] | charge_discharge.runner | Current-driven step setup
2026-09-26 20:18:13 | INFO | Process-19[8020] | charge_discharge.runner | Start step successful
2026-09-26 20:18:13 | INFO | Process-19[8020] | charge_discharge.runner | End condition before measurement loop: none
2026-09-26 20:18:13 | INFO | Process-19[8020] | charge_discharge.cycle_executor | CH0 - Cycle 1 step 0 ending; reason: end_condition
2026-09-26 20:18:13 | INFO | Process-19[8020] | charge_discharge.cycle_executor | CH0 - Cycle 1 ending
2026-09-26 20:18:13 | INFO | Process-19[8020] | charge_discharge.cycle_executor | CH0 - Cycle 2 starting
2026-09-26 20:18:13 | INFO | Process-19[8020] | charge_discharge.cycle_executor | CH0 - Cycle settings: [{'cycle_type': 'step', 'cycle_display': 'Discharge', 'drive_style': 'current_a', 'drive_value': -10.0, 'drive_value_other': 0.0, 'end_style': 'time_s', 'end_condition': 'greater', 'end_value': 0.05, 'meas_log_int_s': 0.01, 'safety_min_voltage_v': 2.0, 'safety_max_voltage_v': 4.3, 'safety_min_current_a': -10.0, 'safety_max_current_a': 10.0, 'safety_max_time_s': 2.0}]
2026-09-26 20:18:13 | INFO | Process-19[8020] | charge_discharge.cycle_executor | CH0 - Cycle 2 step 0 starting
2026-09-26 20:18:13 | INFO | Process-19[8020] | charge_discharge.cycle_executor | CH0 - Step settings: {'cycle_type': 'step', 'cycle_display': 'Discharge', 'drive_style': 'current_a', 'drive_value': -10.0, 'drive_value_other': 0.0, 'end_style': 'time_s', 'end_condition': 'greater', 'end_value': 0.05, 'meas_log_int_s': 0.01, 'safety_min_voltage_v': 2.0, 'safety_max_voltage_v': 4.3, 'safety_min_current_a': -10.0, 'safety_max_current_a': 10.0, 'safety_max_time_s': 2.0}
2026-09-26 20:18:13 | INFO | Process-19[8020] | charge_discharge.runner | Voltage measurement equipment chosen
2026-09-26 20:18:13 | INFO | Process-19[8020] | charge_discharge.runner | Current measurement equipment chosen
2026-09-26 20:18:13 | INFO | Process-19[8020] | charge_discharge.runner | Current-driven step setup
2026-09-26 20:18:14 | INFO | Process-19[8020] | charge_discharge.runner | Start step successful
2026-09-26 20:18:14 | INFO | Process-19[8020] | charge_discharge.runner | End condition before measurement loop: none
2026-09-26 20:18:14 | INFO | Process-19[8020] | charge_discharge.cycle_executor | CH0 - Cycle 2 step 0 ending; reason: end_condition
2026-09-26 20:18:14 | INFO | Process-19[8020] | charge_discharge.cycle_executor | CH0 - Cycle 2 ending
2026-09-26 20:18:14 | INFO | Process-19[8020] | charge_discharge.cycle_executor | CH0 - All cycles completed
2026-09-26 20:18:17 | INFO | Process-21[14280] | equipment | Virtual device connected: Fake Test PSU
2026-09-26 20:18:18 | INFO | Process-22[35180] | equipment | Virtual device connected: Fake Test Eload
2026-09-26 20:18:19 | INFO | Process-23[30852] | equipment | Virtual device connected: Fake Test DMM
2026-09-26 20:18:21 | INFO | Process-24[21116] | equipment | Virtual device connected: Fake Test DMM
2026-09-26 20:18:22 | INFO | Process-25[39520] | equipment | Virtual device connected: Fake Test DMM
2026-09-26 20:18:24 | WARNING | Process-26[2876] | pint.util | Redefining 'ampere_hour' (<class 'pint.delegates.txt_defparser.plain.UnitDefinition'>)
2026-09-26 20:18:24 | WARNING | Process-26[2876] | pint.util | Redefining 'Ah' (<class 'pint.delegates.txt_defparser.plain.UnitDefinition'>)
2026-09-26 20:18:24 | WARNING | Process-26[2876] | pint.util | Redefining 'watt_hour' (<class 'pint.delegates.txt_defparser.plain.UnitDefinition'>)
2026-09-26 20:18:24 | WARNING | Process-26[2876] | pint.util | Redefining 'Wh' (<class 'pint.delegates.txt_defparser.plain.UnitDefinition'>)
2026-09-26 20:18:26 | INFO | Process-26[2876] | charge_discharge.cycle_executor | CH0 - Cycle 3 starting
2026-09-26 20:18:26 | INFO | Process-26[2876] | charge_discharge.cycle_executor | CH0 - Cycle settings: [{'cycle_type': 'step', 'cycle_display': 'Discharge', 'drive_style': 'current_a', 'drive_value': -10.0, 'drive_value_other': 0.0, 'end_style': 'time_s', 'end_condition': 'greater', 'end_value': 0.05, 'meas_log_int_s': 0.01, 'safety_min_voltage_v': 2.0, 'safety_max_voltage_v': 4.3, 'safety_min_current_a': -10.0, 'safety_max_current_a': 10.0, 'safety_max_time_s': 2.0}]
2026-09-26 20:18:26 | INFO | Process-26[2876] | charge_discharge.cycle_executor | CH0 - Cycle 3 step 0 starting
2026-09-26 20:18:26 | INFO | Process-26[2876] | charge_discharge.cycle_executor | CH0 - Step settings: {'cycle_type': 'step', 'cycle_display': 'Discharge', 'drive_style': 'current_a', 'drive_value': -10.0, 'drive_value_other': 0.0, 'end_style': 'time_s', 'end_condition': 'greater', 'end_value': 0.05, 'meas_log_int_s': 0.01, 'safety_min_voltage_v': 2.0, 'safety_max_voltage_v': 4.3, 'safety_min_current_a': -10.0, 'safety_max_current_a': 10.0, 'safety_max_time_s': 2.0}
2026-09-26 20:18:26 | INFO | Process-26[2876] | charge_discharge.runner | Voltage measurement equipment chosen
2026-09-26 20:18:26 | INFO | Process-26[2876] | charge_discharge.runner | Current measurement equipment chosen
2026-09-26 20:18:26 | INFO | Process-26[2876] | charge_discharge.runner | Current-driven step setup
2026-09-26 20:18:26 | INFO | Process-26[2876] | charge_discharge.runner | Start step successful
2026-09-26 20:18:26 | INFO | Process-26[2876] | charge_discharge.runner | End condition before measurement loop: none
2026-09-26 20:18:26 | INFO | Process-26[2876] | charge_discharge.cycle_executor | CH0 - Cycle 3 step 0 ending; reason: end_condition
2026-09-26 20:18:26 | INFO | Process-26[2876] | charge_discharge.cycle_executor | CH0 - Cycle 3 ending
2026-09-26 20:18:27 | INFO | Process-26[2876] | charge_discharge.cycle_executor | CH0 - All cycles completed
2026-09-26 20:18:29 | INFO | Process-28[45408] | equipment | Virtual device connected: Fake Test PSU
2026-09-26 20:18:31 | INFO | Process-29[10500] | equipment | Virtual device connected: Fake Test Eload
2026-09-26 20:18:32 | INFO | Process-30[24456] | equipment | Virtual device connected: Fake Test DMM
2026-09-26 20:18:33 | INFO | Process-31[36208] | equipment | Virtual device connected: Fake Test DMM
2026-09-26 20:18:35 | INFO | Process-32[14588] | equipment | Virtual device connected: Fake Test DMM
2026-09-26 20:18:37 | WARNING | Process-33[24624] | pint.util | Redefining 'ampere_hour' (<class 'pint.delegates.txt_defparser.plain.UnitDefinition'>)
2026-09-26 20:18:37 | WARNING | Process-33[24624] | pint.util | Redefining 'Ah' (<class 'pint.delegates.txt_defparser.plain.UnitDefinition'>)
2026-09-26 20:18:37 | WARNING | Process-33[24624] | pint.util | Redefining 'watt_hour' (<class 'pint.delegates.txt_defparser.plain.UnitDefinition'>)
2026-09-26 20:18:37 | WARNING | Process-33[24624] | pint.util | Redefining 'Wh' (<class 'pint.delegates.txt_defparser.plain.UnitDefinition'>)
2026-09-26 20:18:39 | INFO | Process-33[24624] | charge_discharge.cycle_executor | CH0 - Cycle 1 starting
2026-09-26 20:18:39 | INFO | Process-33[24624] | charge_discharge.cycle_executor | CH0 - Cycle settings: [{'cycle_type': 'step', 'drive_value_other': 4.2, 'end_style': 'time_s', 'end_condition': 'greater', 'end_value': 0.03, 'meas_log_int_s': 0.01, 'safety_min_voltage_v': 2.0, 'safety_max_voltage_v': 4.3, 'safety_min_current_a': -10.0, 'safety_max_current_a': 10.0, 'safety_max_time_s': 2.0, 'cycle_display': 'Charge', 'drive_style': 'current_a', 'drive_value': 1.0}, {'cycle_type': 'step', 'drive_value_other': 0.0, 'end_style': 'time_s', 'end_condition': 'greater', 'end_value': 0.03, 'meas_log_int_s': 0.01, 'safety_min_voltage_v': 2.0, 'safety_max_voltage_v': 4.3, 'safety_min_current_a': -10.0, 'safety_max_current_a': 10.0, 'safety_max_time_s': 2.0, 'cycle_display': 'Rest', 'drive_style': 'none', 'drive_value': 0.0}]
2026-09-26 20:18:39 | INFO | Process-33[24624] | charge_discharge.cycle_executor | CH0 - Cycle 1 step 0 starting
2026-09-26 20:18:39 | INFO | Process-33[24624] | charge_discharge.cycle_executor | CH0 - Step settings: {'cycle_type': 'step', 'drive_value_other': 4.2, 'end_style': 'time_s', 'end_condition': 'greater', 'end_value': 0.03, 'meas_log_int_s': 0.01, 'safety_min_voltage_v': 2.0, 'safety_max_voltage_v': 4.3, 'safety_min_current_a': -10.0, 'safety_max_current_a': 10.0, 'safety_max_time_s': 2.0, 'cycle_display': 'Charge', 'drive_style': 'current_a', 'drive_value': 1.0}
2026-09-26 20:18:39 | INFO | Process-33[24624] | charge_discharge.runner | Voltage measurement equipment chosen
2026-09-26 20:18:39 | INFO | Process-33[24624] | charge_discharge.runner | Current measurement equipment chosen
2026-09-26 20:18:39 | INFO | Process-33[24624] | charge_discharge.runner | Current-driven step setup
2026-09-26 20:18:39 | INFO | Process-33[24624] | charge_discharge.runner | Start step successful
2026-09-26 20:18:39 | INFO | Process-33[24624] | charge_discharge.runner | End condition before measurement loop: none
2026-09-26 20:18:39 | INFO | Process-33[24624] | charge_discharge.cycle_executor | CH0 - Cycle 1 step 0 ending; reason: end_condition
2026-09-26 20:18:39 | INFO | Process-33[24624] | charge_discharge.cycle_executor | CH0 - Cycle 1 step 1 starting
2026-09-26 20:18:39 | INFO | Process-33[24624] | charge_discharge.cycle_executor | CH0 - Step settings: {'cycle_type': 'step', 'drive_value_other': 0.0, 'end_style': 'time_s', 'end_condition': 'greater', 'end_value': 0.03, 'meas_log_int_s': 0.01, 'safety_min_voltage_v': 2.0, 'safety_max_voltage_v': 4.3, 'safety_min_current_a': -10.0, 'safety_max_current_a': 10.0, 'safety_max_time_s': 2.0, 'cycle_display': 'Rest', 'drive_style': 'none', 'drive_value': 0.0}
2026-09-26 20:18:39 | INFO | Process-33[24624] | charge_discharge.runner | Voltage measurement equipment chosen
2026-09-26 20:18:39 | INFO | Process-33[24624] | charge_discharge.runner | Current measurement equipment chosen
2026-09-26 20:18:39 | INFO | Process-33[24624] | charge_discharge.runner | Non-driven (rest) step setup
2026-09-26 20:18:39 | INFO | Process-33[24624] | charge_discharge.runner | Start step successful
2026-09-26 20:18:39 | INFO | Process-33[24624] | charge_discharge.runner | End condition before measurement loop: none
2026-09-26 20:18:39 | INFO | Process-33[24624] | charge_discharge.cycle_executor | CH0 - Cycle 1 step 1 ending; reason: end_condition
2026-09-26 20:18:39 | INFO | Process-33[24624] | charge_discharge.cycle_executor | CH0 - Cycle 1 ending
2026-09-26 20:18:39 | INFO | Process-33[24624] | charge_discharge.cycle_executor | CH0 - All cycles completed
2026-09-26 20:18:43 | INFO | Process-35[18944] | equipment | Virtual device connected: Fake Test PSU
2026-09-26 20:18:46 | INFO | Process-36[29324] | equipment | Virtual device connected: Fake Test Eload
2026-09-26 20:18:48 | INFO | Process-37[43040] | equipment | Virtual device connected: Fake Test DMM
2026-09-26 20:18:51 | INFO | Process-38[42644] | equipment | Virtual device connected: Fake Test DMM
2026-09-26 20:18:54 | INFO | Process-39[8124] | equipment | Virtual device connected: Fake Test DMM
2026-09-26 20:18:59 | WARNING | Process-40[25348] | pint.util | Redefining 'ampere_hour' (<class 'pint.delegates.txt_defparser.plain.UnitDefinition'>)
2026-09-26 20:18:59 | WARNING | Process-40[25348] | pint.util | Redefining 'Ah' (<class 'pint.delegates.txt_defparser.plain.UnitDefinition'>)
2026-09-26 20:18:59 | WARNING | Process-40[25348] | pint.util | Redefining 'watt_hour' (<class 'pint.delegates.txt_defparser.plain.UnitDefinition'>)
2026-09-26 20:18:59 | WARNING | Process-40[25348] | pint.util | Redefining 'Wh' (<class 'pint.delegates.txt_defparser.plain.UnitDefinition'>)
2026-09-26 20:19:02 | INFO | Process-40[25348] | charge_discharge.cycle_executor | CH0 - Cycle 1 starting
2026-09-26 20:19:02 | INFO | Process-40[25348] | charge_discharge.cycle_executor | CH0 - Cycle settings: [{'cycle_type': 'step', 'cycle_display': 'Discharge', 'drive_style': 'current_a', 'drive_value': -1.0, 'drive_value_other': 0, 'end_style': 'voltage_v', 'end_condition': 'lesser', 'end_value': 4.19, 'meas_log_int_s': 1, 'safety_min_voltage_v': 2.45, 'safety_max_voltage_v': 4.25, 'safety_min_current_a': -10, 'safety_max_current_a': 10, 'safety_max_time_s': 2.0}]
2026-09-26 20:19:02 | INFO | Process-40[25348] | charge_discharge.cycle_executor | CH0 - Cycle 1 step 0 starting
2026-09-26 20:19:02 | INFO | Process-40[25348] | charge_discharge.cycle_executor | CH0 - Step settings: {'cycle_type': 'step', 'cycle_display': 'Discharge', 'drive_style': 'current_a', 'drive_value': -1.0, 'drive_value_other': 0, 'end_style': 'voltage_v', 'end_condition': 'lesser', 'end_value': 4.19, 'meas_log_int_s': 1, 'safety_min_voltage_v': 2.45, 'safety_max_voltage_v': 4.25, 'safety_min_current_a': -10, 'safety_max_current_a': 10, 'safety_max_time_s': 2.0}
2026-09-26 20:19:02 | INFO | Process-40[25348] | charge_discharge.runner | Voltage measurement equipment chosen
2026-09-26 20:19:02 | INFO | Process-40[25348] | charge_discharge.runner | Current measurement equipment chosen
2026-09-26 20:19:02 | INFO | Process-40[25348] | charge_discharge.runner | Current-driven step setup
2026-09-26 20:19:02 | INFO | Process-40[25348] | charge_discharge.runner | Start step successful
2026-09-26 20:19:02 | INFO | Process-40[25348] | charge_discharge.runner | End condition before measurement loop: end_condition
2026-09-26 20:19:02 | INFO | Process-40[25348] | charge_discharge.cycle_executor | CH0 - Cycle 1 step 0 ending; reason: end_condition
2026-09-26 20:19:02 | INFO | Process-40[25348] | charge_discharge.cycle_executor | CH0 - Cycle 1 ending
2026-09-26 20:19:02 | INFO | Process-40[25348] | charge_discharge.cycle_executor | CH0 - All cycles completed
2026-09-26 21:06:13 | INFO | Process-7[43556] | equipment | Virtual device connected: Fake Test PSU
2026-09-26 21:06:15 | INFO | Process-8[38504] | equipment | Virtual device connected: Fake Test Eload
2026-09-26 21:06:16 | INFO | Process-9[25780] | equipment | Virtual device connected: Fake Test DMM
2026-09-26 21:06:17 | INFO | Process-10[23284] | equipment | Virtual device connected: Fake Test DMM
2026-09-26 21:06:19 | INFO | Process-11[20076] | equipment | Virtual device connected: Fake Test DMM
2026-09-26 21:06:19 | ERROR | Process-10[23284] | equipment | Virtual device operation failed: measure_current
Traceback (most recent call last):
  File "D:\Documents\GitHub\Test_Equipment_Control\equipment.py", line 258, in virtual_device_management_process
    return_data = _dispatch_virtual_device_method(device, operation, args)
  File "D:\Documents\GitHub\Test_Equipment_Control\equipment.py", line 149, in _dispatch_virtual_device_method
    return method(*args)
  File "D:\Documents\GitHub\Test_Equipment_Control\lab_equipment\DMM_Fake.py", line 15, in measure_current
    return require_simulation_link(self.battery_link, "Fake DMM").measure_current()
           ~~~~~~~~~~~~~~~~~~~~~~~^^^^^^^^^^^^^^^^^^^^^^^^^^^^^^^
  File "D:\Documents\GitHub\Test_Equipment_Control\battery_app\simulation.py", line 25, in require_simulation_link
    raise FakeInstrumentNotAttachedError(
        f"{instrument_name} requires an attached SIMULATED_LG_MJ1 battery link"
    )
battery_app.simulation.FakeInstrumentNotAttachedError: Fake DMM requires an attached SIMULATED_LG_MJ1 battery link
2026-09-26 21:06:21 | INFO | Process-14[45932] | equipment | Virtual device connected: Fake Test PSU
2026-09-26 21:06:22 | INFO | Process-15[28792] | equipment | Virtual device connected: Fake Test Eload
2026-09-26 21:06:24 | INFO | Process-16[41312] | equipment | Virtual device connected: Fake Test DMM
2026-09-26 21:06:25 | INFO | Process-17[20032] | equipment | Virtual device connected: Fake Test DMM
2026-09-26 21:06:26 | INFO | Process-18[25892] | equipment | Virtual device connected: Fake Test DMM
2026-09-26 21:06:29 | WARNING | Process-19[13472] | pint.util | Redefining 'ampere_hour' (<class 'pint.delegates.txt_defparser.plain.UnitDefinition'>)
2026-09-26 21:06:29 | WARNING | Process-19[13472] | pint.util | Redefining 'Ah' (<class 'pint.delegates.txt_defparser.plain.UnitDefinition'>)
2026-09-26 21:06:29 | WARNING | Process-19[13472] | pint.util | Redefining 'watt_hour' (<class 'pint.delegates.txt_defparser.plain.UnitDefinition'>)
2026-09-26 21:06:29 | WARNING | Process-19[13472] | pint.util | Redefining 'Wh' (<class 'pint.delegates.txt_defparser.plain.UnitDefinition'>)
2026-09-26 21:06:30 | INFO | Process-19[13472] | charge_discharge.cycle_executor | CH0 - Cycle 1 starting
2026-09-26 21:06:30 | INFO | Process-19[13472] | charge_discharge.cycle_executor | CH0 - Cycle settings: [{'cycle_type': 'step', 'cycle_display': 'Discharge', 'drive_style': 'current_a', 'drive_value': -10.0, 'drive_value_other': 0.0, 'end_style': 'time_s', 'end_condition': 'greater', 'end_value': 0.05, 'meas_log_int_s': 0.01, 'safety_min_voltage_v': 2.0, 'safety_max_voltage_v': 4.3, 'safety_min_current_a': -10.0, 'safety_max_current_a': 10.0, 'safety_max_time_s': 2.0}]
2026-09-26 21:06:30 | INFO | Process-19[13472] | charge_discharge.cycle_executor | CH0 - Cycle 1 step 0 starting
2026-09-26 21:06:30 | INFO | Process-19[13472] | charge_discharge.cycle_executor | CH0 - Step settings: {'cycle_type': 'step', 'cycle_display': 'Discharge', 'drive_style': 'current_a', 'drive_value': -10.0, 'drive_value_other': 0.0, 'end_style': 'time_s', 'end_condition': 'greater', 'end_value': 0.05, 'meas_log_int_s': 0.01, 'safety_min_voltage_v': 2.0, 'safety_max_voltage_v': 4.3, 'safety_min_current_a': -10.0, 'safety_max_current_a': 10.0, 'safety_max_time_s': 2.0}
2026-09-26 21:06:30 | INFO | Process-19[13472] | charge_discharge.runner | Voltage measurement equipment chosen
2026-09-26 21:06:30 | INFO | Process-19[13472] | charge_discharge.runner | Current measurement equipment chosen
2026-09-26 21:06:30 | INFO | Process-19[13472] | charge_discharge.runner | Current-driven step setup
2026-09-26 21:06:31 | INFO | Process-19[13472] | charge_discharge.runner | Start step successful
2026-09-26 21:06:31 | INFO | Process-19[13472] | charge_discharge.runner | End condition before measurement loop: none
2026-09-26 21:06:31 | INFO | Process-19[13472] | charge_discharge.cycle_executor | CH0 - Cycle 1 step 0 ending; reason: end_condition
2026-09-26 21:06:31 | INFO | Process-19[13472] | charge_discharge.cycle_executor | CH0 - Cycle 1 ending
2026-09-26 21:06:31 | INFO | Process-19[13472] | charge_discharge.cycle_executor | CH0 - Cycle 2 starting
2026-09-26 21:06:31 | INFO | Process-19[13472] | charge_discharge.cycle_executor | CH0 - Cycle settings: [{'cycle_type': 'step', 'cycle_display': 'Discharge', 'drive_style': 'current_a', 'drive_value': -10.0, 'drive_value_other': 0.0, 'end_style': 'time_s', 'end_condition': 'greater', 'end_value': 0.05, 'meas_log_int_s': 0.01, 'safety_min_voltage_v': 2.0, 'safety_max_voltage_v': 4.3, 'safety_min_current_a': -10.0, 'safety_max_current_a': 10.0, 'safety_max_time_s': 2.0}]
2026-09-26 21:06:31 | INFO | Process-19[13472] | charge_discharge.cycle_executor | CH0 - Cycle 2 step 0 starting
2026-09-26 21:06:31 | INFO | Process-19[13472] | charge_discharge.cycle_executor | CH0 - Step settings: {'cycle_type': 'step', 'cycle_display': 'Discharge', 'drive_style': 'current_a', 'drive_value': -10.0, 'drive_value_other': 0.0, 'end_style': 'time_s', 'end_condition': 'greater', 'end_value': 0.05, 'meas_log_int_s': 0.01, 'safety_min_voltage_v': 2.0, 'safety_max_voltage_v': 4.3, 'safety_min_current_a': -10.0, 'safety_max_current_a': 10.0, 'safety_max_time_s': 2.0}
2026-09-26 21:06:31 | INFO | Process-19[13472] | charge_discharge.runner | Voltage measurement equipment chosen
2026-09-26 21:06:31 | INFO | Process-19[13472] | charge_discharge.runner | Current measurement equipment chosen
2026-09-26 21:06:31 | INFO | Process-19[13472] | charge_discharge.runner | Current-driven step setup
2026-09-26 21:06:31 | INFO | Process-19[13472] | charge_discharge.runner | Start step successful
2026-09-26 21:06:31 | INFO | Process-19[13472] | charge_discharge.runner | End condition before measurement loop: none
2026-09-26 21:06:31 | INFO | Process-19[13472] | charge_discharge.cycle_executor | CH0 - Cycle 2 step 0 ending; reason: end_condition
2026-09-26 21:06:31 | INFO | Process-19[13472] | charge_discharge.cycle_executor | CH0 - Cycle 2 ending
2026-09-26 21:06:31 | INFO | Process-19[13472] | charge_discharge.cycle_executor | CH0 - All cycles completed
2026-09-26 21:06:34 | INFO | Process-21[6560] | equipment | Virtual device connected: Fake Test PSU
2026-09-26 21:06:35 | INFO | Process-22[34672] | equipment | Virtual device connected: Fake Test Eload
2026-09-26 21:06:36 | INFO | Process-23[14864] | equipment | Virtual device connected: Fake Test DMM
2026-09-26 21:06:38 | INFO | Process-24[32536] | equipment | Virtual device connected: Fake Test DMM
2026-09-26 21:06:39 | INFO | Process-25[40888] | equipment | Virtual device connected: Fake Test DMM
2026-09-26 21:06:41 | WARNING | Process-26[37212] | pint.util | Redefining 'ampere_hour' (<class 'pint.delegates.txt_defparser.plain.UnitDefinition'>)
2026-09-26 21:06:41 | WARNING | Process-26[37212] | pint.util | Redefining 'Ah' (<class 'pint.delegates.txt_defparser.plain.UnitDefinition'>)
2026-09-26 21:06:41 | WARNING | Process-26[37212] | pint.util | Redefining 'watt_hour' (<class 'pint.delegates.txt_defparser.plain.UnitDefinition'>)
2026-09-26 21:06:41 | WARNING | Process-26[37212] | pint.util | Redefining 'Wh' (<class 'pint.delegates.txt_defparser.plain.UnitDefinition'>)
2026-09-26 21:06:43 | INFO | Process-26[37212] | charge_discharge.cycle_executor | CH0 - Cycle 3 starting
2026-09-26 21:06:43 | INFO | Process-26[37212] | charge_discharge.cycle_executor | CH0 - Cycle settings: [{'cycle_type': 'step', 'cycle_display': 'Discharge', 'drive_style': 'current_a', 'drive_value': -10.0, 'drive_value_other': 0.0, 'end_style': 'time_s', 'end_condition': 'greater', 'end_value': 0.05, 'meas_log_int_s': 0.01, 'safety_min_voltage_v': 2.0, 'safety_max_voltage_v': 4.3, 'safety_min_current_a': -10.0, 'safety_max_current_a': 10.0, 'safety_max_time_s': 2.0}]
2026-09-26 21:06:43 | INFO | Process-26[37212] | charge_discharge.cycle_executor | CH0 - Cycle 3 step 0 starting
2026-09-26 21:06:43 | INFO | Process-26[37212] | charge_discharge.cycle_executor | CH0 - Step settings: {'cycle_type': 'step', 'cycle_display': 'Discharge', 'drive_style': 'current_a', 'drive_value': -10.0, 'drive_value_other': 0.0, 'end_style': 'time_s', 'end_condition': 'greater', 'end_value': 0.05, 'meas_log_int_s': 0.01, 'safety_min_voltage_v': 2.0, 'safety_max_voltage_v': 4.3, 'safety_min_current_a': -10.0, 'safety_max_current_a': 10.0, 'safety_max_time_s': 2.0}
2026-09-26 21:06:43 | INFO | Process-26[37212] | charge_discharge.runner | Voltage measurement equipment chosen
2026-09-26 21:06:43 | INFO | Process-26[37212] | charge_discharge.runner | Current measurement equipment chosen
2026-09-26 21:06:43 | INFO | Process-26[37212] | charge_discharge.runner | Current-driven step setup
2026-09-26 21:06:43 | INFO | Process-26[37212] | charge_discharge.runner | Start step successful
2026-09-26 21:06:43 | INFO | Process-26[37212] | charge_discharge.runner | End condition before measurement loop: none
2026-09-26 21:06:43 | INFO | Process-26[37212] | charge_discharge.cycle_executor | CH0 - Cycle 3 step 0 ending; reason: end_condition
2026-09-26 21:06:43 | INFO | Process-26[37212] | charge_discharge.cycle_executor | CH0 - Cycle 3 ending
2026-09-26 21:06:43 | INFO | Process-26[37212] | charge_discharge.cycle_executor | CH0 - All cycles completed
2026-09-26 21:06:46 | INFO | Process-28[20084] | equipment | Virtual device connected: Fake Test PSU
2026-09-26 21:06:47 | INFO | Process-29[20140] | equipment | Virtual device connected: Fake Test Eload
2026-09-26 21:06:48 | INFO | Process-30[36280] | equipment | Virtual device connected: Fake Test DMM
2026-09-26 21:06:50 | INFO | Process-31[5944] | equipment | Virtual device connected: Fake Test DMM
2026-09-26 21:06:51 | INFO | Process-32[17712] | equipment | Virtual device connected: Fake Test DMM
2026-09-26 21:06:53 | WARNING | Process-33[39200] | pint.util | Redefining 'ampere_hour' (<class 'pint.delegates.txt_defparser.plain.UnitDefinition'>)
2026-09-26 21:06:53 | WARNING | Process-33[39200] | pint.util | Redefining 'Ah' (<class 'pint.delegates.txt_defparser.plain.UnitDefinition'>)
2026-09-26 21:06:53 | WARNING | Process-33[39200] | pint.util | Redefining 'watt_hour' (<class 'pint.delegates.txt_defparser.plain.UnitDefinition'>)
2026-09-26 21:06:53 | WARNING | Process-33[39200] | pint.util | Redefining 'Wh' (<class 'pint.delegates.txt_defparser.plain.UnitDefinition'>)
2026-09-26 21:06:55 | INFO | Process-33[39200] | charge_discharge.cycle_executor | CH0 - Cycle 1 starting
2026-09-26 21:06:55 | INFO | Process-33[39200] | charge_discharge.cycle_executor | CH0 - Cycle settings: [{'cycle_type': 'step', 'drive_value_other': 4.2, 'end_style': 'time_s', 'end_condition': 'greater', 'end_value': 0.03, 'meas_log_int_s': 0.01, 'safety_min_voltage_v': 2.0, 'safety_max_voltage_v': 4.3, 'safety_min_current_a': -10.0, 'safety_max_current_a': 10.0, 'safety_max_time_s': 2.0, 'cycle_display': 'Charge', 'drive_style': 'current_a', 'drive_value': 1.0}, {'cycle_type': 'step', 'drive_value_other': 0.0, 'end_style': 'time_s', 'end_condition': 'greater', 'end_value': 0.03, 'meas_log_int_s': 0.01, 'safety_min_voltage_v': 2.0, 'safety_max_voltage_v': 4.3, 'safety_min_current_a': -10.0, 'safety_max_current_a': 10.0, 'safety_max_time_s': 2.0, 'cycle_display': 'Rest', 'drive_style': 'none', 'drive_value': 0.0}]
2026-09-26 21:06:55 | INFO | Process-33[39200] | charge_discharge.cycle_executor | CH0 - Cycle 1 step 0 starting
2026-09-26 21:06:55 | INFO | Process-33[39200] | charge_discharge.cycle_executor | CH0 - Step settings: {'cycle_type': 'step', 'drive_value_other': 4.2, 'end_style': 'time_s', 'end_condition': 'greater', 'end_value': 0.03, 'meas_log_int_s': 0.01, 'safety_min_voltage_v': 2.0, 'safety_max_voltage_v': 4.3, 'safety_min_current_a': -10.0, 'safety_max_current_a': 10.0, 'safety_max_time_s': 2.0, 'cycle_display': 'Charge', 'drive_style': 'current_a', 'drive_value': 1.0}
2026-09-26 21:06:55 | INFO | Process-33[39200] | charge_discharge.runner | Voltage measurement equipment chosen
2026-09-26 21:06:55 | INFO | Process-33[39200] | charge_discharge.runner | Current measurement equipment chosen
2026-09-26 21:06:55 | INFO | Process-33[39200] | charge_discharge.runner | Current-driven step setup
2026-09-26 21:06:55 | INFO | Process-33[39200] | charge_discharge.runner | Start step successful
2026-09-26 21:06:55 | INFO | Process-33[39200] | charge_discharge.runner | End condition before measurement loop: none
2026-09-26 21:06:55 | INFO | Process-33[39200] | charge_discharge.cycle_executor | CH0 - Cycle 1 step 0 ending; reason: end_condition
2026-09-26 21:06:55 | INFO | Process-33[39200] | charge_discharge.cycle_executor | CH0 - Cycle 1 step 1 starting
2026-09-26 21:06:55 | INFO | Process-33[39200] | charge_discharge.cycle_executor | CH0 - Step settings: {'cycle_type': 'step', 'drive_value_other': 0.0, 'end_style': 'time_s', 'end_condition': 'greater', 'end_value': 0.03, 'meas_log_int_s': 0.01, 'safety_min_voltage_v': 2.0, 'safety_max_voltage_v': 4.3, 'safety_min_current_a': -10.0, 'safety_max_current_a': 10.0, 'safety_max_time_s': 2.0, 'cycle_display': 'Rest', 'drive_style': 'none', 'drive_value': 0.0}
2026-09-26 21:06:55 | INFO | Process-33[39200] | charge_discharge.runner | Voltage measurement equipment chosen
2026-09-26 21:06:55 | INFO | Process-33[39200] | charge_discharge.runner | Current measurement equipment chosen
2026-09-26 21:06:55 | INFO | Process-33[39200] | charge_discharge.runner | Non-driven (rest) step setup
2026-09-26 21:06:55 | INFO | Process-33[39200] | charge_discharge.runner | Start step successful
2026-09-26 21:06:55 | INFO | Process-33[39200] | charge_discharge.runner | End condition before measurement loop: none
2026-09-26 21:06:55 | INFO | Process-33[39200] | charge_discharge.cycle_executor | CH0 - Cycle 1 step 1 ending; reason: end_condition
2026-09-26 21:06:55 | INFO | Process-33[39200] | charge_discharge.cycle_executor | CH0 - Cycle 1 ending
2026-09-26 21:06:56 | INFO | Process-33[39200] | charge_discharge.cycle_executor | CH0 - All cycles completed
2026-09-26 21:06:58 | INFO | Process-35[40748] | equipment | Virtual device connected: Fake Test PSU
2026-09-26 21:07:00 | INFO | Process-36[11888] | equipment | Virtual device connected: Fake Test Eload
2026-09-26 21:07:01 | INFO | Process-37[24196] | equipment | Virtual device connected: Fake Test DMM
2026-09-26 21:07:02 | INFO | Process-38[17152] | equipment | Virtual device connected: Fake Test DMM
2026-09-26 21:07:04 | INFO | Process-39[23852] | equipment | Virtual device connected: Fake Test DMM
2026-09-26 21:07:06 | WARNING | Process-40[13448] | pint.util | Redefining 'ampere_hour' (<class 'pint.delegates.txt_defparser.plain.UnitDefinition'>)
2026-09-26 21:07:06 | WARNING | Process-40[13448] | pint.util | Redefining 'Ah' (<class 'pint.delegates.txt_defparser.plain.UnitDefinition'>)
2026-09-26 21:07:06 | WARNING | Process-40[13448] | pint.util | Redefining 'watt_hour' (<class 'pint.delegates.txt_defparser.plain.UnitDefinition'>)
2026-09-26 21:07:06 | WARNING | Process-40[13448] | pint.util | Redefining 'Wh' (<class 'pint.delegates.txt_defparser.plain.UnitDefinition'>)
2026-09-26 21:07:08 | INFO | Process-40[13448] | charge_discharge.cycle_executor | CH0 - Cycle 1 starting
2026-09-26 21:07:08 | INFO | Process-40[13448] | charge_discharge.cycle_executor | CH0 - Cycle settings: [{'cycle_type': 'step', 'cycle_display': 'Discharge', 'drive_style': 'current_a', 'drive_value': -1.0, 'drive_value_other': 0, 'end_style': 'voltage_v', 'end_condition': 'lesser', 'end_value': 4.19, 'meas_log_int_s': 1, 'safety_min_voltage_v': 2.45, 'safety_max_voltage_v': 4.25, 'safety_min_current_a': -10, 'safety_max_current_a': 10, 'safety_max_time_s': 2.0}]
2026-09-26 21:07:08 | INFO | Process-40[13448] | charge_discharge.cycle_executor | CH0 - Cycle 1 step 0 starting
2026-09-26 21:07:08 | INFO | Process-40[13448] | charge_discharge.cycle_executor | CH0 - Step settings: {'cycle_type': 'step', 'cycle_display': 'Discharge', 'drive_style': 'current_a', 'drive_value': -1.0, 'drive_value_other': 0, 'end_style': 'voltage_v', 'end_condition': 'lesser', 'end_value': 4.19, 'meas_log_int_s': 1, 'safety_min_voltage_v': 2.45, 'safety_max_voltage_v': 4.25, 'safety_min_current_a': -10, 'safety_max_current_a': 10, 'safety_max_time_s': 2.0}
2026-09-26 21:07:08 | INFO | Process-40[13448] | charge_discharge.runner | Voltage measurement equipment chosen
2026-09-26 21:07:08 | INFO | Process-40[13448] | charge_discharge.runner | Current measurement equipment chosen
2026-09-26 21:07:08 | INFO | Process-40[13448] | charge_discharge.runner | Current-driven step setup
2026-09-26 21:07:08 | INFO | Process-40[13448] | charge_discharge.runner | Start step successful
2026-09-26 21:07:08 | INFO | Process-40[13448] | charge_discharge.runner | End condition before measurement loop: end_condition
2026-09-26 21:07:08 | INFO | Process-40[13448] | charge_discharge.cycle_executor | CH0 - Cycle 1 step 0 ending; reason: end_condition
2026-09-26 21:07:08 | INFO | Process-40[13448] | charge_discharge.cycle_executor | CH0 - Cycle 1 ending
2026-09-26 21:07:08 | INFO | Process-40[13448] | charge_discharge.cycle_executor | CH0 - All cycles completed
2026-09-26 21:50:47 | INFO | Process-2[9944] | equipment | Virtual device connected: Fake Test PSU
2026-09-26 21:50:48 | INFO | Process-3[42164] | equipment | Virtual device connected: Fake Test Eload
2026-09-26 21:50:49 | INFO | Process-4[24532] | equipment | Virtual device connected: Fake Test DMM
2026-09-26 21:50:50 | INFO | Process-5[13640] | equipment | Virtual device connected: Fake Test DMM
2026-09-26 21:50:51 | INFO | Process-6[37972] | equipment | Virtual device connected: Fake Test DMM
2026-09-26 21:50:53 | WARNING | Process-7[39376] | pint.util | Redefining 'ampere_hour' (<class 'pint.delegates.txt_defparser.plain.UnitDefinition'>)
2026-09-26 21:50:53 | WARNING | Process-7[39376] | pint.util | Redefining 'Ah' (<class 'pint.delegates.txt_defparser.plain.UnitDefinition'>)
2026-09-26 21:50:53 | WARNING | Process-7[39376] | pint.util | Redefining 'watt_hour' (<class 'pint.delegates.txt_defparser.plain.UnitDefinition'>)
2026-09-26 21:50:53 | WARNING | Process-7[39376] | pint.util | Redefining 'Wh' (<class 'pint.delegates.txt_defparser.plain.UnitDefinition'>)
2026-09-26 21:50:55 | INFO | Process-7[39376] | charge_discharge.cycle_executor | CH0 - Cycle 1 starting
2026-09-26 21:50:55 | INFO | Process-7[39376] | charge_discharge.cycle_executor | CH0 - Cycle settings: [{'cycle_type': 'step', 'cycle_display': 'Discharge', 'drive_style': 'current_a', 'drive_value': -10.0, 'drive_value_other': 0.0, 'end_style': 'time_s', 'end_condition': 'greater', 'end_value': 0.05, 'meas_log_int_s': 0.01, 'safety_min_voltage_v': 2.0, 'safety_max_voltage_v': 4.3, 'safety_min_current_a': -10.0, 'safety_max_current_a': 10.0, 'safety_max_time_s': 2.0}]
2026-09-26 21:50:55 | INFO | Process-7[39376] | charge_discharge.cycle_executor | CH0 - Cycle 1 step 0 starting
2026-09-26 21:50:55 | INFO | Process-7[39376] | charge_discharge.cycle_executor | CH0 - Step settings: {'cycle_type': 'step', 'cycle_display': 'Discharge', 'drive_style': 'current_a', 'drive_value': -10.0, 'drive_value_other': 0.0, 'end_style': 'time_s', 'end_condition': 'greater', 'end_value': 0.05, 'meas_log_int_s': 0.01, 'safety_min_voltage_v': 2.0, 'safety_max_voltage_v': 4.3, 'safety_min_current_a': -10.0, 'safety_max_current_a': 10.0, 'safety_max_time_s': 2.0}
2026-09-26 21:50:55 | INFO | Process-7[39376] | charge_discharge.runner | Voltage measurement equipment chosen
2026-09-26 21:50:55 | INFO | Process-7[39376] | charge_discharge.runner | Current measurement equipment chosen
2026-09-26 21:50:55 | INFO | Process-7[39376] | charge_discharge.runner | Current-driven step setup
2026-09-26 21:50:55 | INFO | Process-7[39376] | charge_discharge.runner | Start step successful
2026-09-26 21:50:55 | INFO | Process-7[39376] | charge_discharge.runner | End condition before measurement loop: none
2026-09-26 21:50:55 | INFO | Process-7[39376] | charge_discharge.cycle_executor | CH0 - Cycle 1 step 0 ending; reason: end_condition
2026-09-26 21:50:55 | INFO | Process-7[39376] | charge_discharge.cycle_executor | CH0 - Cycle 1 ending
2026-09-26 21:50:55 | INFO | Process-7[39376] | charge_discharge.cycle_executor | CH0 - Cycle 2 starting
2026-09-26 21:50:55 | INFO | Process-7[39376] | charge_discharge.cycle_executor | CH0 - Cycle settings: [{'cycle_type': 'step', 'cycle_display': 'Discharge', 'drive_style': 'current_a', 'drive_value': -10.0, 'drive_value_other': 0.0, 'end_style': 'time_s', 'end_condition': 'greater', 'end_value': 0.05, 'meas_log_int_s': 0.01, 'safety_min_voltage_v': 2.0, 'safety_max_voltage_v': 4.3, 'safety_min_current_a': -10.0, 'safety_max_current_a': 10.0, 'safety_max_time_s': 2.0}]
2026-09-26 21:50:55 | INFO | Process-7[39376] | charge_discharge.cycle_executor | CH0 - Cycle 2 step 0 starting
2026-09-26 21:50:55 | INFO | Process-7[39376] | charge_discharge.cycle_executor | CH0 - Step settings: {'cycle_type': 'step', 'cycle_display': 'Discharge', 'drive_style': 'current_a', 'drive_value': -10.0, 'drive_value_other': 0.0, 'end_style': 'time_s', 'end_condition': 'greater', 'end_value': 0.05, 'meas_log_int_s': 0.01, 'safety_min_voltage_v': 2.0, 'safety_max_voltage_v': 4.3, 'safety_min_current_a': -10.0, 'safety_max_current_a': 10.0, 'safety_max_time_s': 2.0}
2026-09-26 21:50:55 | INFO | Process-7[39376] | charge_discharge.runner | Voltage measurement equipment chosen
2026-09-26 21:50:55 | INFO | Process-7[39376] | charge_discharge.runner | Current measurement equipment chosen
2026-09-26 21:50:55 | INFO | Process-7[39376] | charge_discharge.runner | Current-driven step setup
2026-09-26 21:50:55 | INFO | Process-7[39376] | charge_discharge.runner | Start step successful
2026-09-26 21:50:55 | INFO | Process-7[39376] | charge_discharge.runner | End condition before measurement loop: none
2026-09-26 21:50:55 | INFO | Process-7[39376] | charge_discharge.cycle_executor | CH0 - Cycle 2 step 0 ending; reason: end_condition
2026-09-26 21:50:55 | INFO | Process-7[39376] | charge_discharge.cycle_executor | CH0 - Cycle 2 ending
2026-09-26 21:50:56 | INFO | Process-7[39376] | charge_discharge.cycle_executor | CH0 - All cycles completed
2026-09-26 21:50:58 | INFO | Process-9[37132] | equipment | Virtual device connected: Fake Test PSU
2026-09-26 21:50:59 | INFO | Process-10[41512] | equipment | Virtual device connected: Fake Test Eload
2026-09-26 21:51:00 | INFO | Process-11[40492] | equipment | Virtual device connected: Fake Test DMM
2026-09-26 21:51:02 | INFO | Process-12[35816] | equipment | Virtual device connected: Fake Test DMM
2026-09-26 21:51:03 | INFO | Process-13[13808] | equipment | Virtual device connected: Fake Test DMM
2026-09-26 21:51:05 | WARNING | Process-14[43376] | pint.util | Redefining 'ampere_hour' (<class 'pint.delegates.txt_defparser.plain.UnitDefinition'>)
2026-09-26 21:51:05 | WARNING | Process-14[43376] | pint.util | Redefining 'Ah' (<class 'pint.delegates.txt_defparser.plain.UnitDefinition'>)
2026-09-26 21:51:05 | WARNING | Process-14[43376] | pint.util | Redefining 'watt_hour' (<class 'pint.delegates.txt_defparser.plain.UnitDefinition'>)
2026-09-26 21:51:05 | WARNING | Process-14[43376] | pint.util | Redefining 'Wh' (<class 'pint.delegates.txt_defparser.plain.UnitDefinition'>)
2026-09-26 21:51:07 | INFO | Process-14[43376] | charge_discharge.cycle_executor | CH0 - Cycle 3 starting
2026-09-26 21:51:07 | INFO | Process-14[43376] | charge_discharge.cycle_executor | CH0 - Cycle settings: [{'cycle_type': 'step', 'cycle_display': 'Discharge', 'drive_style': 'current_a', 'drive_value': -10.0, 'drive_value_other': 0.0, 'end_style': 'time_s', 'end_condition': 'greater', 'end_value': 0.05, 'meas_log_int_s': 0.01, 'safety_min_voltage_v': 2.0, 'safety_max_voltage_v': 4.3, 'safety_min_current_a': -10.0, 'safety_max_current_a': 10.0, 'safety_max_time_s': 2.0}]
2026-09-26 21:51:07 | INFO | Process-14[43376] | charge_discharge.cycle_executor | CH0 - Cycle 3 step 0 starting
2026-09-26 21:51:07 | INFO | Process-14[43376] | charge_discharge.cycle_executor | CH0 - Step settings: {'cycle_type': 'step', 'cycle_display': 'Discharge', 'drive_style': 'current_a', 'drive_value': -10.0, 'drive_value_other': 0.0, 'end_style': 'time_s', 'end_condition': 'greater', 'end_value': 0.05, 'meas_log_int_s': 0.01, 'safety_min_voltage_v': 2.0, 'safety_max_voltage_v': 4.3, 'safety_min_current_a': -10.0, 'safety_max_current_a': 10.0, 'safety_max_time_s': 2.0}
2026-09-26 21:51:07 | INFO | Process-14[43376] | charge_discharge.runner | Voltage measurement equipment chosen
2026-09-26 21:51:07 | INFO | Process-14[43376] | charge_discharge.runner | Current measurement equipment chosen
2026-09-26 21:51:07 | INFO | Process-14[43376] | charge_discharge.runner | Current-driven step setup
2026-09-26 21:51:07 | INFO | Process-14[43376] | charge_discharge.runner | Start step successful
2026-09-26 21:51:07 | INFO | Process-14[43376] | charge_discharge.runner | End condition before measurement loop: none
2026-09-26 21:51:07 | INFO | Process-14[43376] | charge_discharge.cycle_executor | CH0 - Cycle 3 step 0 ending; reason: end_condition
2026-09-26 21:51:07 | INFO | Process-14[43376] | charge_discharge.cycle_executor | CH0 - Cycle 3 ending
2026-09-26 21:51:07 | INFO | Process-14[43376] | charge_discharge.cycle_executor | CH0 - All cycles completed
2026-09-26 21:51:10 | INFO | Process-16[43488] | equipment | Virtual device connected: Fake Test PSU
2026-09-26 21:51:11 | INFO | Process-17[17952] | equipment | Virtual device connected: Fake Test Eload
2026-09-26 21:51:12 | INFO | Process-18[26928] | equipment | Virtual device connected: Fake Test DMM
2026-09-26 21:51:14 | INFO | Process-19[28652] | equipment | Virtual device connected: Fake Test DMM
2026-09-26 21:51:15 | INFO | Process-20[19276] | equipment | Virtual device connected: Fake Test DMM
2026-09-26 21:51:17 | WARNING | Process-21[18908] | pint.util | Redefining 'ampere_hour' (<class 'pint.delegates.txt_defparser.plain.UnitDefinition'>)
2026-09-26 21:51:17 | WARNING | Process-21[18908] | pint.util | Redefining 'Ah' (<class 'pint.delegates.txt_defparser.plain.UnitDefinition'>)
2026-09-26 21:51:17 | WARNING | Process-21[18908] | pint.util | Redefining 'watt_hour' (<class 'pint.delegates.txt_defparser.plain.UnitDefinition'>)
2026-09-26 21:51:17 | WARNING | Process-21[18908] | pint.util | Redefining 'Wh' (<class 'pint.delegates.txt_defparser.plain.UnitDefinition'>)
2026-09-26 21:51:19 | INFO | Process-21[18908] | charge_discharge.cycle_executor | CH0 - Cycle 1 starting
2026-09-26 21:51:19 | INFO | Process-21[18908] | charge_discharge.cycle_executor | CH0 - Cycle settings: [{'cycle_type': 'step', 'cycle_display': 'Discharge', 'drive_style': 'current_a', 'drive_value': -1.0, 'drive_value_other': 0, 'end_style': 'voltage_v', 'end_condition': 'lesser', 'end_value': 4.19, 'meas_log_int_s': 1, 'safety_min_voltage_v': 2.45, 'safety_max_voltage_v': 4.25, 'safety_min_current_a': -10, 'safety_max_current_a': 10, 'safety_max_time_s': 2.0}]
2026-09-26 21:51:19 | INFO | Process-21[18908] | charge_discharge.cycle_executor | CH0 - Cycle 1 step 0 starting
2026-09-26 21:51:19 | INFO | Process-21[18908] | charge_discharge.cycle_executor | CH0 - Step settings: {'cycle_type': 'step', 'cycle_display': 'Discharge', 'drive_style': 'current_a', 'drive_value': -1.0, 'drive_value_other': 0, 'end_style': 'voltage_v', 'end_condition': 'lesser', 'end_value': 4.19, 'meas_log_int_s': 1, 'safety_min_voltage_v': 2.45, 'safety_max_voltage_v': 4.25, 'safety_min_current_a': -10, 'safety_max_current_a': 10, 'safety_max_time_s': 2.0}
2026-09-26 21:51:19 | INFO | Process-21[18908] | charge_discharge.runner | Voltage measurement equipment chosen
2026-09-26 21:51:19 | INFO | Process-21[18908] | charge_discharge.runner | Current measurement equipment chosen
2026-09-26 21:51:19 | INFO | Process-21[18908] | charge_discharge.runner | Current-driven step setup
2026-09-26 21:51:19 | INFO | Process-21[18908] | charge_discharge.runner | Start step successful
2026-09-26 21:51:19 | INFO | Process-21[18908] | charge_discharge.runner | End condition before measurement loop: end_condition
2026-09-26 21:51:19 | INFO | Process-21[18908] | charge_discharge.cycle_executor | CH0 - Cycle 1 step 0 ending; reason: end_condition
2026-09-26 21:51:19 | INFO | Process-21[18908] | charge_discharge.cycle_executor | CH0 - Cycle 1 ending
2026-09-26 21:51:19 | INFO | Process-21[18908] | charge_discharge.cycle_executor | CH0 - All cycles completed
2026-09-26 22:23:23 | INFO | Process-2[26920] | equipment | Virtual device connected: SPD1000
2026-09-26 22:23:57 | INFO | Process-2[42424] | equipment | Virtual device connected: SPD1000
2026-09-26 22:23:59 | WARNING | Process-3[27980] | pint.util | Redefining 'ampere_hour' (<class 'pint.delegates.txt_defparser.plain.UnitDefinition'>)
2026-09-26 22:23:59 | WARNING | Process-3[27980] | pint.util | Redefining 'Ah' (<class 'pint.delegates.txt_defparser.plain.UnitDefinition'>)
2026-09-26 22:23:59 | WARNING | Process-3[27980] | pint.util | Redefining 'watt_hour' (<class 'pint.delegates.txt_defparser.plain.UnitDefinition'>)
2026-09-26 22:23:59 | WARNING | Process-3[27980] | pint.util | Redefining 'Wh' (<class 'pint.delegates.txt_defparser.plain.UnitDefinition'>)
2026-09-26 22:24:01 | INFO | Process-3[27980] | charge_discharge.cycle_executor | CH0 - Cycle 1 starting
2026-09-26 22:24:01 | INFO | Process-3[27980] | charge_discharge.cycle_executor | CH0 - Cycle settings: [{'cycle_type': 'step', 'cycle_display': 'CC charge 1 A for 30 s', 'drive_style': 'current_a', 'drive_value': 1.0, 'drive_value_other': 4.2, 'end_style': 'time_s', 'end_condition': 'greater', 'end_value': 30.0, 'meas_log_int_s': 1.0, 'safety_min_voltage_v': 2.8, 'safety_max_voltage_v': 4.2, 'safety_min_current_a': -10.0, 'safety_max_current_a': 8.0, 'safety_max_time_s': 40.0}]
2026-09-26 22:24:01 | INFO | Process-3[27980] | charge_discharge.cycle_executor | CH0 - Cycle 1 step 0 starting
2026-09-26 22:24:01 | INFO | Process-3[27980] | charge_discharge.cycle_executor | CH0 - Step settings: {'cycle_type': 'step', 'cycle_display': 'CC charge 1 A for 30 s', 'drive_style': 'current_a', 'drive_value': 1.0, 'drive_value_other': 4.2, 'end_style': 'time_s', 'end_condition': 'greater', 'end_value': 30.0, 'meas_log_int_s': 1.0, 'safety_min_voltage_v': 2.8, 'safety_max_voltage_v': 4.2, 'safety_min_current_a': -10.0, 'safety_max_current_a': 8.0, 'safety_max_time_s': 40.0}
2026-09-26 22:24:01 | INFO | Process-3[27980] | charge_discharge.runner | Voltage measurement equipment chosen
2026-09-26 22:24:01 | INFO | Process-3[27980] | charge_discharge.runner | Current measurement equipment chosen
2026-09-26 22:24:01 | INFO | Process-3[27980] | charge_discharge.runner | Current-driven step setup
2026-09-26 22:24:01 | INFO | Process-3[27980] | charge_discharge.runner | Start step successful
2026-09-26 22:24:02 | WARNING | Process-3[27980] | charge_discharge.runner | Safety limit reached: {'Voltage': 0.0, 'Current': 0.0, 'Step ID': 1, 'Data_Timestamp': 424265.0519661, 'Unix_Timestamp': 1790475841.9632225, 'Cycle Charging Capacity / Ah': 0.0, 'Cycle Discharging Capacity / Ah': 0.0, 'Cycle Charging Energy / Wh': 0.0, 'Cycle Discharging Energy / Wh': 0.0, 'Data_Timestamp_From_Step_Start': 0}
2026-09-26 22:24:02 | INFO | Process-3[27980] | charge_discharge.runner | End condition before measurement loop: safety_condition
2026-09-26 22:24:02 | INFO | Process-3[27980] | charge_discharge.cycle_executor | CH0 - Cycle 1 step 0 ending; reason: safety_condition
2026-09-26 22:24:02 | INFO | Process-3[27980] | charge_discharge.cycle_executor | CH0 - Ending all cycles
2026-09-26 22:24:02 | WARNING | Process-3[27980] | charge_discharge.cycle_executor | CH0 - Safety limit hit
2026-09-26 22:31:33 | INFO | Process-7[45764] | equipment | Virtual device connected: Fake Test PSU
2026-09-26 22:31:34 | INFO | Process-8[29628] | equipment | Virtual device connected: Fake Test Eload
2026-09-26 22:31:36 | INFO | Process-9[3032] | equipment | Virtual device connected: Fake Test DMM
2026-09-26 22:31:37 | INFO | Process-10[28532] | equipment | Virtual device connected: Fake Test DMM
2026-09-26 22:31:38 | INFO | Process-11[36348] | equipment | Virtual device connected: Fake Test DMM
2026-09-26 22:31:38 | ERROR | Process-10[28532] | equipment | Virtual device operation failed: measure_current
Traceback (most recent call last):
  File "D:\Documents\GitHub\Test_Equipment_Control\equipment.py", line 258, in virtual_device_management_process
    return_data = _dispatch_virtual_device_method(device, operation, args)
  File "D:\Documents\GitHub\Test_Equipment_Control\equipment.py", line 149, in _dispatch_virtual_device_method
    return method(*args)
  File "D:\Documents\GitHub\Test_Equipment_Control\lab_equipment\DMM_Fake.py", line 15, in measure_current
    return require_simulation_link(self.battery_link, "Fake DMM").measure_current()
           ~~~~~~~~~~~~~~~~~~~~~~~^^^^^^^^^^^^^^^^^^^^^^^^^^^^^^^
  File "D:\Documents\GitHub\Test_Equipment_Control\battery_app\simulation.py", line 25, in require_simulation_link
    raise FakeInstrumentNotAttachedError(
        f"{instrument_name} requires an attached SIMULATED_LG_MJ1 battery link"
    )
battery_app.simulation.FakeInstrumentNotAttachedError: Fake DMM requires an attached SIMULATED_LG_MJ1 battery link
2026-09-26 22:31:42 | INFO | Process-14[4976] | equipment | Virtual device connected: Fake Test PSU
2026-09-26 22:31:44 | INFO | Process-15[36352] | equipment | Virtual device connected: Fake Test Eload
2026-09-26 22:31:45 | INFO | Process-16[36092] | equipment | Virtual device connected: Fake Test DMM
2026-09-26 22:31:46 | INFO | Process-17[15156] | equipment | Virtual device connected: Fake Test DMM
2026-09-26 22:31:47 | INFO | Process-18[18212] | equipment | Virtual device connected: Fake Test DMM
2026-09-26 22:31:49 | WARNING | Process-19[29620] | pint.util | Redefining 'ampere_hour' (<class 'pint.delegates.txt_defparser.plain.UnitDefinition'>)
2026-09-26 22:31:49 | WARNING | Process-19[29620] | pint.util | Redefining 'Ah' (<class 'pint.delegates.txt_defparser.plain.UnitDefinition'>)
2026-09-26 22:31:49 | WARNING | Process-19[29620] | pint.util | Redefining 'watt_hour' (<class 'pint.delegates.txt_defparser.plain.UnitDefinition'>)
2026-09-26 22:31:49 | WARNING | Process-19[29620] | pint.util | Redefining 'Wh' (<class 'pint.delegates.txt_defparser.plain.UnitDefinition'>)
2026-09-26 22:31:51 | INFO | Process-19[29620] | charge_discharge.cycle_executor | CH0 - Cycle 1 starting
2026-09-26 22:31:51 | INFO | Process-19[29620] | charge_discharge.cycle_executor | CH0 - Cycle settings: [{'cycle_type': 'step', 'cycle_display': 'Discharge', 'drive_style': 'current_a', 'drive_value': -10.0, 'drive_value_other': 0.0, 'end_style': 'time_s', 'end_condition': 'greater', 'end_value': 0.05, 'meas_log_int_s': 0.01, 'safety_min_voltage_v': 2.0, 'safety_max_voltage_v': 4.3, 'safety_min_current_a': -10.0, 'safety_max_current_a': 10.0, 'safety_max_time_s': 2.0}]
2026-09-26 22:31:51 | INFO | Process-19[29620] | charge_discharge.cycle_executor | CH0 - Cycle 1 step 0 starting
2026-09-26 22:31:51 | INFO | Process-19[29620] | charge_discharge.cycle_executor | CH0 - Step settings: {'cycle_type': 'step', 'cycle_display': 'Discharge', 'drive_style': 'current_a', 'drive_value': -10.0, 'drive_value_other': 0.0, 'end_style': 'time_s', 'end_condition': 'greater', 'end_value': 0.05, 'meas_log_int_s': 0.01, 'safety_min_voltage_v': 2.0, 'safety_max_voltage_v': 4.3, 'safety_min_current_a': -10.0, 'safety_max_current_a': 10.0, 'safety_max_time_s': 2.0}
2026-09-26 22:31:51 | INFO | Process-19[29620] | charge_discharge.runner | Voltage measurement equipment chosen
2026-09-26 22:31:51 | INFO | Process-19[29620] | charge_discharge.runner | Current measurement equipment chosen
2026-09-26 22:31:51 | INFO | Process-19[29620] | charge_discharge.runner | Current-driven step setup
2026-09-26 22:31:51 | INFO | Process-19[29620] | charge_discharge.runner | Start step successful
2026-09-26 22:31:52 | INFO | Process-19[29620] | charge_discharge.runner | End condition before measurement loop: end_condition
2026-09-26 22:31:52 | INFO | Process-19[29620] | charge_discharge.cycle_executor | CH0 - Cycle 1 step 0 ending; reason: end_condition
2026-09-26 22:31:52 | INFO | Process-19[29620] | charge_discharge.cycle_executor | CH0 - Cycle 1 ending
2026-09-26 22:31:52 | INFO | Process-19[29620] | charge_discharge.cycle_executor | CH0 - Cycle 2 starting
2026-09-26 22:31:52 | INFO | Process-19[29620] | charge_discharge.cycle_executor | CH0 - Cycle settings: [{'cycle_type': 'step', 'cycle_display': 'Discharge', 'drive_style': 'current_a', 'drive_value': -10.0, 'drive_value_other': 0.0, 'end_style': 'time_s', 'end_condition': 'greater', 'end_value': 0.05, 'meas_log_int_s': 0.01, 'safety_min_voltage_v': 2.0, 'safety_max_voltage_v': 4.3, 'safety_min_current_a': -10.0, 'safety_max_current_a': 10.0, 'safety_max_time_s': 2.0}]
2026-09-26 22:31:52 | INFO | Process-19[29620] | charge_discharge.cycle_executor | CH0 - Cycle 2 step 0 starting
2026-09-26 22:31:52 | INFO | Process-19[29620] | charge_discharge.cycle_executor | CH0 - Step settings: {'cycle_type': 'step', 'cycle_display': 'Discharge', 'drive_style': 'current_a', 'drive_value': -10.0, 'drive_value_other': 0.0, 'end_style': 'time_s', 'end_condition': 'greater', 'end_value': 0.05, 'meas_log_int_s': 0.01, 'safety_min_voltage_v': 2.0, 'safety_max_voltage_v': 4.3, 'safety_min_current_a': -10.0, 'safety_max_current_a': 10.0, 'safety_max_time_s': 2.0}
2026-09-26 22:31:52 | INFO | Process-19[29620] | charge_discharge.runner | Voltage measurement equipment chosen
2026-09-26 22:31:52 | INFO | Process-19[29620] | charge_discharge.runner | Current measurement equipment chosen
2026-09-26 22:31:52 | INFO | Process-19[29620] | charge_discharge.runner | Current-driven step setup
2026-09-26 22:31:52 | INFO | Process-19[29620] | charge_discharge.runner | Start step successful
2026-09-26 22:31:53 | INFO | Process-19[29620] | charge_discharge.runner | End condition before measurement loop: end_condition
2026-09-26 22:31:53 | INFO | Process-19[29620] | charge_discharge.cycle_executor | CH0 - Cycle 2 step 0 ending; reason: end_condition
2026-09-26 22:31:53 | INFO | Process-19[29620] | charge_discharge.cycle_executor | CH0 - Cycle 2 ending
2026-09-26 22:31:53 | INFO | Process-19[29620] | charge_discharge.cycle_executor | CH0 - All cycles completed
2026-09-26 22:31:56 | INFO | Process-21[1628] | equipment | Virtual device connected: Fake Test PSU
2026-09-26 22:31:58 | INFO | Process-22[19664] | equipment | Virtual device connected: Fake Test Eload
2026-09-26 22:31:59 | INFO | Process-23[13000] | equipment | Virtual device connected: Fake Test DMM
2026-09-26 22:32:00 | INFO | Process-24[26320] | equipment | Virtual device connected: Fake Test DMM
2026-09-26 22:32:02 | INFO | Process-25[40928] | equipment | Virtual device connected: Fake Test DMM
2026-09-26 22:32:04 | WARNING | Process-26[21848] | pint.util | Redefining 'ampere_hour' (<class 'pint.delegates.txt_defparser.plain.UnitDefinition'>)
2026-09-26 22:32:04 | WARNING | Process-26[21848] | pint.util | Redefining 'Ah' (<class 'pint.delegates.txt_defparser.plain.UnitDefinition'>)
2026-09-26 22:32:04 | WARNING | Process-26[21848] | pint.util | Redefining 'watt_hour' (<class 'pint.delegates.txt_defparser.plain.UnitDefinition'>)
2026-09-26 22:32:04 | WARNING | Process-26[21848] | pint.util | Redefining 'Wh' (<class 'pint.delegates.txt_defparser.plain.UnitDefinition'>)
2026-09-26 22:32:05 | INFO | Process-26[21848] | charge_discharge.cycle_executor | CH0 - Cycle 1 starting
2026-09-26 22:32:05 | INFO | Process-26[21848] | charge_discharge.cycle_executor | CH0 - Cycle settings: [{'cycle_type': 'step', 'drive_value_other': 4.2, 'end_style': 'time_s', 'end_condition': 'greater', 'end_value': 0.03, 'meas_log_int_s': 0.01, 'safety_min_voltage_v': 2.0, 'safety_max_voltage_v': 4.3, 'safety_min_current_a': -10.0, 'safety_max_current_a': 10.0, 'safety_max_time_s': 2.0, 'cycle_display': 'Charge', 'drive_style': 'current_a', 'drive_value': 1.0}, {'cycle_type': 'step', 'drive_value_other': 0.0, 'end_style': 'time_s', 'end_condition': 'greater', 'end_value': 0.03, 'meas_log_int_s': 0.01, 'safety_min_voltage_v': 2.0, 'safety_max_voltage_v': 4.3, 'safety_min_current_a': -10.0, 'safety_max_current_a': 10.0, 'safety_max_time_s': 2.0, 'cycle_display': 'Rest', 'drive_style': 'none', 'drive_value': 0.0}]
2026-09-26 22:32:05 | INFO | Process-26[21848] | charge_discharge.cycle_executor | CH0 - Cycle 1 step 0 starting
2026-09-26 22:32:05 | INFO | Process-26[21848] | charge_discharge.cycle_executor | CH0 - Step settings: {'cycle_type': 'step', 'drive_value_other': 4.2, 'end_style': 'time_s', 'end_condition': 'greater', 'end_value': 0.03, 'meas_log_int_s': 0.01, 'safety_min_voltage_v': 2.0, 'safety_max_voltage_v': 4.3, 'safety_min_current_a': -10.0, 'safety_max_current_a': 10.0, 'safety_max_time_s': 2.0, 'cycle_display': 'Charge', 'drive_style': 'current_a', 'drive_value': 1.0}
2026-09-26 22:32:05 | INFO | Process-26[21848] | charge_discharge.runner | Voltage measurement equipment chosen
2026-09-26 22:32:05 | INFO | Process-26[21848] | charge_discharge.runner | Current measurement equipment chosen
2026-09-26 22:32:05 | INFO | Process-26[21848] | charge_discharge.runner | Current-driven step setup
2026-09-26 22:32:06 | INFO | Process-26[21848] | charge_discharge.runner | Start step successful
2026-09-26 22:32:07 | INFO | Process-26[21848] | charge_discharge.runner | End condition before measurement loop: end_condition
2026-09-26 22:32:07 | INFO | Process-26[21848] | charge_discharge.cycle_executor | CH0 - Cycle 1 step 0 ending; reason: end_condition
2026-09-26 22:32:07 | INFO | Process-26[21848] | charge_discharge.cycle_executor | CH0 - Cycle 1 step 1 starting
2026-09-26 22:32:07 | INFO | Process-26[21848] | charge_discharge.cycle_executor | CH0 - Step settings: {'cycle_type': 'step', 'drive_value_other': 0.0, 'end_style': 'time_s', 'end_condition': 'greater', 'end_value': 0.03, 'meas_log_int_s': 0.01, 'safety_min_voltage_v': 2.0, 'safety_max_voltage_v': 4.3, 'safety_min_current_a': -10.0, 'safety_max_current_a': 10.0, 'safety_max_time_s': 2.0, 'cycle_display': 'Rest', 'drive_style': 'none', 'drive_value': 0.0}
2026-09-26 22:32:07 | INFO | Process-26[21848] | charge_discharge.runner | Voltage measurement equipment chosen
2026-09-26 22:32:07 | INFO | Process-26[21848] | charge_discharge.runner | Current measurement equipment chosen
2026-09-26 22:32:07 | INFO | Process-26[21848] | charge_discharge.runner | Non-driven (rest) step setup
2026-09-26 22:32:07 | INFO | Process-26[21848] | charge_discharge.runner | Start step successful
2026-09-26 22:32:07 | INFO | Process-26[21848] | charge_discharge.runner | End condition before measurement loop: none
2026-09-26 22:32:07 | INFO | Process-26[21848] | charge_discharge.cycle_executor | CH0 - Cycle 1 step 1 ending; reason: end_condition
2026-09-26 22:32:07 | INFO | Process-26[21848] | charge_discharge.cycle_executor | CH0 - Cycle 1 ending
2026-09-26 22:32:07 | INFO | Process-26[21848] | charge_discharge.cycle_executor | CH0 - All cycles completed
2026-09-26 22:32:09 | INFO | Process-28[41484] | equipment | Virtual device connected: Fake Test PSU
2026-09-26 22:32:11 | INFO | Process-29[29020] | equipment | Virtual device connected: Fake Test Eload
2026-09-26 22:32:12 | INFO | Process-30[44500] | equipment | Virtual device connected: Fake Test DMM
2026-09-26 22:32:13 | INFO | Process-31[14932] | equipment | Virtual device connected: Fake Test DMM
2026-09-26 22:32:14 | INFO | Process-32[14860] | equipment | Virtual device connected: Fake Test DMM
2026-09-26 22:32:16 | WARNING | Process-33[19308] | pint.util | Redefining 'ampere_hour' (<class 'pint.delegates.txt_defparser.plain.UnitDefinition'>)
2026-09-26 22:32:16 | WARNING | Process-33[19308] | pint.util | Redefining 'Ah' (<class 'pint.delegates.txt_defparser.plain.UnitDefinition'>)
2026-09-26 22:32:16 | WARNING | Process-33[19308] | pint.util | Redefining 'watt_hour' (<class 'pint.delegates.txt_defparser.plain.UnitDefinition'>)
2026-09-26 22:32:16 | WARNING | Process-33[19308] | pint.util | Redefining 'Wh' (<class 'pint.delegates.txt_defparser.plain.UnitDefinition'>)
2026-09-26 22:32:18 | INFO | Process-33[19308] | charge_discharge.cycle_executor | CH0 - Cycle 1 starting
2026-09-26 22:32:18 | INFO | Process-33[19308] | charge_discharge.cycle_executor | CH0 - Cycle settings: [{'cycle_type': 'step', 'cycle_display': 'Discharge', 'drive_style': 'current_a', 'drive_value': -1.0, 'drive_value_other': 0, 'end_style': 'voltage_v', 'end_condition': 'lesser', 'end_value': 4.19, 'meas_log_int_s': 1, 'safety_min_voltage_v': 2.45, 'safety_max_voltage_v': 4.25, 'safety_min_current_a': -10, 'safety_max_current_a': 10, 'safety_max_time_s': 2.0}]
2026-09-26 22:32:18 | INFO | Process-33[19308] | charge_discharge.cycle_executor | CH0 - Cycle 1 step 0 starting
2026-09-26 22:32:18 | INFO | Process-33[19308] | charge_discharge.cycle_executor | CH0 - Step settings: {'cycle_type': 'step', 'cycle_display': 'Discharge', 'drive_style': 'current_a', 'drive_value': -1.0, 'drive_value_other': 0, 'end_style': 'voltage_v', 'end_condition': 'lesser', 'end_value': 4.19, 'meas_log_int_s': 1, 'safety_min_voltage_v': 2.45, 'safety_max_voltage_v': 4.25, 'safety_min_current_a': -10, 'safety_max_current_a': 10, 'safety_max_time_s': 2.0}
2026-09-26 22:32:18 | INFO | Process-33[19308] | charge_discharge.runner | Voltage measurement equipment chosen
2026-09-26 22:32:18 | INFO | Process-33[19308] | charge_discharge.runner | Current measurement equipment chosen
2026-09-26 22:32:18 | INFO | Process-33[19308] | charge_discharge.runner | Current-driven step setup
2026-09-26 22:32:18 | INFO | Process-33[19308] | charge_discharge.runner | Start step successful
2026-09-26 22:32:19 | INFO | Process-33[19308] | charge_discharge.runner | End condition before measurement loop: end_condition
2026-09-26 22:32:19 | INFO | Process-33[19308] | charge_discharge.cycle_executor | CH0 - Cycle 1 step 0 ending; reason: end_condition
2026-09-26 22:32:19 | INFO | Process-33[19308] | charge_discharge.cycle_executor | CH0 - Cycle 1 ending
2026-09-26 22:32:20 | INFO | Process-33[19308] | charge_discharge.cycle_executor | CH0 - All cycles completed
2026-09-26 22:33:36 | INFO | Process-7[47112] | equipment | Virtual device connected: Fake Test PSU
2026-09-26 22:33:37 | INFO | Process-8[30224] | equipment | Virtual device connected: Fake Test Eload
2026-09-26 22:33:38 | INFO | Process-9[19880] | equipment | Virtual device connected: Fake Test DMM
2026-09-26 22:33:40 | INFO | Process-10[43072] | equipment | Virtual device connected: Fake Test DMM
2026-09-26 22:33:41 | INFO | Process-11[37752] | equipment | Virtual device connected: Fake Test DMM
2026-09-26 22:33:41 | ERROR | Process-10[43072] | equipment | Virtual device operation failed: measure_current
Traceback (most recent call last):
  File "D:\Documents\GitHub\Test_Equipment_Control\equipment.py", line 258, in virtual_device_management_process
    return_data = _dispatch_virtual_device_method(device, operation, args)
  File "D:\Documents\GitHub\Test_Equipment_Control\equipment.py", line 149, in _dispatch_virtual_device_method
    return method(*args)
  File "D:\Documents\GitHub\Test_Equipment_Control\lab_equipment\DMM_Fake.py", line 15, in measure_current
    return require_simulation_link(self.battery_link, "Fake DMM").measure_current()
           ~~~~~~~~~~~~~~~~~~~~~~~^^^^^^^^^^^^^^^^^^^^^^^^^^^^^^^
  File "D:\Documents\GitHub\Test_Equipment_Control\battery_app\simulation.py", line 25, in require_simulation_link
    raise FakeInstrumentNotAttachedError(
        f"{instrument_name} requires an attached SIMULATED_LG_MJ1 battery link"
    )
battery_app.simulation.FakeInstrumentNotAttachedError: Fake DMM requires an attached SIMULATED_LG_MJ1 battery link
2026-09-26 22:33:43 | INFO | Process-14[31336] | equipment | Virtual device connected: Fake Test PSU
2026-09-26 22:33:44 | INFO | Process-15[46144] | equipment | Virtual device connected: Fake Test Eload
2026-09-26 22:33:45 | INFO | Process-16[36972] | equipment | Virtual device connected: Fake Test DMM
2026-09-26 22:33:46 | INFO | Process-17[25460] | equipment | Virtual device connected: Fake Test DMM
2026-09-26 22:33:47 | INFO | Process-18[47744] | equipment | Virtual device connected: Fake Test DMM
2026-09-26 22:33:49 | WARNING | Process-19[15232] | pint.util | Redefining 'ampere_hour' (<class 'pint.delegates.txt_defparser.plain.UnitDefinition'>)
2026-09-26 22:33:49 | WARNING | Process-19[15232] | pint.util | Redefining 'Ah' (<class 'pint.delegates.txt_defparser.plain.UnitDefinition'>)
2026-09-26 22:33:49 | WARNING | Process-19[15232] | pint.util | Redefining 'watt_hour' (<class 'pint.delegates.txt_defparser.plain.UnitDefinition'>)
2026-09-26 22:33:49 | WARNING | Process-19[15232] | pint.util | Redefining 'Wh' (<class 'pint.delegates.txt_defparser.plain.UnitDefinition'>)
2026-09-26 22:33:51 | INFO | Process-19[15232] | charge_discharge.cycle_executor | CH0 - Cycle 1 starting
2026-09-26 22:33:51 | INFO | Process-19[15232] | charge_discharge.cycle_executor | CH0 - Cycle settings: [{'cycle_type': 'step', 'cycle_display': 'Discharge', 'drive_style': 'current_a', 'drive_value': -10.0, 'drive_value_other': 0.0, 'end_style': 'time_s', 'end_condition': 'greater', 'end_value': 0.05, 'meas_log_int_s': 0.01, 'safety_min_voltage_v': 2.0, 'safety_max_voltage_v': 4.3, 'safety_min_current_a': -10.0, 'safety_max_current_a': 10.0, 'safety_max_time_s': 2.0}]
2026-09-26 22:33:51 | INFO | Process-19[15232] | charge_discharge.cycle_executor | CH0 - Cycle 1 step 0 starting
2026-09-26 22:33:51 | INFO | Process-19[15232] | charge_discharge.cycle_executor | CH0 - Step settings: {'cycle_type': 'step', 'cycle_display': 'Discharge', 'drive_style': 'current_a', 'drive_value': -10.0, 'drive_value_other': 0.0, 'end_style': 'time_s', 'end_condition': 'greater', 'end_value': 0.05, 'meas_log_int_s': 0.01, 'safety_min_voltage_v': 2.0, 'safety_max_voltage_v': 4.3, 'safety_min_current_a': -10.0, 'safety_max_current_a': 10.0, 'safety_max_time_s': 2.0}
2026-09-26 22:33:51 | INFO | Process-19[15232] | charge_discharge.runner | Voltage measurement equipment chosen
2026-09-26 22:33:51 | INFO | Process-19[15232] | charge_discharge.runner | Current measurement equipment chosen
2026-09-26 22:33:51 | INFO | Process-19[15232] | charge_discharge.runner | Current-driven step setup
2026-09-26 22:33:51 | INFO | Process-19[15232] | charge_discharge.runner | Start step successful
2026-09-26 22:33:51 | INFO | Process-19[15232] | charge_discharge.runner | End condition before measurement loop: none
2026-09-26 22:33:51 | INFO | Process-19[15232] | charge_discharge.cycle_executor | CH0 - Cycle 1 step 0 ending; reason: end_condition
2026-09-26 22:33:51 | INFO | Process-19[15232] | charge_discharge.cycle_executor | CH0 - Cycle 1 ending
2026-09-26 22:33:51 | INFO | Process-19[15232] | charge_discharge.cycle_executor | CH0 - Cycle 2 starting
2026-09-26 22:33:51 | INFO | Process-19[15232] | charge_discharge.cycle_executor | CH0 - Cycle settings: [{'cycle_type': 'step', 'cycle_display': 'Discharge', 'drive_style': 'current_a', 'drive_value': -10.0, 'drive_value_other': 0.0, 'end_style': 'time_s', 'end_condition': 'greater', 'end_value': 0.05, 'meas_log_int_s': 0.01, 'safety_min_voltage_v': 2.0, 'safety_max_voltage_v': 4.3, 'safety_min_current_a': -10.0, 'safety_max_current_a': 10.0, 'safety_max_time_s': 2.0}]
2026-09-26 22:33:51 | INFO | Process-19[15232] | charge_discharge.cycle_executor | CH0 - Cycle 2 step 0 starting
2026-09-26 22:33:51 | INFO | Process-19[15232] | charge_discharge.cycle_executor | CH0 - Step settings: {'cycle_type': 'step', 'cycle_display': 'Discharge', 'drive_style': 'current_a', 'drive_value': -10.0, 'drive_value_other': 0.0, 'end_style': 'time_s', 'end_condition': 'greater', 'end_value': 0.05, 'meas_log_int_s': 0.01, 'safety_min_voltage_v': 2.0, 'safety_max_voltage_v': 4.3, 'safety_min_current_a': -10.0, 'safety_max_current_a': 10.0, 'safety_max_time_s': 2.0}
2026-09-26 22:33:51 | INFO | Process-19[15232] | charge_discharge.runner | Voltage measurement equipment chosen
2026-09-26 22:33:51 | INFO | Process-19[15232] | charge_discharge.runner | Current measurement equipment chosen
2026-09-26 22:33:51 | INFO | Process-19[15232] | charge_discharge.runner | Current-driven step setup
2026-09-26 22:33:52 | INFO | Process-19[15232] | charge_discharge.runner | Start step successful
2026-09-26 22:33:52 | INFO | Process-19[15232] | charge_discharge.runner | End condition before measurement loop: none
2026-09-26 22:33:52 | INFO | Process-19[15232] | charge_discharge.cycle_executor | CH0 - Cycle 2 step 0 ending; reason: end_condition
2026-09-26 22:33:52 | INFO | Process-19[15232] | charge_discharge.cycle_executor | CH0 - Cycle 2 ending
2026-09-26 22:33:52 | INFO | Process-19[15232] | charge_discharge.cycle_executor | CH0 - All cycles completed
2026-09-26 22:33:54 | INFO | Process-21[23400] | equipment | Virtual device connected: Fake Test PSU
2026-09-26 22:33:55 | INFO | Process-22[29940] | equipment | Virtual device connected: Fake Test Eload
2026-09-26 22:33:56 | INFO | Process-23[45128] | equipment | Virtual device connected: Fake Test DMM
2026-09-26 22:33:58 | INFO | Process-24[3440] | equipment | Virtual device connected: Fake Test DMM
2026-09-26 22:33:59 | INFO | Process-25[46452] | equipment | Virtual device connected: Fake Test DMM
2026-09-26 22:34:01 | WARNING | Process-26[22652] | pint.util | Redefining 'ampere_hour' (<class 'pint.delegates.txt_defparser.plain.UnitDefinition'>)
2026-09-26 22:34:01 | WARNING | Process-26[22652] | pint.util | Redefining 'Ah' (<class 'pint.delegates.txt_defparser.plain.UnitDefinition'>)
2026-09-26 22:34:01 | WARNING | Process-26[22652] | pint.util | Redefining 'watt_hour' (<class 'pint.delegates.txt_defparser.plain.UnitDefinition'>)
2026-09-26 22:34:01 | WARNING | Process-26[22652] | pint.util | Redefining 'Wh' (<class 'pint.delegates.txt_defparser.plain.UnitDefinition'>)
2026-09-26 22:34:02 | INFO | Process-26[22652] | charge_discharge.cycle_executor | CH0 - Cycle 3 starting
2026-09-26 22:34:02 | INFO | Process-26[22652] | charge_discharge.cycle_executor | CH0 - Cycle settings: [{'cycle_type': 'step', 'cycle_display': 'Discharge', 'drive_style': 'current_a', 'drive_value': -10.0, 'drive_value_other': 0.0, 'end_style': 'time_s', 'end_condition': 'greater', 'end_value': 0.05, 'meas_log_int_s': 0.01, 'safety_min_voltage_v': 2.0, 'safety_max_voltage_v': 4.3, 'safety_min_current_a': -10.0, 'safety_max_current_a': 10.0, 'safety_max_time_s': 2.0}]
2026-09-26 22:34:02 | INFO | Process-26[22652] | charge_discharge.cycle_executor | CH0 - Cycle 3 step 0 starting
2026-09-26 22:34:02 | INFO | Process-26[22652] | charge_discharge.cycle_executor | CH0 - Step settings: {'cycle_type': 'step', 'cycle_display': 'Discharge', 'drive_style': 'current_a', 'drive_value': -10.0, 'drive_value_other': 0.0, 'end_style': 'time_s', 'end_condition': 'greater', 'end_value': 0.05, 'meas_log_int_s': 0.01, 'safety_min_voltage_v': 2.0, 'safety_max_voltage_v': 4.3, 'safety_min_current_a': -10.0, 'safety_max_current_a': 10.0, 'safety_max_time_s': 2.0}
2026-09-26 22:34:02 | INFO | Process-26[22652] | charge_discharge.runner | Voltage measurement equipment chosen
2026-09-26 22:34:02 | INFO | Process-26[22652] | charge_discharge.runner | Current measurement equipment chosen
2026-09-26 22:34:02 | INFO | Process-26[22652] | charge_discharge.runner | Current-driven step setup
2026-09-26 22:34:03 | INFO | Process-26[22652] | charge_discharge.runner | Start step successful
2026-09-26 22:34:03 | INFO | Process-26[22652] | charge_discharge.runner | End condition before measurement loop: none
2026-09-26 22:34:03 | INFO | Process-26[22652] | charge_discharge.cycle_executor | CH0 - Cycle 3 step 0 ending; reason: end_condition
2026-09-26 22:34:03 | INFO | Process-26[22652] | charge_discharge.cycle_executor | CH0 - Cycle 3 ending
2026-09-26 22:34:03 | INFO | Process-26[22652] | charge_discharge.cycle_executor | CH0 - All cycles completed
2026-09-26 22:34:05 | INFO | Process-28[32744] | equipment | Virtual device connected: Fake Test PSU
2026-09-26 22:34:06 | INFO | Process-29[37136] | equipment | Virtual device connected: Fake Test Eload
2026-09-26 22:34:07 | INFO | Process-30[44824] | equipment | Virtual device connected: Fake Test DMM
2026-09-26 22:34:08 | INFO | Process-31[36868] | equipment | Virtual device connected: Fake Test DMM
2026-09-26 22:34:10 | INFO | Process-32[736] | equipment | Virtual device connected: Fake Test DMM
2026-09-26 22:34:12 | WARNING | Process-33[39636] | pint.util | Redefining 'ampere_hour' (<class 'pint.delegates.txt_defparser.plain.UnitDefinition'>)
2026-09-26 22:34:12 | WARNING | Process-33[39636] | pint.util | Redefining 'Ah' (<class 'pint.delegates.txt_defparser.plain.UnitDefinition'>)
2026-09-26 22:34:12 | WARNING | Process-33[39636] | pint.util | Redefining 'watt_hour' (<class 'pint.delegates.txt_defparser.plain.UnitDefinition'>)
2026-09-26 22:34:12 | WARNING | Process-33[39636] | pint.util | Redefining 'Wh' (<class 'pint.delegates.txt_defparser.plain.UnitDefinition'>)
2026-09-26 22:34:13 | INFO | Process-33[39636] | charge_discharge.cycle_executor | CH0 - Cycle 1 starting
2026-09-26 22:34:13 | INFO | Process-33[39636] | charge_discharge.cycle_executor | CH0 - Cycle settings: [{'cycle_type': 'step', 'drive_value_other': 4.2, 'end_style': 'time_s', 'end_condition': 'greater', 'end_value': 0.03, 'meas_log_int_s': 0.01, 'safety_min_voltage_v': 2.0, 'safety_max_voltage_v': 4.3, 'safety_min_current_a': -10.0, 'safety_max_current_a': 10.0, 'safety_max_time_s': 2.0, 'cycle_display': 'Charge', 'drive_style': 'current_a', 'drive_value': 1.0}, {'cycle_type': 'step', 'drive_value_other': 0.0, 'end_style': 'time_s', 'end_condition': 'greater', 'end_value': 0.03, 'meas_log_int_s': 0.01, 'safety_min_voltage_v': 2.0, 'safety_max_voltage_v': 4.3, 'safety_min_current_a': -10.0, 'safety_max_current_a': 10.0, 'safety_max_time_s': 2.0, 'cycle_display': 'Rest', 'drive_style': 'none', 'drive_value': 0.0}]
2026-09-26 22:34:13 | INFO | Process-33[39636] | charge_discharge.cycle_executor | CH0 - Cycle 1 step 0 starting
2026-09-26 22:34:13 | INFO | Process-33[39636] | charge_discharge.cycle_executor | CH0 - Step settings: {'cycle_type': 'step', 'drive_value_other': 4.2, 'end_style': 'time_s', 'end_condition': 'greater', 'end_value': 0.03, 'meas_log_int_s': 0.01, 'safety_min_voltage_v': 2.0, 'safety_max_voltage_v': 4.3, 'safety_min_current_a': -10.0, 'safety_max_current_a': 10.0, 'safety_max_time_s': 2.0, 'cycle_display': 'Charge', 'drive_style': 'current_a', 'drive_value': 1.0}
2026-09-26 22:34:13 | INFO | Process-33[39636] | charge_discharge.runner | Voltage measurement equipment chosen
2026-09-26 22:34:13 | INFO | Process-33[39636] | charge_discharge.runner | Current measurement equipment chosen
2026-09-26 22:34:13 | INFO | Process-33[39636] | charge_discharge.runner | Current-driven step setup
2026-09-26 22:34:14 | INFO | Process-33[39636] | charge_discharge.runner | Start step successful
2026-09-26 22:34:14 | INFO | Process-33[39636] | charge_discharge.runner | End condition before measurement loop: none
2026-09-26 22:34:14 | INFO | Process-33[39636] | charge_discharge.cycle_executor | CH0 - Cycle 1 step 0 ending; reason: end_condition
2026-09-26 22:34:14 | INFO | Process-33[39636] | charge_discharge.cycle_executor | CH0 - Cycle 1 step 1 starting
2026-09-26 22:34:14 | INFO | Process-33[39636] | charge_discharge.cycle_executor | CH0 - Step settings: {'cycle_type': 'step', 'drive_value_other': 0.0, 'end_style': 'time_s', 'end_condition': 'greater', 'end_value': 0.03, 'meas_log_int_s': 0.01, 'safety_min_voltage_v': 2.0, 'safety_max_voltage_v': 4.3, 'safety_min_current_a': -10.0, 'safety_max_current_a': 10.0, 'safety_max_time_s': 2.0, 'cycle_display': 'Rest', 'drive_style': 'none', 'drive_value': 0.0}
2026-09-26 22:34:14 | INFO | Process-33[39636] | charge_discharge.runner | Voltage measurement equipment chosen
2026-09-26 22:34:14 | INFO | Process-33[39636] | charge_discharge.runner | Current measurement equipment chosen
2026-09-26 22:34:14 | INFO | Process-33[39636] | charge_discharge.runner | Non-driven (rest) step setup
2026-09-26 22:34:14 | INFO | Process-33[39636] | charge_discharge.runner | Start step successful
2026-09-26 22:34:14 | INFO | Process-33[39636] | charge_discharge.runner | End condition before measurement loop: none
2026-09-26 22:34:14 | INFO | Process-33[39636] | charge_discharge.cycle_executor | CH0 - Cycle 1 step 1 ending; reason: end_condition
2026-09-26 22:34:14 | INFO | Process-33[39636] | charge_discharge.cycle_executor | CH0 - Cycle 1 ending
2026-09-26 22:34:14 | INFO | Process-33[39636] | charge_discharge.cycle_executor | CH0 - All cycles completed
2026-09-26 22:34:18 | INFO | Process-35[33892] | equipment | Virtual device connected: Fake Test PSU
2026-09-26 22:34:19 | INFO | Process-36[23160] | equipment | Virtual device connected: Fake Test Eload
2026-09-26 22:34:20 | INFO | Process-37[39240] | equipment | Virtual device connected: Fake Test DMM
2026-09-26 22:34:21 | INFO | Process-38[19880] | equipment | Virtual device connected: Fake Test DMM
2026-09-26 22:34:22 | INFO | Process-39[4680] | equipment | Virtual device connected: Fake Test DMM
2026-09-26 22:34:25 | WARNING | Process-40[45572] | pint.util | Redefining 'ampere_hour' (<class 'pint.delegates.txt_defparser.plain.UnitDefinition'>)
2026-09-26 22:34:25 | WARNING | Process-40[45572] | pint.util | Redefining 'Ah' (<class 'pint.delegates.txt_defparser.plain.UnitDefinition'>)
2026-09-26 22:34:25 | WARNING | Process-40[45572] | pint.util | Redefining 'watt_hour' (<class 'pint.delegates.txt_defparser.plain.UnitDefinition'>)
2026-09-26 22:34:25 | WARNING | Process-40[45572] | pint.util | Redefining 'Wh' (<class 'pint.delegates.txt_defparser.plain.UnitDefinition'>)
2026-09-26 22:34:26 | INFO | Process-40[45572] | charge_discharge.cycle_executor | CH0 - Cycle 1 starting
2026-09-26 22:34:26 | INFO | Process-40[45572] | charge_discharge.cycle_executor | CH0 - Cycle settings: [{'cycle_type': 'step', 'cycle_display': 'Discharge', 'drive_style': 'current_a', 'drive_value': -1.0, 'drive_value_other': 0, 'end_style': 'voltage_v', 'end_condition': 'lesser', 'end_value': 4.19, 'meas_log_int_s': 1, 'safety_min_voltage_v': 2.45, 'safety_max_voltage_v': 4.25, 'safety_min_current_a': -10, 'safety_max_current_a': 10, 'safety_max_time_s': 2.0}]
2026-09-26 22:34:26 | INFO | Process-40[45572] | charge_discharge.cycle_executor | CH0 - Cycle 1 step 0 starting
2026-09-26 22:34:26 | INFO | Process-40[45572] | charge_discharge.cycle_executor | CH0 - Step settings: {'cycle_type': 'step', 'cycle_display': 'Discharge', 'drive_style': 'current_a', 'drive_value': -1.0, 'drive_value_other': 0, 'end_style': 'voltage_v', 'end_condition': 'lesser', 'end_value': 4.19, 'meas_log_int_s': 1, 'safety_min_voltage_v': 2.45, 'safety_max_voltage_v': 4.25, 'safety_min_current_a': -10, 'safety_max_current_a': 10, 'safety_max_time_s': 2.0}
2026-09-26 22:34:26 | INFO | Process-40[45572] | charge_discharge.runner | Voltage measurement equipment chosen
2026-09-26 22:34:26 | INFO | Process-40[45572] | charge_discharge.runner | Current measurement equipment chosen
2026-09-26 22:34:26 | INFO | Process-40[45572] | charge_discharge.runner | Current-driven step setup
2026-09-26 22:34:26 | INFO | Process-40[45572] | charge_discharge.runner | Start step successful
2026-09-26 22:34:27 | INFO | Process-40[45572] | charge_discharge.runner | End condition before measurement loop: end_condition
2026-09-26 22:34:27 | INFO | Process-40[45572] | charge_discharge.cycle_executor | CH0 - Cycle 1 step 0 ending; reason: end_condition
2026-09-26 22:34:27 | INFO | Process-40[45572] | charge_discharge.cycle_executor | CH0 - Cycle 1 ending
2026-09-26 22:34:28 | INFO | Process-40[45572] | charge_discharge.cycle_executor | CH0 - All cycles completed
2026-09-26 22:34:54 | INFO | Process-7[1828] | equipment | Virtual device connected: Fake Test PSU
2026-09-26 22:34:55 | INFO | Process-8[26000] | equipment | Virtual device connected: Fake Test Eload
2026-09-26 22:34:56 | INFO | Process-9[31684] | equipment | Virtual device connected: Fake Test DMM
2026-09-26 22:34:57 | INFO | Process-10[44848] | equipment | Virtual device connected: Fake Test DMM
2026-09-26 22:34:59 | INFO | Process-11[16352] | equipment | Virtual device connected: Fake Test DMM
2026-09-26 22:34:59 | ERROR | Process-10[44848] | equipment | Virtual device operation failed: measure_current
Traceback (most recent call last):
  File "D:\Documents\GitHub\Test_Equipment_Control\equipment.py", line 258, in virtual_device_management_process
    return_data = _dispatch_virtual_device_method(device, operation, args)
  File "D:\Documents\GitHub\Test_Equipment_Control\equipment.py", line 149, in _dispatch_virtual_device_method
    return method(*args)
  File "D:\Documents\GitHub\Test_Equipment_Control\lab_equipment\DMM_Fake.py", line 15, in measure_current
    return require_simulation_link(self.battery_link, "Fake DMM").measure_current()
           ~~~~~~~~~~~~~~~~~~~~~~~^^^^^^^^^^^^^^^^^^^^^^^^^^^^^^^
  File "D:\Documents\GitHub\Test_Equipment_Control\battery_app\simulation.py", line 25, in require_simulation_link
    raise FakeInstrumentNotAttachedError(
        f"{instrument_name} requires an attached SIMULATED_LG_MJ1 battery link"
    )
battery_app.simulation.FakeInstrumentNotAttachedError: Fake DMM requires an attached SIMULATED_LG_MJ1 battery link
2026-09-26 22:35:02 | INFO | Process-14[33304] | equipment | Virtual device connected: Fake Test PSU
2026-09-26 22:35:04 | INFO | Process-15[39240] | equipment | Virtual device connected: Fake Test Eload
2026-09-26 22:35:05 | INFO | Process-16[34712] | equipment | Virtual device connected: Fake Test DMM
2026-09-26 22:35:06 | INFO | Process-17[26712] | equipment | Virtual device connected: Fake Test DMM
2026-09-26 22:35:07 | INFO | Process-18[40116] | equipment | Virtual device connected: Fake Test DMM
2026-09-26 22:35:09 | WARNING | Process-19[26372] | pint.util | Redefining 'ampere_hour' (<class 'pint.delegates.txt_defparser.plain.UnitDefinition'>)
2026-09-26 22:35:09 | WARNING | Process-19[26372] | pint.util | Redefining 'Ah' (<class 'pint.delegates.txt_defparser.plain.UnitDefinition'>)
2026-09-26 22:35:09 | WARNING | Process-19[26372] | pint.util | Redefining 'watt_hour' (<class 'pint.delegates.txt_defparser.plain.UnitDefinition'>)
2026-09-26 22:35:09 | WARNING | Process-19[26372] | pint.util | Redefining 'Wh' (<class 'pint.delegates.txt_defparser.plain.UnitDefinition'>)
2026-09-26 22:35:11 | INFO | Process-19[26372] | charge_discharge.cycle_executor | CH0 - Cycle 1 starting
2026-09-26 22:35:11 | INFO | Process-19[26372] | charge_discharge.cycle_executor | CH0 - Cycle settings: [{'cycle_type': 'step', 'cycle_display': 'Discharge', 'drive_style': 'current_a', 'drive_value': -10.0, 'drive_value_other': 0.0, 'end_style': 'time_s', 'end_condition': 'greater', 'end_value': 0.05, 'meas_log_int_s': 0.01, 'safety_min_voltage_v': 2.0, 'safety_max_voltage_v': 4.3, 'safety_min_current_a': -10.0, 'safety_max_current_a': 10.0, 'safety_max_time_s': 2.0}]
2026-09-26 22:35:11 | INFO | Process-19[26372] | charge_discharge.cycle_executor | CH0 - Cycle 1 step 0 starting
2026-09-26 22:35:11 | INFO | Process-19[26372] | charge_discharge.cycle_executor | CH0 - Step settings: {'cycle_type': 'step', 'cycle_display': 'Discharge', 'drive_style': 'current_a', 'drive_value': -10.0, 'drive_value_other': 0.0, 'end_style': 'time_s', 'end_condition': 'greater', 'end_value': 0.05, 'meas_log_int_s': 0.01, 'safety_min_voltage_v': 2.0, 'safety_max_voltage_v': 4.3, 'safety_min_current_a': -10.0, 'safety_max_current_a': 10.0, 'safety_max_time_s': 2.0}
2026-09-26 22:35:11 | INFO | Process-19[26372] | charge_discharge.runner | Voltage measurement equipment chosen
2026-09-26 22:35:11 | INFO | Process-19[26372] | charge_discharge.runner | Current measurement equipment chosen
2026-09-26 22:35:11 | INFO | Process-19[26372] | charge_discharge.runner | Current-driven step setup
2026-09-26 22:35:11 | INFO | Process-19[26372] | charge_discharge.runner | Start step successful
2026-09-26 22:35:11 | INFO | Process-19[26372] | charge_discharge.runner | End condition before measurement loop: none
2026-09-26 22:35:11 | INFO | Process-19[26372] | charge_discharge.cycle_executor | CH0 - Cycle 1 step 0 ending; reason: end_condition
2026-09-26 22:35:11 | INFO | Process-19[26372] | charge_discharge.cycle_executor | CH0 - Cycle 1 ending
2026-09-26 22:35:11 | INFO | Process-19[26372] | charge_discharge.cycle_executor | CH0 - Cycle 2 starting
2026-09-26 22:35:11 | INFO | Process-19[26372] | charge_discharge.cycle_executor | CH0 - Cycle settings: [{'cycle_type': 'step', 'cycle_display': 'Discharge', 'drive_style': 'current_a', 'drive_value': -10.0, 'drive_value_other': 0.0, 'end_style': 'time_s', 'end_condition': 'greater', 'end_value': 0.05, 'meas_log_int_s': 0.01, 'safety_min_voltage_v': 2.0, 'safety_max_voltage_v': 4.3, 'safety_min_current_a': -10.0, 'safety_max_current_a': 10.0, 'safety_max_time_s': 2.0}]
2026-09-26 22:35:11 | INFO | Process-19[26372] | charge_discharge.cycle_executor | CH0 - Cycle 2 step 0 starting
2026-09-26 22:35:11 | INFO | Process-19[26372] | charge_discharge.cycle_executor | CH0 - Step settings: {'cycle_type': 'step', 'cycle_display': 'Discharge', 'drive_style': 'current_a', 'drive_value': -10.0, 'drive_value_other': 0.0, 'end_style': 'time_s', 'end_condition': 'greater', 'end_value': 0.05, 'meas_log_int_s': 0.01, 'safety_min_voltage_v': 2.0, 'safety_max_voltage_v': 4.3, 'safety_min_current_a': -10.0, 'safety_max_current_a': 10.0, 'safety_max_time_s': 2.0}
2026-09-26 22:35:11 | INFO | Process-19[26372] | charge_discharge.runner | Voltage measurement equipment chosen
2026-09-26 22:35:11 | INFO | Process-19[26372] | charge_discharge.runner | Current measurement equipment chosen
2026-09-26 22:35:11 | INFO | Process-19[26372] | charge_discharge.runner | Current-driven step setup
2026-09-26 22:35:11 | INFO | Process-19[26372] | charge_discharge.runner | Start step successful
2026-09-26 22:35:11 | INFO | Process-19[26372] | charge_discharge.runner | End condition before measurement loop: none
2026-09-26 22:35:11 | INFO | Process-19[26372] | charge_discharge.cycle_executor | CH0 - Cycle 2 step 0 ending; reason: end_condition
2026-09-26 22:35:11 | INFO | Process-19[26372] | charge_discharge.cycle_executor | CH0 - Cycle 2 ending
2026-09-26 22:35:11 | INFO | Process-19[26372] | charge_discharge.cycle_executor | CH0 - All cycles completed
2026-09-26 22:35:14 | INFO | Process-21[37768] | equipment | Virtual device connected: Fake Test PSU
2026-09-26 22:35:15 | INFO | Process-22[24464] | equipment | Virtual device connected: Fake Test Eload
2026-09-26 22:35:16 | INFO | Process-23[28540] | equipment | Virtual device connected: Fake Test DMM
2026-09-26 22:35:17 | INFO | Process-24[43992] | equipment | Virtual device connected: Fake Test DMM
2026-09-26 22:35:18 | INFO | Process-25[20624] | equipment | Virtual device connected: Fake Test DMM
2026-09-26 22:35:20 | WARNING | Process-26[30120] | pint.util | Redefining 'ampere_hour' (<class 'pint.delegates.txt_defparser.plain.UnitDefinition'>)
2026-09-26 22:35:20 | WARNING | Process-26[30120] | pint.util | Redefining 'Ah' (<class 'pint.delegates.txt_defparser.plain.UnitDefinition'>)
2026-09-26 22:35:20 | WARNING | Process-26[30120] | pint.util | Redefining 'watt_hour' (<class 'pint.delegates.txt_defparser.plain.UnitDefinition'>)
2026-09-26 22:35:20 | WARNING | Process-26[30120] | pint.util | Redefining 'Wh' (<class 'pint.delegates.txt_defparser.plain.UnitDefinition'>)
2026-09-26 22:35:22 | INFO | Process-26[30120] | charge_discharge.cycle_executor | CH0 - Cycle 3 starting
2026-09-26 22:35:22 | INFO | Process-26[30120] | charge_discharge.cycle_executor | CH0 - Cycle settings: [{'cycle_type': 'step', 'cycle_display': 'Discharge', 'drive_style': 'current_a', 'drive_value': -10.0, 'drive_value_other': 0.0, 'end_style': 'time_s', 'end_condition': 'greater', 'end_value': 0.05, 'meas_log_int_s': 0.01, 'safety_min_voltage_v': 2.0, 'safety_max_voltage_v': 4.3, 'safety_min_current_a': -10.0, 'safety_max_current_a': 10.0, 'safety_max_time_s': 2.0}]
2026-09-26 22:35:22 | INFO | Process-26[30120] | charge_discharge.cycle_executor | CH0 - Cycle 3 step 0 starting
2026-09-26 22:35:22 | INFO | Process-26[30120] | charge_discharge.cycle_executor | CH0 - Step settings: {'cycle_type': 'step', 'cycle_display': 'Discharge', 'drive_style': 'current_a', 'drive_value': -10.0, 'drive_value_other': 0.0, 'end_style': 'time_s', 'end_condition': 'greater', 'end_value': 0.05, 'meas_log_int_s': 0.01, 'safety_min_voltage_v': 2.0, 'safety_max_voltage_v': 4.3, 'safety_min_current_a': -10.0, 'safety_max_current_a': 10.0, 'safety_max_time_s': 2.0}
2026-09-26 22:35:22 | INFO | Process-26[30120] | charge_discharge.runner | Voltage measurement equipment chosen
2026-09-26 22:35:22 | INFO | Process-26[30120] | charge_discharge.runner | Current measurement equipment chosen
2026-09-26 22:35:22 | INFO | Process-26[30120] | charge_discharge.runner | Current-driven step setup
2026-09-26 22:35:22 | INFO | Process-26[30120] | charge_discharge.runner | Start step successful
2026-09-26 22:35:22 | INFO | Process-26[30120] | charge_discharge.runner | End condition before measurement loop: none
2026-09-26 22:35:22 | INFO | Process-26[30120] | charge_discharge.cycle_executor | CH0 - Cycle 3 step 0 ending; reason: end_condition
2026-09-26 22:35:22 | INFO | Process-26[30120] | charge_discharge.cycle_executor | CH0 - Cycle 3 ending
2026-09-26 22:35:22 | INFO | Process-26[30120] | charge_discharge.cycle_executor | CH0 - All cycles completed
2026-09-26 22:35:25 | INFO | Process-28[4196] | equipment | Virtual device connected: Fake Test PSU
2026-09-26 22:35:26 | INFO | Process-29[26472] | equipment | Virtual device connected: Fake Test Eload
2026-09-26 22:35:27 | INFO | Process-30[38188] | equipment | Virtual device connected: Fake Test DMM
2026-09-26 22:35:28 | INFO | Process-31[40352] | equipment | Virtual device connected: Fake Test DMM
2026-09-26 22:35:29 | INFO | Process-32[18864] | equipment | Virtual device connected: Fake Test DMM
2026-09-26 22:35:31 | WARNING | Process-33[42612] | pint.util | Redefining 'ampere_hour' (<class 'pint.delegates.txt_defparser.plain.UnitDefinition'>)
2026-09-26 22:35:31 | WARNING | Process-33[42612] | pint.util | Redefining 'Ah' (<class 'pint.delegates.txt_defparser.plain.UnitDefinition'>)
2026-09-26 22:35:31 | WARNING | Process-33[42612] | pint.util | Redefining 'watt_hour' (<class 'pint.delegates.txt_defparser.plain.UnitDefinition'>)
2026-09-26 22:35:31 | WARNING | Process-33[42612] | pint.util | Redefining 'Wh' (<class 'pint.delegates.txt_defparser.plain.UnitDefinition'>)
2026-09-26 22:35:33 | INFO | Process-33[42612] | charge_discharge.cycle_executor | CH0 - Cycle 1 starting
2026-09-26 22:35:33 | INFO | Process-33[42612] | charge_discharge.cycle_executor | CH0 - Cycle settings: [{'cycle_type': 'step', 'drive_value_other': 4.2, 'end_style': 'time_s', 'end_condition': 'greater', 'end_value': 0.03, 'meas_log_int_s': 0.01, 'safety_min_voltage_v': 2.0, 'safety_max_voltage_v': 4.3, 'safety_min_current_a': -10.0, 'safety_max_current_a': 10.0, 'safety_max_time_s': 2.0, 'cycle_display': 'Charge', 'drive_style': 'current_a', 'drive_value': 1.0}, {'cycle_type': 'step', 'drive_value_other': 0.0, 'end_style': 'time_s', 'end_condition': 'greater', 'end_value': 0.03, 'meas_log_int_s': 0.01, 'safety_min_voltage_v': 2.0, 'safety_max_voltage_v': 4.3, 'safety_min_current_a': -10.0, 'safety_max_current_a': 10.0, 'safety_max_time_s': 2.0, 'cycle_display': 'Rest', 'drive_style': 'none', 'drive_value': 0.0}]
2026-09-26 22:35:33 | INFO | Process-33[42612] | charge_discharge.cycle_executor | CH0 - Cycle 1 step 0 starting
2026-09-26 22:35:33 | INFO | Process-33[42612] | charge_discharge.cycle_executor | CH0 - Step settings: {'cycle_type': 'step', 'drive_value_other': 4.2, 'end_style': 'time_s', 'end_condition': 'greater', 'end_value': 0.03, 'meas_log_int_s': 0.01, 'safety_min_voltage_v': 2.0, 'safety_max_voltage_v': 4.3, 'safety_min_current_a': -10.0, 'safety_max_current_a': 10.0, 'safety_max_time_s': 2.0, 'cycle_display': 'Charge', 'drive_style': 'current_a', 'drive_value': 1.0}
2026-09-26 22:35:33 | INFO | Process-33[42612] | charge_discharge.runner | Voltage measurement equipment chosen
2026-09-26 22:35:33 | INFO | Process-33[42612] | charge_discharge.runner | Current measurement equipment chosen
2026-09-26 22:35:33 | INFO | Process-33[42612] | charge_discharge.runner | Current-driven step setup
2026-09-26 22:35:33 | INFO | Process-33[42612] | charge_discharge.runner | Start step successful
2026-09-26 22:35:33 | INFO | Process-33[42612] | charge_discharge.runner | End condition before measurement loop: none
2026-09-26 22:35:33 | INFO | Process-33[42612] | charge_discharge.cycle_executor | CH0 - Cycle 1 step 0 ending; reason: end_condition
2026-09-26 22:35:33 | INFO | Process-33[42612] | charge_discharge.cycle_executor | CH0 - Cycle 1 step 1 starting
2026-09-26 22:35:33 | INFO | Process-33[42612] | charge_discharge.cycle_executor | CH0 - Step settings: {'cycle_type': 'step', 'drive_value_other': 0.0, 'end_style': 'time_s', 'end_condition': 'greater', 'end_value': 0.03, 'meas_log_int_s': 0.01, 'safety_min_voltage_v': 2.0, 'safety_max_voltage_v': 4.3, 'safety_min_current_a': -10.0, 'safety_max_current_a': 10.0, 'safety_max_time_s': 2.0, 'cycle_display': 'Rest', 'drive_style': 'none', 'drive_value': 0.0}
2026-09-26 22:35:33 | INFO | Process-33[42612] | charge_discharge.runner | Voltage measurement equipment chosen
2026-09-26 22:35:33 | INFO | Process-33[42612] | charge_discharge.runner | Current measurement equipment chosen
2026-09-26 22:35:33 | INFO | Process-33[42612] | charge_discharge.runner | Non-driven (rest) step setup
2026-09-26 22:35:33 | INFO | Process-33[42612] | charge_discharge.runner | Start step successful
2026-09-26 22:35:33 | INFO | Process-33[42612] | charge_discharge.runner | End condition before measurement loop: none
2026-09-26 22:35:33 | INFO | Process-33[42612] | charge_discharge.cycle_executor | CH0 - Cycle 1 step 1 ending; reason: end_condition
2026-09-26 22:35:33 | INFO | Process-33[42612] | charge_discharge.cycle_executor | CH0 - Cycle 1 ending
2026-09-26 22:35:34 | INFO | Process-33[42612] | charge_discharge.cycle_executor | CH0 - All cycles completed
2026-09-26 22:35:36 | INFO | Process-35[38576] | equipment | Virtual device connected: Fake Test PSU
2026-09-26 22:35:37 | INFO | Process-36[42672] | equipment | Virtual device connected: Fake Test Eload
2026-09-26 22:35:38 | INFO | Process-37[20116] | equipment | Virtual device connected: Fake Test DMM
2026-09-26 22:35:39 | INFO | Process-38[8768] | equipment | Virtual device connected: Fake Test DMM
2026-09-26 22:35:41 | INFO | Process-39[27972] | equipment | Virtual device connected: Fake Test DMM
2026-09-26 22:35:43 | WARNING | Process-40[3308] | pint.util | Redefining 'ampere_hour' (<class 'pint.delegates.txt_defparser.plain.UnitDefinition'>)
2026-09-26 22:35:43 | WARNING | Process-40[3308] | pint.util | Redefining 'Ah' (<class 'pint.delegates.txt_defparser.plain.UnitDefinition'>)
2026-09-26 22:35:43 | WARNING | Process-40[3308] | pint.util | Redefining 'watt_hour' (<class 'pint.delegates.txt_defparser.plain.UnitDefinition'>)
2026-09-26 22:35:43 | WARNING | Process-40[3308] | pint.util | Redefining 'Wh' (<class 'pint.delegates.txt_defparser.plain.UnitDefinition'>)
2026-09-26 22:35:44 | INFO | Process-40[3308] | charge_discharge.cycle_executor | CH0 - Cycle 1 starting
2026-09-26 22:35:44 | INFO | Process-40[3308] | charge_discharge.cycle_executor | CH0 - Cycle settings: [{'cycle_type': 'step', 'cycle_display': 'Discharge', 'drive_style': 'current_a', 'drive_value': -1.0, 'drive_value_other': 0, 'end_style': 'voltage_v', 'end_condition': 'lesser', 'end_value': 4.19, 'meas_log_int_s': 1, 'safety_min_voltage_v': 2.45, 'safety_max_voltage_v': 4.25, 'safety_min_current_a': -10, 'safety_max_current_a': 10, 'safety_max_time_s': 2.0}]
2026-09-26 22:35:44 | INFO | Process-40[3308] | charge_discharge.cycle_executor | CH0 - Cycle 1 step 0 starting
2026-09-26 22:35:44 | INFO | Process-40[3308] | charge_discharge.cycle_executor | CH0 - Step settings: {'cycle_type': 'step', 'cycle_display': 'Discharge', 'drive_style': 'current_a', 'drive_value': -1.0, 'drive_value_other': 0, 'end_style': 'voltage_v', 'end_condition': 'lesser', 'end_value': 4.19, 'meas_log_int_s': 1, 'safety_min_voltage_v': 2.45, 'safety_max_voltage_v': 4.25, 'safety_min_current_a': -10, 'safety_max_current_a': 10, 'safety_max_time_s': 2.0}
2026-09-26 22:35:44 | INFO | Process-40[3308] | charge_discharge.runner | Voltage measurement equipment chosen
2026-09-26 22:35:44 | INFO | Process-40[3308] | charge_discharge.runner | Current measurement equipment chosen
2026-09-26 22:35:44 | INFO | Process-40[3308] | charge_discharge.runner | Current-driven step setup
2026-09-26 22:35:45 | INFO | Process-40[3308] | charge_discharge.runner | Start step successful
2026-09-26 22:35:46 | INFO | Process-40[3308] | charge_discharge.runner | End condition before measurement loop: end_condition
2026-09-26 22:35:46 | INFO | Process-40[3308] | charge_discharge.cycle_executor | CH0 - Cycle 1 step 0 ending; reason: end_condition
2026-09-26 22:35:46 | INFO | Process-40[3308] | charge_discharge.cycle_executor | CH0 - Cycle 1 ending
2026-09-26 22:35:46 | INFO | Process-40[3308] | charge_discharge.cycle_executor | CH0 - All cycles completed
2026-09-26 22:39:52 | INFO | Process-2[1604] | equipment | Virtual device connected: SPD1000
2026-09-26 22:39:53 | ERROR | Process-3[44852] | charge_discharge.runner | Charge/discharge control failed
Traceback (most recent call last):
  File "D:\Documents\GitHub\Test_Equipment_Control\charge_discharge\runner.py", line 605, in charge_discharge_control
    self._check_instrument_health(force=True)
    ~~~~~~~~~~~~~~~~~~~~~~~~~~~~~^^^^^^^^^^^^
  File "D:\Documents\GitHub\Test_Equipment_Control\charge_discharge\runner.py", line 81, in _check_instrument_health
    device.check_status(expected_output=expected_output[role])
    ~~~~~~~~~~~~~~~~~~~^^^^^^^^^^^^^^^^^^^^^^^^^^^^^^^^^^^^^^^
TypeError: CorrelatedVirtualDevice.__getattr__.<locals>.call() got an unexpected keyword argument 'expected_output'
2026-09-26 22:41:03 | INFO | Process-7[24932] | equipment | Virtual device connected: Fake Test PSU
2026-09-26 22:41:04 | INFO | Process-8[36212] | equipment | Virtual device connected: Fake Test Eload
2026-09-26 22:41:06 | INFO | Process-9[34060] | equipment | Virtual device connected: Fake Test DMM
2026-09-26 22:41:07 | INFO | Process-10[40236] | equipment | Virtual device connected: Fake Test DMM
2026-09-26 22:41:08 | INFO | Process-11[41724] | equipment | Virtual device connected: Fake Test DMM
2026-09-26 22:41:08 | ERROR | Process-10[40236] | equipment | Virtual device operation failed: measure_current
Traceback (most recent call last):
  File "D:\Documents\GitHub\Test_Equipment_Control\equipment.py", line 262, in virtual_device_management_process
    return_data = _dispatch_virtual_device_method(device, operation, args, kwargs)
  File "D:\Documents\GitHub\Test_Equipment_Control\equipment.py", line 152, in _dispatch_virtual_device_method
    return method(*args, **kwargs)
  File "D:\Documents\GitHub\Test_Equipment_Control\lab_equipment\DMM_Fake.py", line 15, in measure_current
    return require_simulation_link(self.battery_link, "Fake DMM").measure_current()
           ~~~~~~~~~~~~~~~~~~~~~~~^^^^^^^^^^^^^^^^^^^^^^^^^^^^^^^
  File "D:\Documents\GitHub\Test_Equipment_Control\battery_app\simulation.py", line 25, in require_simulation_link
    raise FakeInstrumentNotAttachedError(
        f"{instrument_name} requires an attached SIMULATED_LG_MJ1 battery link"
    )
battery_app.simulation.FakeInstrumentNotAttachedError: Fake DMM requires an attached SIMULATED_LG_MJ1 battery link
2026-09-26 22:41:10 | INFO | Process-14[20828] | equipment | Virtual device connected: Fake Test PSU
2026-09-26 22:41:11 | INFO | Process-15[47164] | equipment | Virtual device connected: Fake Test Eload
2026-09-26 22:41:12 | INFO | Process-16[24008] | equipment | Virtual device connected: Fake Test DMM
2026-09-26 22:41:14 | INFO | Process-17[13604] | equipment | Virtual device connected: Fake Test DMM
2026-09-26 22:41:15 | INFO | Process-18[41432] | equipment | Virtual device connected: Fake Test DMM
2026-09-26 22:41:17 | WARNING | Process-19[33528] | pint.util | Redefining 'ampere_hour' (<class 'pint.delegates.txt_defparser.plain.UnitDefinition'>)
2026-09-26 22:41:17 | WARNING | Process-19[33528] | pint.util | Redefining 'Ah' (<class 'pint.delegates.txt_defparser.plain.UnitDefinition'>)
2026-09-26 22:41:17 | WARNING | Process-19[33528] | pint.util | Redefining 'watt_hour' (<class 'pint.delegates.txt_defparser.plain.UnitDefinition'>)
2026-09-26 22:41:17 | WARNING | Process-19[33528] | pint.util | Redefining 'Wh' (<class 'pint.delegates.txt_defparser.plain.UnitDefinition'>)
2026-09-26 22:41:18 | INFO | Process-19[33528] | charge_discharge.cycle_executor | CH0 - Cycle 1 starting
2026-09-26 22:41:18 | INFO | Process-19[33528] | charge_discharge.cycle_executor | CH0 - Cycle settings: [{'cycle_type': 'step', 'cycle_display': 'Discharge', 'drive_style': 'current_a', 'drive_value': -10.0, 'drive_value_other': 0.0, 'end_style': 'time_s', 'end_condition': 'greater', 'end_value': 0.05, 'meas_log_int_s': 0.01, 'safety_min_voltage_v': 2.0, 'safety_max_voltage_v': 4.3, 'safety_min_current_a': -10.0, 'safety_max_current_a': 10.0, 'safety_max_time_s': 2.0}]
2026-09-26 22:41:18 | INFO | Process-19[33528] | charge_discharge.cycle_executor | CH0 - Cycle 1 step 0 starting
2026-09-26 22:41:18 | INFO | Process-19[33528] | charge_discharge.cycle_executor | CH0 - Step settings: {'cycle_type': 'step', 'cycle_display': 'Discharge', 'drive_style': 'current_a', 'drive_value': -10.0, 'drive_value_other': 0.0, 'end_style': 'time_s', 'end_condition': 'greater', 'end_value': 0.05, 'meas_log_int_s': 0.01, 'safety_min_voltage_v': 2.0, 'safety_max_voltage_v': 4.3, 'safety_min_current_a': -10.0, 'safety_max_current_a': 10.0, 'safety_max_time_s': 2.0}
2026-09-26 22:41:18 | INFO | Process-19[33528] | charge_discharge.runner | Voltage measurement equipment chosen
2026-09-26 22:41:18 | INFO | Process-19[33528] | charge_discharge.runner | Current measurement equipment chosen
2026-09-26 22:41:18 | INFO | Process-19[33528] | charge_discharge.runner | Current-driven step setup
2026-09-26 22:41:19 | INFO | Process-19[33528] | charge_discharge.runner | Start step successful
2026-09-26 22:41:19 | INFO | Process-19[33528] | charge_discharge.runner | End condition before measurement loop: none
2026-09-26 22:41:19 | INFO | Process-19[33528] | charge_discharge.cycle_executor | CH0 - Cycle 1 step 0 ending; reason: end_condition
2026-09-26 22:41:19 | INFO | Process-19[33528] | charge_discharge.cycle_executor | CH0 - Cycle 1 ending
2026-09-26 22:41:19 | INFO | Process-19[33528] | charge_discharge.cycle_executor | CH0 - Cycle 2 starting
2026-09-26 22:41:19 | INFO | Process-19[33528] | charge_discharge.cycle_executor | CH0 - Cycle settings: [{'cycle_type': 'step', 'cycle_display': 'Discharge', 'drive_style': 'current_a', 'drive_value': -10.0, 'drive_value_other': 0.0, 'end_style': 'time_s', 'end_condition': 'greater', 'end_value': 0.05, 'meas_log_int_s': 0.01, 'safety_min_voltage_v': 2.0, 'safety_max_voltage_v': 4.3, 'safety_min_current_a': -10.0, 'safety_max_current_a': 10.0, 'safety_max_time_s': 2.0}]
2026-09-26 22:41:19 | INFO | Process-19[33528] | charge_discharge.cycle_executor | CH0 - Cycle 2 step 0 starting
2026-09-26 22:41:19 | INFO | Process-19[33528] | charge_discharge.cycle_executor | CH0 - Step settings: {'cycle_type': 'step', 'cycle_display': 'Discharge', 'drive_style': 'current_a', 'drive_value': -10.0, 'drive_value_other': 0.0, 'end_style': 'time_s', 'end_condition': 'greater', 'end_value': 0.05, 'meas_log_int_s': 0.01, 'safety_min_voltage_v': 2.0, 'safety_max_voltage_v': 4.3, 'safety_min_current_a': -10.0, 'safety_max_current_a': 10.0, 'safety_max_time_s': 2.0}
2026-09-26 22:41:19 | INFO | Process-19[33528] | charge_discharge.runner | Voltage measurement equipment chosen
2026-09-26 22:41:19 | INFO | Process-19[33528] | charge_discharge.runner | Current measurement equipment chosen
2026-09-26 22:41:19 | INFO | Process-19[33528] | charge_discharge.runner | Current-driven step setup
2026-09-26 22:41:19 | INFO | Process-19[33528] | charge_discharge.runner | Start step successful
2026-09-26 22:41:19 | INFO | Process-19[33528] | charge_discharge.runner | End condition before measurement loop: none
2026-09-26 22:41:19 | INFO | Process-19[33528] | charge_discharge.cycle_executor | CH0 - Cycle 2 step 0 ending; reason: end_condition
2026-09-26 22:41:19 | INFO | Process-19[33528] | charge_discharge.cycle_executor | CH0 - Cycle 2 ending
2026-09-26 22:41:19 | INFO | Process-19[33528] | charge_discharge.cycle_executor | CH0 - All cycles completed
2026-09-26 22:41:21 | INFO | Process-21[8900] | equipment | Virtual device connected: Fake Test PSU
2026-09-26 22:41:23 | INFO | Process-22[28128] | equipment | Virtual device connected: Fake Test Eload
2026-09-26 22:41:24 | INFO | Process-23[43228] | equipment | Virtual device connected: Fake Test DMM
2026-09-26 22:41:25 | INFO | Process-24[27596] | equipment | Virtual device connected: Fake Test DMM
2026-09-26 22:41:26 | INFO | Process-25[26256] | equipment | Virtual device connected: Fake Test DMM
2026-09-26 22:41:28 | WARNING | Process-26[43964] | pint.util | Redefining 'ampere_hour' (<class 'pint.delegates.txt_defparser.plain.UnitDefinition'>)
2026-09-26 22:41:28 | WARNING | Process-26[43964] | pint.util | Redefining 'Ah' (<class 'pint.delegates.txt_defparser.plain.UnitDefinition'>)
2026-09-26 22:41:28 | WARNING | Process-26[43964] | pint.util | Redefining 'watt_hour' (<class 'pint.delegates.txt_defparser.plain.UnitDefinition'>)
2026-09-26 22:41:28 | WARNING | Process-26[43964] | pint.util | Redefining 'Wh' (<class 'pint.delegates.txt_defparser.plain.UnitDefinition'>)
2026-09-26 22:41:30 | INFO | Process-26[43964] | charge_discharge.cycle_executor | CH0 - Cycle 3 starting
2026-09-26 22:41:30 | INFO | Process-26[43964] | charge_discharge.cycle_executor | CH0 - Cycle settings: [{'cycle_type': 'step', 'cycle_display': 'Discharge', 'drive_style': 'current_a', 'drive_value': -10.0, 'drive_value_other': 0.0, 'end_style': 'time_s', 'end_condition': 'greater', 'end_value': 0.05, 'meas_log_int_s': 0.01, 'safety_min_voltage_v': 2.0, 'safety_max_voltage_v': 4.3, 'safety_min_current_a': -10.0, 'safety_max_current_a': 10.0, 'safety_max_time_s': 2.0}]
2026-09-26 22:41:30 | INFO | Process-26[43964] | charge_discharge.cycle_executor | CH0 - Cycle 3 step 0 starting
2026-09-26 22:41:30 | INFO | Process-26[43964] | charge_discharge.cycle_executor | CH0 - Step settings: {'cycle_type': 'step', 'cycle_display': 'Discharge', 'drive_style': 'current_a', 'drive_value': -10.0, 'drive_value_other': 0.0, 'end_style': 'time_s', 'end_condition': 'greater', 'end_value': 0.05, 'meas_log_int_s': 0.01, 'safety_min_voltage_v': 2.0, 'safety_max_voltage_v': 4.3, 'safety_min_current_a': -10.0, 'safety_max_current_a': 10.0, 'safety_max_time_s': 2.0}
2026-09-26 22:41:30 | INFO | Process-26[43964] | charge_discharge.runner | Voltage measurement equipment chosen
2026-09-26 22:41:30 | INFO | Process-26[43964] | charge_discharge.runner | Current measurement equipment chosen
2026-09-26 22:41:30 | INFO | Process-26[43964] | charge_discharge.runner | Current-driven step setup
2026-09-26 22:41:30 | INFO | Process-26[43964] | charge_discharge.runner | Start step successful
2026-09-26 22:41:30 | INFO | Process-26[43964] | charge_discharge.runner | End condition before measurement loop: none
2026-09-26 22:41:30 | INFO | Process-26[43964] | charge_discharge.cycle_executor | CH0 - Cycle 3 step 0 ending; reason: end_condition
2026-09-26 22:41:30 | INFO | Process-26[43964] | charge_discharge.cycle_executor | CH0 - Cycle 3 ending
2026-09-26 22:41:30 | INFO | Process-26[43964] | charge_discharge.cycle_executor | CH0 - All cycles completed
2026-09-26 22:41:32 | INFO | Process-28[43824] | equipment | Virtual device connected: Fake Test PSU
2026-09-26 22:41:34 | INFO | Process-29[18820] | equipment | Virtual device connected: Fake Test Eload
2026-09-26 22:41:35 | INFO | Process-30[47664] | equipment | Virtual device connected: Fake Test DMM
2026-09-26 22:41:36 | INFO | Process-31[4680] | equipment | Virtual device connected: Fake Test DMM
2026-09-26 22:41:37 | INFO | Process-32[14836] | equipment | Virtual device connected: Fake Test DMM
2026-09-26 22:41:39 | WARNING | Process-33[37056] | pint.util | Redefining 'ampere_hour' (<class 'pint.delegates.txt_defparser.plain.UnitDefinition'>)
2026-09-26 22:41:39 | WARNING | Process-33[37056] | pint.util | Redefining 'Ah' (<class 'pint.delegates.txt_defparser.plain.UnitDefinition'>)
2026-09-26 22:41:39 | WARNING | Process-33[37056] | pint.util | Redefining 'watt_hour' (<class 'pint.delegates.txt_defparser.plain.UnitDefinition'>)
2026-09-26 22:41:39 | WARNING | Process-33[37056] | pint.util | Redefining 'Wh' (<class 'pint.delegates.txt_defparser.plain.UnitDefinition'>)
2026-09-26 22:41:41 | INFO | Process-33[37056] | charge_discharge.cycle_executor | CH0 - Cycle 1 starting
2026-09-26 22:41:41 | INFO | Process-33[37056] | charge_discharge.cycle_executor | CH0 - Cycle settings: [{'cycle_type': 'step', 'drive_value_other': 4.2, 'end_style': 'time_s', 'end_condition': 'greater', 'end_value': 0.03, 'meas_log_int_s': 0.01, 'safety_min_voltage_v': 2.0, 'safety_max_voltage_v': 4.3, 'safety_min_current_a': -10.0, 'safety_max_current_a': 10.0, 'safety_max_time_s': 2.0, 'cycle_display': 'Charge', 'drive_style': 'current_a', 'drive_value': 1.0}, {'cycle_type': 'step', 'drive_value_other': 0.0, 'end_style': 'time_s', 'end_condition': 'greater', 'end_value': 0.03, 'meas_log_int_s': 0.01, 'safety_min_voltage_v': 2.0, 'safety_max_voltage_v': 4.3, 'safety_min_current_a': -10.0, 'safety_max_current_a': 10.0, 'safety_max_time_s': 2.0, 'cycle_display': 'Rest', 'drive_style': 'none', 'drive_value': 0.0}]
2026-09-26 22:41:41 | INFO | Process-33[37056] | charge_discharge.cycle_executor | CH0 - Cycle 1 step 0 starting
2026-09-26 22:41:41 | INFO | Process-33[37056] | charge_discharge.cycle_executor | CH0 - Step settings: {'cycle_type': 'step', 'drive_value_other': 4.2, 'end_style': 'time_s', 'end_condition': 'greater', 'end_value': 0.03, 'meas_log_int_s': 0.01, 'safety_min_voltage_v': 2.0, 'safety_max_voltage_v': 4.3, 'safety_min_current_a': -10.0, 'safety_max_current_a': 10.0, 'safety_max_time_s': 2.0, 'cycle_display': 'Charge', 'drive_style': 'current_a', 'drive_value': 1.0}
2026-09-26 22:41:41 | INFO | Process-33[37056] | charge_discharge.runner | Voltage measurement equipment chosen
2026-09-26 22:41:41 | INFO | Process-33[37056] | charge_discharge.runner | Current measurement equipment chosen
2026-09-26 22:41:41 | INFO | Process-33[37056] | charge_discharge.runner | Current-driven step setup
2026-09-26 22:41:41 | INFO | Process-33[37056] | charge_discharge.runner | Start step successful
2026-09-26 22:41:41 | INFO | Process-33[37056] | charge_discharge.runner | End condition before measurement loop: none
2026-09-26 22:41:41 | INFO | Process-33[37056] | charge_discharge.cycle_executor | CH0 - Cycle 1 step 0 ending; reason: end_condition
2026-09-26 22:41:41 | INFO | Process-33[37056] | charge_discharge.cycle_executor | CH0 - Cycle 1 step 1 starting
2026-09-26 22:41:41 | INFO | Process-33[37056] | charge_discharge.cycle_executor | CH0 - Step settings: {'cycle_type': 'step', 'drive_value_other': 0.0, 'end_style': 'time_s', 'end_condition': 'greater', 'end_value': 0.03, 'meas_log_int_s': 0.01, 'safety_min_voltage_v': 2.0, 'safety_max_voltage_v': 4.3, 'safety_min_current_a': -10.0, 'safety_max_current_a': 10.0, 'safety_max_time_s': 2.0, 'cycle_display': 'Rest', 'drive_style': 'none', 'drive_value': 0.0}
2026-09-26 22:41:41 | INFO | Process-33[37056] | charge_discharge.runner | Voltage measurement equipment chosen
2026-09-26 22:41:41 | INFO | Process-33[37056] | charge_discharge.runner | Current measurement equipment chosen
2026-09-26 22:41:41 | INFO | Process-33[37056] | charge_discharge.runner | Non-driven (rest) step setup
2026-09-26 22:41:41 | INFO | Process-33[37056] | charge_discharge.runner | Start step successful
2026-09-26 22:41:41 | INFO | Process-33[37056] | charge_discharge.runner | End condition before measurement loop: none
2026-09-26 22:41:42 | INFO | Process-33[37056] | charge_discharge.cycle_executor | CH0 - Cycle 1 step 1 ending; reason: end_condition
2026-09-26 22:41:42 | INFO | Process-33[37056] | charge_discharge.cycle_executor | CH0 - Cycle 1 ending
2026-09-26 22:41:42 | INFO | Process-33[37056] | charge_discharge.cycle_executor | CH0 - All cycles completed
2026-09-26 22:41:44 | INFO | Process-35[22400] | equipment | Virtual device connected: Fake Test PSU
2026-09-26 22:41:45 | INFO | Process-36[32684] | equipment | Virtual device connected: Fake Test Eload
2026-09-26 22:41:46 | INFO | Process-37[27892] | equipment | Virtual device connected: Fake Test DMM
2026-09-26 22:41:48 | INFO | Process-38[40012] | equipment | Virtual device connected: Fake Test DMM
2026-09-26 22:41:49 | INFO | Process-39[47568] | equipment | Virtual device connected: Fake Test DMM
2026-09-26 22:41:51 | WARNING | Process-40[47552] | pint.util | Redefining 'ampere_hour' (<class 'pint.delegates.txt_defparser.plain.UnitDefinition'>)
2026-09-26 22:41:51 | WARNING | Process-40[47552] | pint.util | Redefining 'Ah' (<class 'pint.delegates.txt_defparser.plain.UnitDefinition'>)
2026-09-26 22:41:51 | WARNING | Process-40[47552] | pint.util | Redefining 'watt_hour' (<class 'pint.delegates.txt_defparser.plain.UnitDefinition'>)
2026-09-26 22:41:51 | WARNING | Process-40[47552] | pint.util | Redefining 'Wh' (<class 'pint.delegates.txt_defparser.plain.UnitDefinition'>)
2026-09-26 22:41:53 | INFO | Process-40[47552] | charge_discharge.cycle_executor | CH0 - Cycle 1 starting
2026-09-26 22:41:53 | INFO | Process-40[47552] | charge_discharge.cycle_executor | CH0 - Cycle settings: [{'cycle_type': 'step', 'cycle_display': 'Discharge', 'drive_style': 'current_a', 'drive_value': -1.0, 'drive_value_other': 0, 'end_style': 'voltage_v', 'end_condition': 'lesser', 'end_value': 4.19, 'meas_log_int_s': 1, 'safety_min_voltage_v': 2.45, 'safety_max_voltage_v': 4.25, 'safety_min_current_a': -10, 'safety_max_current_a': 10, 'safety_max_time_s': 2.0}]
2026-09-26 22:41:53 | INFO | Process-40[47552] | charge_discharge.cycle_executor | CH0 - Cycle 1 step 0 starting
2026-09-26 22:41:53 | INFO | Process-40[47552] | charge_discharge.cycle_executor | CH0 - Step settings: {'cycle_type': 'step', 'cycle_display': 'Discharge', 'drive_style': 'current_a', 'drive_value': -1.0, 'drive_value_other': 0, 'end_style': 'voltage_v', 'end_condition': 'lesser', 'end_value': 4.19, 'meas_log_int_s': 1, 'safety_min_voltage_v': 2.45, 'safety_max_voltage_v': 4.25, 'safety_min_current_a': -10, 'safety_max_current_a': 10, 'safety_max_time_s': 2.0}
2026-09-26 22:41:53 | INFO | Process-40[47552] | charge_discharge.runner | Voltage measurement equipment chosen
2026-09-26 22:41:53 | INFO | Process-40[47552] | charge_discharge.runner | Current measurement equipment chosen
2026-09-26 22:41:53 | INFO | Process-40[47552] | charge_discharge.runner | Current-driven step setup
2026-09-26 22:41:53 | INFO | Process-40[47552] | charge_discharge.runner | Start step successful
2026-09-26 22:41:54 | INFO | Process-40[47552] | charge_discharge.runner | End condition before measurement loop: end_condition
2026-09-26 22:41:54 | INFO | Process-40[47552] | charge_discharge.cycle_executor | CH0 - Cycle 1 step 0 ending; reason: end_condition
2026-09-26 22:41:54 | INFO | Process-40[47552] | charge_discharge.cycle_executor | CH0 - Cycle 1 ending
2026-09-26 22:41:54 | INFO | Process-40[47552] | charge_discharge.cycle_executor | CH0 - All cycles completed
2026-09-26 22:42:10 | INFO | Process-2[9164] | equipment | Virtual device connected: SPD1000
2026-09-26 22:42:13 | WARNING | Process-3[17176] | pint.util | Redefining 'ampere_hour' (<class 'pint.delegates.txt_defparser.plain.UnitDefinition'>)
2026-09-26 22:42:13 | WARNING | Process-3[17176] | pint.util | Redefining 'Ah' (<class 'pint.delegates.txt_defparser.plain.UnitDefinition'>)
2026-09-26 22:42:13 | WARNING | Process-3[17176] | pint.util | Redefining 'watt_hour' (<class 'pint.delegates.txt_defparser.plain.UnitDefinition'>)
2026-09-26 22:42:13 | WARNING | Process-3[17176] | pint.util | Redefining 'Wh' (<class 'pint.delegates.txt_defparser.plain.UnitDefinition'>)
2026-09-26 22:42:14 | INFO | Process-3[17176] | charge_discharge.cycle_executor | CH0 - Cycle 1 starting
2026-09-26 22:42:14 | INFO | Process-3[17176] | charge_discharge.cycle_executor | CH0 - Cycle settings: [{'cycle_type': 'step', 'cycle_display': 'CC charge 1 A for 30 s', 'drive_style': 'current_a', 'drive_value': 1.0, 'drive_value_other': 4.2, 'end_style': 'time_s', 'end_condition': 'greater', 'end_value': 30.0, 'meas_log_int_s': 1.0, 'safety_min_voltage_v': 2.8, 'safety_max_voltage_v': 4.2, 'safety_min_current_a': -10.0, 'safety_max_current_a': 8.0, 'safety_max_time_s': 40.0}]
2026-09-26 22:42:14 | INFO | Process-3[17176] | charge_discharge.cycle_executor | CH0 - Cycle 1 step 0 starting
2026-09-26 22:42:14 | INFO | Process-3[17176] | charge_discharge.cycle_executor | CH0 - Step settings: {'cycle_type': 'step', 'cycle_display': 'CC charge 1 A for 30 s', 'drive_style': 'current_a', 'drive_value': 1.0, 'drive_value_other': 4.2, 'end_style': 'time_s', 'end_condition': 'greater', 'end_value': 30.0, 'meas_log_int_s': 1.0, 'safety_min_voltage_v': 2.8, 'safety_max_voltage_v': 4.2, 'safety_min_current_a': -10.0, 'safety_max_current_a': 8.0, 'safety_max_time_s': 40.0}
2026-09-26 22:42:15 | ERROR | Process-3[17176] | charge_discharge.runner | Charge/discharge control failed
Traceback (most recent call last):
  File "D:\Documents\GitHub\Test_Equipment_Control\charge_discharge\runner.py", line 614, in charge_discharge_control
    ).run(csv_dir)
      ~~~^^^^^^^^^
  File "D:\Documents\GitHub\Test_Equipment_Control\charge_discharge\cycle_executor.py", line 158, in run
    end_condition = self.control.single_step_cycle(
        step_settings,
    ...<6 lines>...
        step_id=step_num + 1,
    )
  File "D:\Documents\GitHub\Test_Equipment_Control\charge_discharge\runner.py", line 509, in single_step_cycle
    if self.eq_dict['dmm_v'] == None or self.eq_dict['dmm_v'] == self.eq_dict['eload'] or self.eq_dict['dmm_v'] == self.eq_dict['psu']:
       ~~~~~~~~~~~~^^^^^^^^^
KeyError: 'dmm_v'
2026-09-26 22:43:21 | INFO | Process-2[37752] | equipment | Virtual device connected: Fake Test PSU
2026-09-26 22:43:22 | INFO | Process-3[46960] | equipment | Virtual device connected: Fake Test Eload
2026-09-26 22:43:23 | INFO | Process-4[25264] | equipment | Virtual device connected: Fake Test DMM
2026-09-26 22:43:24 | INFO | Process-5[4080] | equipment | Virtual device connected: Fake Test DMM
2026-09-26 22:43:25 | INFO | Process-6[26656] | equipment | Virtual device connected: Fake Test DMM
2026-09-26 22:43:25 | ERROR | Process-5[4080] | equipment | Virtual device operation failed: measure_current
Traceback (most recent call last):
  File "D:\Documents\GitHub\Test_Equipment_Control\equipment.py", line 262, in virtual_device_management_process
    return_data = _dispatch_virtual_device_method(device, operation, args, kwargs)
  File "D:\Documents\GitHub\Test_Equipment_Control\equipment.py", line 152, in _dispatch_virtual_device_method
    return method(*args, **kwargs)
  File "D:\Documents\GitHub\Test_Equipment_Control\lab_equipment\DMM_Fake.py", line 15, in measure_current
    return require_simulation_link(self.battery_link, "Fake DMM").measure_current()
           ~~~~~~~~~~~~~~~~~~~~~~~^^^^^^^^^^^^^^^^^^^^^^^^^^^^^^^
  File "D:\Documents\GitHub\Test_Equipment_Control\battery_app\simulation.py", line 25, in require_simulation_link
    raise FakeInstrumentNotAttachedError(
        f"{instrument_name} requires an attached SIMULATED_LG_MJ1 battery link"
    )
battery_app.simulation.FakeInstrumentNotAttachedError: Fake DMM requires an attached SIMULATED_LG_MJ1 battery link
2026-09-26 22:43:27 | INFO | Process-9[2492] | equipment | Virtual device connected: Fake Test PSU
2026-09-26 22:43:29 | INFO | Process-10[39284] | equipment | Virtual device connected: Fake Test Eload
2026-09-26 22:43:30 | INFO | Process-11[3936] | equipment | Virtual device connected: Fake Test DMM
2026-09-26 22:43:31 | INFO | Process-12[15580] | equipment | Virtual device connected: Fake Test DMM
2026-09-26 22:43:32 | INFO | Process-13[42624] | equipment | Virtual device connected: Fake Test DMM
2026-09-26 22:43:34 | WARNING | Process-14[29168] | pint.util | Redefining 'ampere_hour' (<class 'pint.delegates.txt_defparser.plain.UnitDefinition'>)
2026-09-26 22:43:34 | WARNING | Process-14[29168] | pint.util | Redefining 'Ah' (<class 'pint.delegates.txt_defparser.plain.UnitDefinition'>)
2026-09-26 22:43:34 | WARNING | Process-14[29168] | pint.util | Redefining 'watt_hour' (<class 'pint.delegates.txt_defparser.plain.UnitDefinition'>)
2026-09-26 22:43:34 | WARNING | Process-14[29168] | pint.util | Redefining 'Wh' (<class 'pint.delegates.txt_defparser.plain.UnitDefinition'>)
2026-09-26 22:43:36 | INFO | Process-14[29168] | charge_discharge.cycle_executor | CH0 - Cycle 1 starting
2026-09-26 22:43:36 | INFO | Process-14[29168] | charge_discharge.cycle_executor | CH0 - Cycle settings: [{'cycle_type': 'step', 'cycle_display': 'Discharge', 'drive_style': 'current_a', 'drive_value': -10.0, 'drive_value_other': 0.0, 'end_style': 'time_s', 'end_condition': 'greater', 'end_value': 0.05, 'meas_log_int_s': 0.01, 'safety_min_voltage_v': 2.0, 'safety_max_voltage_v': 4.3, 'safety_min_current_a': -10.0, 'safety_max_current_a': 10.0, 'safety_max_time_s': 2.0}]
2026-09-26 22:43:36 | INFO | Process-14[29168] | charge_discharge.cycle_executor | CH0 - Cycle 1 step 0 starting
2026-09-26 22:43:36 | INFO | Process-14[29168] | charge_discharge.cycle_executor | CH0 - Step settings: {'cycle_type': 'step', 'cycle_display': 'Discharge', 'drive_style': 'current_a', 'drive_value': -10.0, 'drive_value_other': 0.0, 'end_style': 'time_s', 'end_condition': 'greater', 'end_value': 0.05, 'meas_log_int_s': 0.01, 'safety_min_voltage_v': 2.0, 'safety_max_voltage_v': 4.3, 'safety_min_current_a': -10.0, 'safety_max_current_a': 10.0, 'safety_max_time_s': 2.0}
2026-09-26 22:43:36 | INFO | Process-14[29168] | charge_discharge.runner | Voltage measurement equipment chosen
2026-09-26 22:43:36 | INFO | Process-14[29168] | charge_discharge.runner | Current measurement equipment chosen
2026-09-26 22:43:36 | INFO | Process-14[29168] | charge_discharge.runner | Current-driven step setup
2026-09-26 22:43:36 | INFO | Process-14[29168] | charge_discharge.runner | Start step successful
2026-09-26 22:43:36 | INFO | Process-14[29168] | charge_discharge.runner | End condition before measurement loop: none
2026-09-26 22:43:36 | INFO | Process-14[29168] | charge_discharge.cycle_executor | CH0 - Cycle 1 step 0 ending; reason: end_condition
2026-09-26 22:43:36 | INFO | Process-14[29168] | charge_discharge.cycle_executor | CH0 - Cycle 1 ending
2026-09-26 22:43:36 | INFO | Process-14[29168] | charge_discharge.cycle_executor | CH0 - Cycle 2 starting
2026-09-26 22:43:36 | INFO | Process-14[29168] | charge_discharge.cycle_executor | CH0 - Cycle settings: [{'cycle_type': 'step', 'cycle_display': 'Discharge', 'drive_style': 'current_a', 'drive_value': -10.0, 'drive_value_other': 0.0, 'end_style': 'time_s', 'end_condition': 'greater', 'end_value': 0.05, 'meas_log_int_s': 0.01, 'safety_min_voltage_v': 2.0, 'safety_max_voltage_v': 4.3, 'safety_min_current_a': -10.0, 'safety_max_current_a': 10.0, 'safety_max_time_s': 2.0}]
2026-09-26 22:43:36 | INFO | Process-14[29168] | charge_discharge.cycle_executor | CH0 - Cycle 2 step 0 starting
2026-09-26 22:43:36 | INFO | Process-14[29168] | charge_discharge.cycle_executor | CH0 - Step settings: {'cycle_type': 'step', 'cycle_display': 'Discharge', 'drive_style': 'current_a', 'drive_value': -10.0, 'drive_value_other': 0.0, 'end_style': 'time_s', 'end_condition': 'greater', 'end_value': 0.05, 'meas_log_int_s': 0.01, 'safety_min_voltage_v': 2.0, 'safety_max_voltage_v': 4.3, 'safety_min_current_a': -10.0, 'safety_max_current_a': 10.0, 'safety_max_time_s': 2.0}
2026-09-26 22:43:36 | INFO | Process-14[29168] | charge_discharge.runner | Voltage measurement equipment chosen
2026-09-26 22:43:36 | INFO | Process-14[29168] | charge_discharge.runner | Current measurement equipment chosen
2026-09-26 22:43:36 | INFO | Process-14[29168] | charge_discharge.runner | Current-driven step setup
2026-09-26 22:43:36 | INFO | Process-14[29168] | charge_discharge.runner | Start step successful
2026-09-26 22:43:36 | INFO | Process-14[29168] | charge_discharge.runner | End condition before measurement loop: none
2026-09-26 22:43:36 | INFO | Process-14[29168] | charge_discharge.cycle_executor | CH0 - Cycle 2 step 0 ending; reason: end_condition
2026-09-26 22:43:36 | INFO | Process-14[29168] | charge_discharge.cycle_executor | CH0 - Cycle 2 ending
2026-09-26 22:43:36 | INFO | Process-14[29168] | charge_discharge.cycle_executor | CH0 - All cycles completed
2026-09-26 22:43:39 | INFO | Process-16[18740] | equipment | Virtual device connected: Fake Test PSU
2026-09-26 22:43:40 | INFO | Process-17[26552] | equipment | Virtual device connected: Fake Test Eload
2026-09-26 22:43:41 | INFO | Process-18[25528] | equipment | Virtual device connected: Fake Test DMM
2026-09-26 22:43:42 | INFO | Process-19[47128] | equipment | Virtual device connected: Fake Test DMM
2026-09-26 22:43:43 | INFO | Process-20[45368] | equipment | Virtual device connected: Fake Test DMM
2026-09-26 22:43:45 | WARNING | Process-21[47612] | pint.util | Redefining 'ampere_hour' (<class 'pint.delegates.txt_defparser.plain.UnitDefinition'>)
2026-09-26 22:43:45 | WARNING | Process-21[47612] | pint.util | Redefining 'Ah' (<class 'pint.delegates.txt_defparser.plain.UnitDefinition'>)
2026-09-26 22:43:45 | WARNING | Process-21[47612] | pint.util | Redefining 'watt_hour' (<class 'pint.delegates.txt_defparser.plain.UnitDefinition'>)
2026-09-26 22:43:45 | WARNING | Process-21[47612] | pint.util | Redefining 'Wh' (<class 'pint.delegates.txt_defparser.plain.UnitDefinition'>)
2026-09-26 22:43:47 | INFO | Process-21[47612] | charge_discharge.cycle_executor | CH0 - Cycle 3 starting
2026-09-26 22:43:47 | INFO | Process-21[47612] | charge_discharge.cycle_executor | CH0 - Cycle settings: [{'cycle_type': 'step', 'cycle_display': 'Discharge', 'drive_style': 'current_a', 'drive_value': -10.0, 'drive_value_other': 0.0, 'end_style': 'time_s', 'end_condition': 'greater', 'end_value': 0.05, 'meas_log_int_s': 0.01, 'safety_min_voltage_v': 2.0, 'safety_max_voltage_v': 4.3, 'safety_min_current_a': -10.0, 'safety_max_current_a': 10.0, 'safety_max_time_s': 2.0}]
2026-09-26 22:43:47 | INFO | Process-21[47612] | charge_discharge.cycle_executor | CH0 - Cycle 3 step 0 starting
2026-09-26 22:43:47 | INFO | Process-21[47612] | charge_discharge.cycle_executor | CH0 - Step settings: {'cycle_type': 'step', 'cycle_display': 'Discharge', 'drive_style': 'current_a', 'drive_value': -10.0, 'drive_value_other': 0.0, 'end_style': 'time_s', 'end_condition': 'greater', 'end_value': 0.05, 'meas_log_int_s': 0.01, 'safety_min_voltage_v': 2.0, 'safety_max_voltage_v': 4.3, 'safety_min_current_a': -10.0, 'safety_max_current_a': 10.0, 'safety_max_time_s': 2.0}
2026-09-26 22:43:47 | INFO | Process-21[47612] | charge_discharge.runner | Voltage measurement equipment chosen
2026-09-26 22:43:47 | INFO | Process-21[47612] | charge_discharge.runner | Current measurement equipment chosen
2026-09-26 22:43:47 | INFO | Process-21[47612] | charge_discharge.runner | Current-driven step setup
2026-09-26 22:43:47 | INFO | Process-21[47612] | charge_discharge.runner | Start step successful
2026-09-26 22:43:47 | INFO | Process-21[47612] | charge_discharge.runner | End condition before measurement loop: none
2026-09-26 22:43:47 | INFO | Process-21[47612] | charge_discharge.cycle_executor | CH0 - Cycle 3 step 0 ending; reason: end_condition
2026-09-26 22:43:47 | INFO | Process-21[47612] | charge_discharge.cycle_executor | CH0 - Cycle 3 ending
2026-09-26 22:43:47 | INFO | Process-21[47612] | charge_discharge.cycle_executor | CH0 - All cycles completed
2026-09-26 22:43:50 | INFO | Process-23[19820] | equipment | Virtual device connected: Fake Test PSU
2026-09-26 22:43:51 | INFO | Process-24[40652] | equipment | Virtual device connected: Fake Test Eload
2026-09-26 22:43:52 | INFO | Process-25[36832] | equipment | Virtual device connected: Fake Test DMM
2026-09-26 22:43:53 | INFO | Process-26[20780] | equipment | Virtual device connected: Fake Test DMM
2026-09-26 22:43:54 | INFO | Process-27[41248] | equipment | Virtual device connected: Fake Test DMM
2026-09-26 22:43:56 | WARNING | Process-28[33712] | pint.util | Redefining 'ampere_hour' (<class 'pint.delegates.txt_defparser.plain.UnitDefinition'>)
2026-09-26 22:43:56 | WARNING | Process-28[33712] | pint.util | Redefining 'Ah' (<class 'pint.delegates.txt_defparser.plain.UnitDefinition'>)
2026-09-26 22:43:56 | WARNING | Process-28[33712] | pint.util | Redefining 'watt_hour' (<class 'pint.delegates.txt_defparser.plain.UnitDefinition'>)
2026-09-26 22:43:56 | WARNING | Process-28[33712] | pint.util | Redefining 'Wh' (<class 'pint.delegates.txt_defparser.plain.UnitDefinition'>)
2026-09-26 22:43:58 | INFO | Process-28[33712] | charge_discharge.cycle_executor | CH0 - Cycle 1 starting
2026-09-26 22:43:58 | INFO | Process-28[33712] | charge_discharge.cycle_executor | CH0 - Cycle settings: [{'cycle_type': 'step', 'drive_value_other': 4.2, 'end_style': 'time_s', 'end_condition': 'greater', 'end_value': 0.03, 'meas_log_int_s': 0.01, 'safety_min_voltage_v': 2.0, 'safety_max_voltage_v': 4.3, 'safety_min_current_a': -10.0, 'safety_max_current_a': 10.0, 'safety_max_time_s': 2.0, 'cycle_display': 'Charge', 'drive_style': 'current_a', 'drive_value': 1.0}, {'cycle_type': 'step', 'drive_value_other': 0.0, 'end_style': 'time_s', 'end_condition': 'greater', 'end_value': 0.03, 'meas_log_int_s': 0.01, 'safety_min_voltage_v': 2.0, 'safety_max_voltage_v': 4.3, 'safety_min_current_a': -10.0, 'safety_max_current_a': 10.0, 'safety_max_time_s': 2.0, 'cycle_display': 'Rest', 'drive_style': 'none', 'drive_value': 0.0}]
2026-09-26 22:43:58 | INFO | Process-28[33712] | charge_discharge.cycle_executor | CH0 - Cycle 1 step 0 starting
2026-09-26 22:43:58 | INFO | Process-28[33712] | charge_discharge.cycle_executor | CH0 - Step settings: {'cycle_type': 'step', 'drive_value_other': 4.2, 'end_style': 'time_s', 'end_condition': 'greater', 'end_value': 0.03, 'meas_log_int_s': 0.01, 'safety_min_voltage_v': 2.0, 'safety_max_voltage_v': 4.3, 'safety_min_current_a': -10.0, 'safety_max_current_a': 10.0, 'safety_max_time_s': 2.0, 'cycle_display': 'Charge', 'drive_style': 'current_a', 'drive_value': 1.0}
2026-09-26 22:43:58 | INFO | Process-28[33712] | charge_discharge.runner | Voltage measurement equipment chosen
2026-09-26 22:43:58 | INFO | Process-28[33712] | charge_discharge.runner | Current measurement equipment chosen
2026-09-26 22:43:58 | INFO | Process-28[33712] | charge_discharge.runner | Current-driven step setup
2026-09-26 22:43:58 | INFO | Process-28[33712] | charge_discharge.runner | Start step successful
2026-09-26 22:43:58 | INFO | Process-28[33712] | charge_discharge.runner | End condition before measurement loop: none
2026-09-26 22:43:58 | INFO | Process-28[33712] | charge_discharge.cycle_executor | CH0 - Cycle 1 step 0 ending; reason: end_condition
2026-09-26 22:43:58 | INFO | Process-28[33712] | charge_discharge.cycle_executor | CH0 - Cycle 1 step 1 starting
2026-09-26 22:43:58 | INFO | Process-28[33712] | charge_discharge.cycle_executor | CH0 - Step settings: {'cycle_type': 'step', 'drive_value_other': 0.0, 'end_style': 'time_s', 'end_condition': 'greater', 'end_value': 0.03, 'meas_log_int_s': 0.01, 'safety_min_voltage_v': 2.0, 'safety_max_voltage_v': 4.3, 'safety_min_current_a': -10.0, 'safety_max_current_a': 10.0, 'safety_max_time_s': 2.0, 'cycle_display': 'Rest', 'drive_style': 'none', 'drive_value': 0.0}
2026-09-26 22:43:58 | INFO | Process-28[33712] | charge_discharge.runner | Voltage measurement equipment chosen
2026-09-26 22:43:58 | INFO | Process-28[33712] | charge_discharge.runner | Current measurement equipment chosen
2026-09-26 22:43:58 | INFO | Process-28[33712] | charge_discharge.runner | Non-driven (rest) step setup
2026-09-26 22:43:59 | INFO | Process-28[33712] | charge_discharge.runner | Start step successful
2026-09-26 22:43:59 | INFO | Process-28[33712] | charge_discharge.runner | End condition before measurement loop: none
2026-09-26 22:43:59 | INFO | Process-28[33712] | charge_discharge.cycle_executor | CH0 - Cycle 1 step 1 ending; reason: end_condition
2026-09-26 22:43:59 | INFO | Process-28[33712] | charge_discharge.cycle_executor | CH0 - Cycle 1 ending
2026-09-26 22:43:59 | INFO | Process-28[33712] | charge_discharge.cycle_executor | CH0 - All cycles completed
2026-09-26 22:44:17 | INFO | Process-7[14356] | equipment | Virtual device connected: Fake Test PSU
2026-09-26 22:44:18 | INFO | Process-8[44984] | equipment | Virtual device connected: Fake Test Eload
2026-09-26 22:44:19 | INFO | Process-9[37520] | equipment | Virtual device connected: Fake Test DMM
2026-09-26 22:44:20 | INFO | Process-10[43376] | equipment | Virtual device connected: Fake Test DMM
2026-09-26 22:44:21 | INFO | Process-11[48008] | equipment | Virtual device connected: Fake Test DMM
2026-09-26 22:44:21 | ERROR | Process-10[43376] | equipment | Virtual device operation failed: measure_current
Traceback (most recent call last):
  File "D:\Documents\GitHub\Test_Equipment_Control\equipment.py", line 262, in virtual_device_management_process
    return_data = _dispatch_virtual_device_method(device, operation, args, kwargs)
  File "D:\Documents\GitHub\Test_Equipment_Control\equipment.py", line 152, in _dispatch_virtual_device_method
    return method(*args, **kwargs)
  File "D:\Documents\GitHub\Test_Equipment_Control\lab_equipment\DMM_Fake.py", line 15, in measure_current
    return require_simulation_link(self.battery_link, "Fake DMM").measure_current()
           ~~~~~~~~~~~~~~~~~~~~~~~^^^^^^^^^^^^^^^^^^^^^^^^^^^^^^^
  File "D:\Documents\GitHub\Test_Equipment_Control\battery_app\simulation.py", line 25, in require_simulation_link
    raise FakeInstrumentNotAttachedError(
        f"{instrument_name} requires an attached SIMULATED_LG_MJ1 battery link"
    )
battery_app.simulation.FakeInstrumentNotAttachedError: Fake DMM requires an attached SIMULATED_LG_MJ1 battery link
2026-09-26 22:44:24 | INFO | Process-14[33944] | equipment | Virtual device connected: Fake Test PSU
2026-09-26 22:44:26 | INFO | Process-15[15504] | equipment | Virtual device connected: Fake Test Eload
2026-09-26 22:44:28 | INFO | Process-16[8368] | equipment | Virtual device connected: Fake Test DMM
2026-09-26 22:44:29 | INFO | Process-17[27240] | equipment | Virtual device connected: Fake Test DMM
2026-09-26 22:44:30 | INFO | Process-18[2120] | equipment | Virtual device connected: Fake Test DMM
2026-09-26 22:44:32 | WARNING | Process-19[41308] | pint.util | Redefining 'ampere_hour' (<class 'pint.delegates.txt_defparser.plain.UnitDefinition'>)
2026-09-26 22:44:32 | WARNING | Process-19[41308] | pint.util | Redefining 'Ah' (<class 'pint.delegates.txt_defparser.plain.UnitDefinition'>)
2026-09-26 22:44:32 | WARNING | Process-19[41308] | pint.util | Redefining 'watt_hour' (<class 'pint.delegates.txt_defparser.plain.UnitDefinition'>)
2026-09-26 22:44:32 | WARNING | Process-19[41308] | pint.util | Redefining 'Wh' (<class 'pint.delegates.txt_defparser.plain.UnitDefinition'>)
2026-09-26 22:44:34 | INFO | Process-19[41308] | charge_discharge.cycle_executor | CH0 - Cycle 1 starting
2026-09-26 22:44:34 | INFO | Process-19[41308] | charge_discharge.cycle_executor | CH0 - Cycle settings: [{'cycle_type': 'step', 'cycle_display': 'Discharge', 'drive_style': 'current_a', 'drive_value': -10.0, 'drive_value_other': 0.0, 'end_style': 'time_s', 'end_condition': 'greater', 'end_value': 0.05, 'meas_log_int_s': 0.01, 'safety_min_voltage_v': 2.0, 'safety_max_voltage_v': 4.3, 'safety_min_current_a': -10.0, 'safety_max_current_a': 10.0, 'safety_max_time_s': 2.0}]
2026-09-26 22:44:34 | INFO | Process-19[41308] | charge_discharge.cycle_executor | CH0 - Cycle 1 step 0 starting
2026-09-26 22:44:34 | INFO | Process-19[41308] | charge_discharge.cycle_executor | CH0 - Step settings: {'cycle_type': 'step', 'cycle_display': 'Discharge', 'drive_style': 'current_a', 'drive_value': -10.0, 'drive_value_other': 0.0, 'end_style': 'time_s', 'end_condition': 'greater', 'end_value': 0.05, 'meas_log_int_s': 0.01, 'safety_min_voltage_v': 2.0, 'safety_max_voltage_v': 4.3, 'safety_min_current_a': -10.0, 'safety_max_current_a': 10.0, 'safety_max_time_s': 2.0}
2026-09-26 22:44:34 | INFO | Process-19[41308] | charge_discharge.runner | Voltage measurement equipment chosen
2026-09-26 22:44:34 | INFO | Process-19[41308] | charge_discharge.runner | Current measurement equipment chosen
2026-09-26 22:44:34 | INFO | Process-19[41308] | charge_discharge.runner | Current-driven step setup
2026-09-26 22:44:34 | INFO | Process-19[41308] | charge_discharge.runner | Start step successful
2026-09-26 22:44:34 | INFO | Process-19[41308] | charge_discharge.runner | End condition before measurement loop: none
2026-09-26 22:44:34 | INFO | Process-19[41308] | charge_discharge.cycle_executor | CH0 - Cycle 1 step 0 ending; reason: end_condition
2026-09-26 22:44:34 | INFO | Process-19[41308] | charge_discharge.cycle_executor | CH0 - Cycle 1 ending
2026-09-26 22:44:34 | INFO | Process-19[41308] | charge_discharge.cycle_executor | CH0 - Cycle 2 starting
2026-09-26 22:44:34 | INFO | Process-19[41308] | charge_discharge.cycle_executor | CH0 - Cycle settings: [{'cycle_type': 'step', 'cycle_display': 'Discharge', 'drive_style': 'current_a', 'drive_value': -10.0, 'drive_value_other': 0.0, 'end_style': 'time_s', 'end_condition': 'greater', 'end_value': 0.05, 'meas_log_int_s': 0.01, 'safety_min_voltage_v': 2.0, 'safety_max_voltage_v': 4.3, 'safety_min_current_a': -10.0, 'safety_max_current_a': 10.0, 'safety_max_time_s': 2.0}]
2026-09-26 22:44:34 | INFO | Process-19[41308] | charge_discharge.cycle_executor | CH0 - Cycle 2 step 0 starting
2026-09-26 22:44:34 | INFO | Process-19[41308] | charge_discharge.cycle_executor | CH0 - Step settings: {'cycle_type': 'step', 'cycle_display': 'Discharge', 'drive_style': 'current_a', 'drive_value': -10.0, 'drive_value_other': 0.0, 'end_style': 'time_s', 'end_condition': 'greater', 'end_value': 0.05, 'meas_log_int_s': 0.01, 'safety_min_voltage_v': 2.0, 'safety_max_voltage_v': 4.3, 'safety_min_current_a': -10.0, 'safety_max_current_a': 10.0, 'safety_max_time_s': 2.0}
2026-09-26 22:44:34 | INFO | Process-19[41308] | charge_discharge.runner | Voltage measurement equipment chosen
2026-09-26 22:44:34 | INFO | Process-19[41308] | charge_discharge.runner | Current measurement equipment chosen
2026-09-26 22:44:34 | INFO | Process-19[41308] | charge_discharge.runner | Current-driven step setup
2026-09-26 22:44:34 | INFO | Process-19[41308] | charge_discharge.runner | Start step successful
2026-09-26 22:44:34 | INFO | Process-19[41308] | charge_discharge.runner | End condition before measurement loop: none
2026-09-26 22:44:34 | INFO | Process-19[41308] | charge_discharge.cycle_executor | CH0 - Cycle 2 step 0 ending; reason: end_condition
2026-09-26 22:44:34 | INFO | Process-19[41308] | charge_discharge.cycle_executor | CH0 - Cycle 2 ending
2026-09-26 22:44:34 | INFO | Process-19[41308] | charge_discharge.cycle_executor | CH0 - All cycles completed
2026-09-26 22:44:37 | INFO | Process-21[1900] | equipment | Virtual device connected: Fake Test PSU
2026-09-26 22:44:38 | INFO | Process-22[47164] | equipment | Virtual device connected: Fake Test Eload
2026-09-26 22:44:39 | INFO | Process-23[34312] | equipment | Virtual device connected: Fake Test DMM
2026-09-26 22:44:40 | INFO | Process-24[29984] | equipment | Virtual device connected: Fake Test DMM
2026-09-26 22:44:41 | INFO | Process-25[37520] | equipment | Virtual device connected: Fake Test DMM
2026-09-26 22:44:43 | WARNING | Process-26[36040] | pint.util | Redefining 'ampere_hour' (<class 'pint.delegates.txt_defparser.plain.UnitDefinition'>)
2026-09-26 22:44:43 | WARNING | Process-26[36040] | pint.util | Redefining 'Ah' (<class 'pint.delegates.txt_defparser.plain.UnitDefinition'>)
2026-09-26 22:44:43 | WARNING | Process-26[36040] | pint.util | Redefining 'watt_hour' (<class 'pint.delegates.txt_defparser.plain.UnitDefinition'>)
2026-09-26 22:44:43 | WARNING | Process-26[36040] | pint.util | Redefining 'Wh' (<class 'pint.delegates.txt_defparser.plain.UnitDefinition'>)
2026-09-26 22:44:45 | INFO | Process-26[36040] | charge_discharge.cycle_executor | CH0 - Cycle 3 starting
2026-09-26 22:44:45 | INFO | Process-26[36040] | charge_discharge.cycle_executor | CH0 - Cycle settings: [{'cycle_type': 'step', 'cycle_display': 'Discharge', 'drive_style': 'current_a', 'drive_value': -10.0, 'drive_value_other': 0.0, 'end_style': 'time_s', 'end_condition': 'greater', 'end_value': 0.05, 'meas_log_int_s': 0.01, 'safety_min_voltage_v': 2.0, 'safety_max_voltage_v': 4.3, 'safety_min_current_a': -10.0, 'safety_max_current_a': 10.0, 'safety_max_time_s': 2.0}]
2026-09-26 22:44:45 | INFO | Process-26[36040] | charge_discharge.cycle_executor | CH0 - Cycle 3 step 0 starting
2026-09-26 22:44:45 | INFO | Process-26[36040] | charge_discharge.cycle_executor | CH0 - Step settings: {'cycle_type': 'step', 'cycle_display': 'Discharge', 'drive_style': 'current_a', 'drive_value': -10.0, 'drive_value_other': 0.0, 'end_style': 'time_s', 'end_condition': 'greater', 'end_value': 0.05, 'meas_log_int_s': 0.01, 'safety_min_voltage_v': 2.0, 'safety_max_voltage_v': 4.3, 'safety_min_current_a': -10.0, 'safety_max_current_a': 10.0, 'safety_max_time_s': 2.0}
2026-09-26 22:44:45 | INFO | Process-26[36040] | charge_discharge.runner | Voltage measurement equipment chosen
2026-09-26 22:44:45 | INFO | Process-26[36040] | charge_discharge.runner | Current measurement equipment chosen
2026-09-26 22:44:45 | INFO | Process-26[36040] | charge_discharge.runner | Current-driven step setup
2026-09-26 22:44:45 | INFO | Process-26[36040] | charge_discharge.runner | Start step successful
2026-09-26 22:44:45 | INFO | Process-26[36040] | charge_discharge.runner | End condition before measurement loop: none
2026-09-26 22:44:45 | INFO | Process-26[36040] | charge_discharge.cycle_executor | CH0 - Cycle 3 step 0 ending; reason: end_condition
2026-09-26 22:44:45 | INFO | Process-26[36040] | charge_discharge.cycle_executor | CH0 - Cycle 3 ending
2026-09-26 22:44:45 | INFO | Process-26[36040] | charge_discharge.cycle_executor | CH0 - All cycles completed
2026-09-26 22:44:48 | INFO | Process-28[2200] | equipment | Virtual device connected: Fake Test PSU
2026-09-26 22:44:49 | INFO | Process-29[11148] | equipment | Virtual device connected: Fake Test Eload
2026-09-26 22:44:51 | INFO | Process-30[11432] | equipment | Virtual device connected: Fake Test DMM
2026-09-26 22:44:52 | INFO | Process-31[47564] | equipment | Virtual device connected: Fake Test DMM
2026-09-26 22:44:53 | INFO | Process-32[47624] | equipment | Virtual device connected: Fake Test DMM
2026-09-26 22:44:55 | WARNING | Process-33[15504] | pint.util | Redefining 'ampere_hour' (<class 'pint.delegates.txt_defparser.plain.UnitDefinition'>)
2026-09-26 22:44:55 | WARNING | Process-33[15504] | pint.util | Redefining 'Ah' (<class 'pint.delegates.txt_defparser.plain.UnitDefinition'>)
2026-09-26 22:44:55 | WARNING | Process-33[15504] | pint.util | Redefining 'watt_hour' (<class 'pint.delegates.txt_defparser.plain.UnitDefinition'>)
2026-09-26 22:44:55 | WARNING | Process-33[15504] | pint.util | Redefining 'Wh' (<class 'pint.delegates.txt_defparser.plain.UnitDefinition'>)
2026-09-26 22:44:57 | INFO | Process-33[15504] | charge_discharge.cycle_executor | CH0 - Cycle 1 starting
2026-09-26 22:44:57 | INFO | Process-33[15504] | charge_discharge.cycle_executor | CH0 - Cycle settings: [{'cycle_type': 'step', 'drive_value_other': 4.2, 'end_style': 'time_s', 'end_condition': 'greater', 'end_value': 0.03, 'meas_log_int_s': 0.01, 'safety_min_voltage_v': 2.0, 'safety_max_voltage_v': 4.3, 'safety_min_current_a': -10.0, 'safety_max_current_a': 10.0, 'safety_max_time_s': 2.0, 'cycle_display': 'Charge', 'drive_style': 'current_a', 'drive_value': 1.0}, {'cycle_type': 'step', 'drive_value_other': 0.0, 'end_style': 'time_s', 'end_condition': 'greater', 'end_value': 0.03, 'meas_log_int_s': 0.01, 'safety_min_voltage_v': 2.0, 'safety_max_voltage_v': 4.3, 'safety_min_current_a': -10.0, 'safety_max_current_a': 10.0, 'safety_max_time_s': 2.0, 'cycle_display': 'Rest', 'drive_style': 'none', 'drive_value': 0.0}]
2026-09-26 22:44:57 | INFO | Process-33[15504] | charge_discharge.cycle_executor | CH0 - Cycle 1 step 0 starting
2026-09-26 22:44:57 | INFO | Process-33[15504] | charge_discharge.cycle_executor | CH0 - Step settings: {'cycle_type': 'step', 'drive_value_other': 4.2, 'end_style': 'time_s', 'end_condition': 'greater', 'end_value': 0.03, 'meas_log_int_s': 0.01, 'safety_min_voltage_v': 2.0, 'safety_max_voltage_v': 4.3, 'safety_min_current_a': -10.0, 'safety_max_current_a': 10.0, 'safety_max_time_s': 2.0, 'cycle_display': 'Charge', 'drive_style': 'current_a', 'drive_value': 1.0}
2026-09-26 22:44:57 | INFO | Process-33[15504] | charge_discharge.runner | Voltage measurement equipment chosen
2026-09-26 22:44:57 | INFO | Process-33[15504] | charge_discharge.runner | Current measurement equipment chosen
2026-09-26 22:44:57 | INFO | Process-33[15504] | charge_discharge.runner | Current-driven step setup
2026-09-26 22:44:57 | INFO | Process-33[15504] | charge_discharge.runner | Start step successful
2026-09-26 22:44:57 | INFO | Process-33[15504] | charge_discharge.runner | End condition before measurement loop: none
2026-09-26 22:44:57 | INFO | Process-33[15504] | charge_discharge.cycle_executor | CH0 - Cycle 1 step 0 ending; reason: end_condition
2026-09-26 22:44:57 | INFO | Process-33[15504] | charge_discharge.cycle_executor | CH0 - Cycle 1 step 1 starting
2026-09-26 22:44:57 | INFO | Process-33[15504] | charge_discharge.cycle_executor | CH0 - Step settings: {'cycle_type': 'step', 'drive_value_other': 0.0, 'end_style': 'time_s', 'end_condition': 'greater', 'end_value': 0.03, 'meas_log_int_s': 0.01, 'safety_min_voltage_v': 2.0, 'safety_max_voltage_v': 4.3, 'safety_min_current_a': -10.0, 'safety_max_current_a': 10.0, 'safety_max_time_s': 2.0, 'cycle_display': 'Rest', 'drive_style': 'none', 'drive_value': 0.0}
2026-09-26 22:44:57 | INFO | Process-33[15504] | charge_discharge.runner | Voltage measurement equipment chosen
2026-09-26 22:44:57 | INFO | Process-33[15504] | charge_discharge.runner | Current measurement equipment chosen
2026-09-26 22:44:57 | INFO | Process-33[15504] | charge_discharge.runner | Non-driven (rest) step setup
2026-09-26 22:44:57 | INFO | Process-33[15504] | charge_discharge.runner | Start step successful
2026-09-26 22:44:57 | INFO | Process-33[15504] | charge_discharge.runner | End condition before measurement loop: none
2026-09-26 22:44:57 | INFO | Process-33[15504] | charge_discharge.cycle_executor | CH0 - Cycle 1 step 1 ending; reason: end_condition
2026-09-26 22:44:57 | INFO | Process-33[15504] | charge_discharge.cycle_executor | CH0 - Cycle 1 ending
2026-09-26 22:44:57 | INFO | Process-33[15504] | charge_discharge.cycle_executor | CH0 - All cycles completed
2026-09-26 22:45:00 | INFO | Process-35[3996] | equipment | Virtual device connected: Fake Test PSU
2026-09-26 22:45:01 | INFO | Process-36[15292] | equipment | Virtual device connected: Fake Test Eload
2026-09-26 22:45:02 | INFO | Process-37[3132] | equipment | Virtual device connected: Fake Test DMM
2026-09-26 22:45:03 | INFO | Process-38[35208] | equipment | Virtual device connected: Fake Test DMM
2026-09-26 22:45:04 | INFO | Process-39[42892] | equipment | Virtual device connected: Fake Test DMM
2026-09-26 22:45:07 | WARNING | Process-40[34560] | pint.util | Redefining 'ampere_hour' (<class 'pint.delegates.txt_defparser.plain.UnitDefinition'>)
2026-09-26 22:45:07 | WARNING | Process-40[34560] | pint.util | Redefining 'Ah' (<class 'pint.delegates.txt_defparser.plain.UnitDefinition'>)
2026-09-26 22:45:07 | WARNING | Process-40[34560] | pint.util | Redefining 'watt_hour' (<class 'pint.delegates.txt_defparser.plain.UnitDefinition'>)
2026-09-26 22:45:07 | WARNING | Process-40[34560] | pint.util | Redefining 'Wh' (<class 'pint.delegates.txt_defparser.plain.UnitDefinition'>)
2026-09-26 22:45:08 | INFO | Process-40[34560] | charge_discharge.cycle_executor | CH0 - Cycle 1 starting
2026-09-26 22:45:08 | INFO | Process-40[34560] | charge_discharge.cycle_executor | CH0 - Cycle settings: [{'cycle_type': 'step', 'cycle_display': 'Discharge', 'drive_style': 'current_a', 'drive_value': -1.0, 'drive_value_other': 0, 'end_style': 'voltage_v', 'end_condition': 'lesser', 'end_value': 4.19, 'meas_log_int_s': 1, 'safety_min_voltage_v': 2.45, 'safety_max_voltage_v': 4.25, 'safety_min_current_a': -10, 'safety_max_current_a': 10, 'safety_max_time_s': 2.0}]
2026-09-26 22:45:08 | INFO | Process-40[34560] | charge_discharge.cycle_executor | CH0 - Cycle 1 step 0 starting
2026-09-26 22:45:08 | INFO | Process-40[34560] | charge_discharge.cycle_executor | CH0 - Step settings: {'cycle_type': 'step', 'cycle_display': 'Discharge', 'drive_style': 'current_a', 'drive_value': -1.0, 'drive_value_other': 0, 'end_style': 'voltage_v', 'end_condition': 'lesser', 'end_value': 4.19, 'meas_log_int_s': 1, 'safety_min_voltage_v': 2.45, 'safety_max_voltage_v': 4.25, 'safety_min_current_a': -10, 'safety_max_current_a': 10, 'safety_max_time_s': 2.0}
2026-09-26 22:45:08 | INFO | Process-40[34560] | charge_discharge.runner | Voltage measurement equipment chosen
2026-09-26 22:45:08 | INFO | Process-40[34560] | charge_discharge.runner | Current measurement equipment chosen
2026-09-26 22:45:08 | INFO | Process-40[34560] | charge_discharge.runner | Current-driven step setup
2026-09-26 22:45:08 | INFO | Process-40[34560] | charge_discharge.runner | Start step successful
2026-09-26 22:45:09 | INFO | Process-40[34560] | charge_discharge.runner | End condition before measurement loop: end_condition
2026-09-26 22:45:09 | INFO | Process-40[34560] | charge_discharge.cycle_executor | CH0 - Cycle 1 step 0 ending; reason: end_condition
2026-09-26 22:45:09 | INFO | Process-40[34560] | charge_discharge.cycle_executor | CH0 - Cycle 1 ending
2026-09-26 22:45:10 | INFO | Process-40[34560] | charge_discharge.cycle_executor | CH0 - All cycles completed
2026-09-26 22:45:25 | INFO | Process-2[33528] | equipment | Virtual device connected: SPD1000
2026-09-26 22:45:27 | WARNING | Process-3[38752] | pint.util | Redefining 'ampere_hour' (<class 'pint.delegates.txt_defparser.plain.UnitDefinition'>)
2026-09-26 22:45:27 | WARNING | Process-3[38752] | pint.util | Redefining 'Ah' (<class 'pint.delegates.txt_defparser.plain.UnitDefinition'>)
2026-09-26 22:45:27 | WARNING | Process-3[38752] | pint.util | Redefining 'watt_hour' (<class 'pint.delegates.txt_defparser.plain.UnitDefinition'>)
2026-09-26 22:45:27 | WARNING | Process-3[38752] | pint.util | Redefining 'Wh' (<class 'pint.delegates.txt_defparser.plain.UnitDefinition'>)
2026-09-26 22:45:29 | INFO | Process-3[38752] | charge_discharge.cycle_executor | CH0 - Cycle 2 starting
2026-09-26 22:45:29 | INFO | Process-3[38752] | charge_discharge.cycle_executor | CH0 - Cycle settings: [{'cycle_type': 'step', 'cycle_display': 'CC charge 1 A for 30 s', 'drive_style': 'current_a', 'drive_value': 1.0, 'drive_value_other': 4.2, 'end_style': 'time_s', 'end_condition': 'greater', 'end_value': 30.0, 'meas_log_int_s': 1.0, 'safety_min_voltage_v': 2.8, 'safety_max_voltage_v': 4.2, 'safety_min_current_a': -10.0, 'safety_max_current_a': 8.0, 'safety_max_time_s': 40.0}]
2026-09-26 22:45:29 | INFO | Process-3[38752] | charge_discharge.cycle_executor | CH0 - Cycle 2 step 0 starting
2026-09-26 22:45:29 | INFO | Process-3[38752] | charge_discharge.cycle_executor | CH0 - Step settings: {'cycle_type': 'step', 'cycle_display': 'CC charge 1 A for 30 s', 'drive_style': 'current_a', 'drive_value': 1.0, 'drive_value_other': 4.2, 'end_style': 'time_s', 'end_condition': 'greater', 'end_value': 30.0, 'meas_log_int_s': 1.0, 'safety_min_voltage_v': 2.8, 'safety_max_voltage_v': 4.2, 'safety_min_current_a': -10.0, 'safety_max_current_a': 8.0, 'safety_max_time_s': 40.0}
2026-09-26 22:45:29 | INFO | Process-3[38752] | charge_discharge.runner | Voltage measurement equipment chosen
2026-09-26 22:45:29 | INFO | Process-3[38752] | charge_discharge.runner | Current measurement equipment chosen
2026-09-26 22:45:29 | INFO | Process-3[38752] | charge_discharge.runner | Current-driven step setup
2026-09-26 22:45:30 | INFO | Process-3[38752] | charge_discharge.runner | Start step successful
2026-09-26 22:45:31 | INFO | Process-3[38752] | charge_discharge.runner | End condition before measurement loop: none
2026-09-26 22:46:01 | INFO | Process-3[38752] | charge_discharge.cycle_executor | CH0 - Cycle 2 step 0 ending; reason: end_condition
2026-09-26 22:46:01 | INFO | Process-3[38752] | charge_discharge.cycle_executor | CH0 - Cycle 2 ending
2026-09-26 22:46:01 | INFO | Process-3[38752] | charge_discharge.cycle_executor | CH0 - All cycles completed
2026-09-26 22:54:26 | INFO | Process-7[40772] | equipment | Virtual device connected: Fake Test PSU
2026-09-26 22:54:27 | INFO | Process-8[20084] | equipment | Virtual device connected: Fake Test Eload
2026-09-26 22:54:28 | INFO | Process-9[28120] | equipment | Virtual device connected: Fake Test DMM
2026-09-26 22:54:29 | INFO | Process-10[38876] | equipment | Virtual device connected: Fake Test DMM
2026-09-26 22:54:31 | INFO | Process-11[37680] | equipment | Virtual device connected: Fake Test DMM
2026-09-26 22:54:31 | ERROR | Process-10[38876] | equipment | Virtual device operation failed: measure_current
Traceback (most recent call last):
  File "D:\Documents\GitHub\Test_Equipment_Control\equipment.py", line 262, in virtual_device_management_process
    return_data = _dispatch_virtual_device_method(device, operation, args, kwargs)
  File "D:\Documents\GitHub\Test_Equipment_Control\equipment.py", line 152, in _dispatch_virtual_device_method
    return method(*args, **kwargs)
  File "D:\Documents\GitHub\Test_Equipment_Control\lab_equipment\DMM_Fake.py", line 15, in measure_current
    return require_simulation_link(self.battery_link, "Fake DMM").measure_current()
           ~~~~~~~~~~~~~~~~~~~~~~~^^^^^^^^^^^^^^^^^^^^^^^^^^^^^^^
  File "D:\Documents\GitHub\Test_Equipment_Control\battery_app\simulation.py", line 25, in require_simulation_link
    raise FakeInstrumentNotAttachedError(
        f"{instrument_name} requires an attached SIMULATED_LG_MJ1 battery link"
    )
battery_app.simulation.FakeInstrumentNotAttachedError: Fake DMM requires an attached SIMULATED_LG_MJ1 battery link
2026-09-26 22:54:33 | INFO | Process-14[8968] | equipment | Virtual device connected: Fake Test PSU
2026-09-26 22:54:34 | INFO | Process-15[29480] | equipment | Virtual device connected: Fake Test Eload
2026-09-26 22:54:35 | INFO | Process-16[8164] | equipment | Virtual device connected: Fake Test DMM
2026-09-26 22:54:36 | INFO | Process-17[47744] | equipment | Virtual device connected: Fake Test DMM
2026-09-26 22:54:37 | INFO | Process-18[24092] | equipment | Virtual device connected: Fake Test DMM
2026-09-26 22:54:39 | WARNING | Process-19[31724] | pint.util | Redefining 'ampere_hour' (<class 'pint.delegates.txt_defparser.plain.UnitDefinition'>)
2026-09-26 22:54:39 | WARNING | Process-19[31724] | pint.util | Redefining 'Ah' (<class 'pint.delegates.txt_defparser.plain.UnitDefinition'>)
2026-09-26 22:54:39 | WARNING | Process-19[31724] | pint.util | Redefining 'watt_hour' (<class 'pint.delegates.txt_defparser.plain.UnitDefinition'>)
2026-09-26 22:54:39 | WARNING | Process-19[31724] | pint.util | Redefining 'Wh' (<class 'pint.delegates.txt_defparser.plain.UnitDefinition'>)
2026-09-26 22:54:41 | INFO | Process-19[31724] | charge_discharge.cycle_executor | CH0 - Cycle 1 starting
2026-09-26 22:54:41 | INFO | Process-19[31724] | charge_discharge.cycle_executor | CH0 - Cycle settings: [{'cycle_type': 'step', 'cycle_display': 'Discharge', 'drive_style': 'current_a', 'drive_value': -10.0, 'drive_value_other': 0.0, 'end_style': 'time_s', 'end_condition': 'greater', 'end_value': 0.05, 'meas_log_int_s': 0.01, 'safety_min_voltage_v': 2.0, 'safety_max_voltage_v': 4.3, 'safety_min_current_a': -10.0, 'safety_max_current_a': 10.0, 'safety_max_time_s': 2.0}]
2026-09-26 22:54:41 | INFO | Process-19[31724] | charge_discharge.cycle_executor | CH0 - Cycle 1 step 0 starting
2026-09-26 22:54:41 | INFO | Process-19[31724] | charge_discharge.cycle_executor | CH0 - Step settings: {'cycle_type': 'step', 'cycle_display': 'Discharge', 'drive_style': 'current_a', 'drive_value': -10.0, 'drive_value_other': 0.0, 'end_style': 'time_s', 'end_condition': 'greater', 'end_value': 0.05, 'meas_log_int_s': 0.01, 'safety_min_voltage_v': 2.0, 'safety_max_voltage_v': 4.3, 'safety_min_current_a': -10.0, 'safety_max_current_a': 10.0, 'safety_max_time_s': 2.0}
2026-09-26 22:54:41 | INFO | Process-19[31724] | charge_discharge.runner | Voltage measurement equipment chosen
2026-09-26 22:54:41 | INFO | Process-19[31724] | charge_discharge.runner | Current measurement equipment chosen
2026-09-26 22:54:41 | INFO | Process-19[31724] | charge_discharge.runner | Current-driven step setup
2026-09-26 22:54:41 | INFO | Process-19[31724] | charge_discharge.runner | Start step successful
2026-09-26 22:54:41 | INFO | Process-19[31724] | charge_discharge.runner | End condition before measurement loop: none
2026-09-26 22:54:41 | INFO | Process-19[31724] | charge_discharge.cycle_executor | CH0 - Cycle 1 step 0 ending; reason: end_condition
2026-09-26 22:54:41 | INFO | Process-19[31724] | charge_discharge.cycle_executor | CH0 - Cycle 1 ending
2026-09-26 22:54:41 | INFO | Process-19[31724] | charge_discharge.cycle_executor | CH0 - Cycle 2 starting
2026-09-26 22:54:41 | INFO | Process-19[31724] | charge_discharge.cycle_executor | CH0 - Cycle settings: [{'cycle_type': 'step', 'cycle_display': 'Discharge', 'drive_style': 'current_a', 'drive_value': -10.0, 'drive_value_other': 0.0, 'end_style': 'time_s', 'end_condition': 'greater', 'end_value': 0.05, 'meas_log_int_s': 0.01, 'safety_min_voltage_v': 2.0, 'safety_max_voltage_v': 4.3, 'safety_min_current_a': -10.0, 'safety_max_current_a': 10.0, 'safety_max_time_s': 2.0}]
2026-09-26 22:54:41 | INFO | Process-19[31724] | charge_discharge.cycle_executor | CH0 - Cycle 2 step 0 starting
2026-09-26 22:54:41 | INFO | Process-19[31724] | charge_discharge.cycle_executor | CH0 - Step settings: {'cycle_type': 'step', 'cycle_display': 'Discharge', 'drive_style': 'current_a', 'drive_value': -10.0, 'drive_value_other': 0.0, 'end_style': 'time_s', 'end_condition': 'greater', 'end_value': 0.05, 'meas_log_int_s': 0.01, 'safety_min_voltage_v': 2.0, 'safety_max_voltage_v': 4.3, 'safety_min_current_a': -10.0, 'safety_max_current_a': 10.0, 'safety_max_time_s': 2.0}
2026-09-26 22:54:41 | INFO | Process-19[31724] | charge_discharge.runner | Voltage measurement equipment chosen
2026-09-26 22:54:41 | INFO | Process-19[31724] | charge_discharge.runner | Current measurement equipment chosen
2026-09-26 22:54:41 | INFO | Process-19[31724] | charge_discharge.runner | Current-driven step setup
2026-09-26 22:54:42 | INFO | Process-19[31724] | charge_discharge.runner | Start step successful
2026-09-26 22:54:42 | INFO | Process-19[31724] | charge_discharge.runner | End condition before measurement loop: none
2026-09-26 22:54:42 | INFO | Process-19[31724] | charge_discharge.cycle_executor | CH0 - Cycle 2 step 0 ending; reason: end_condition
2026-09-26 22:54:42 | INFO | Process-19[31724] | charge_discharge.cycle_executor | CH0 - Cycle 2 ending
2026-09-26 22:54:42 | INFO | Process-19[31724] | charge_discharge.cycle_executor | CH0 - All cycles completed
2026-09-26 22:54:44 | INFO | Process-21[32912] | equipment | Virtual device connected: Fake Test PSU
2026-09-26 22:54:45 | INFO | Process-22[12296] | equipment | Virtual device connected: Fake Test Eload
2026-09-26 22:54:46 | INFO | Process-23[27600] | equipment | Virtual device connected: Fake Test DMM
2026-09-26 22:54:48 | INFO | Process-24[33464] | equipment | Virtual device connected: Fake Test DMM
2026-09-26 22:54:49 | INFO | Process-25[44244] | equipment | Virtual device connected: Fake Test DMM
2026-09-26 22:54:51 | WARNING | Process-26[47604] | pint.util | Redefining 'ampere_hour' (<class 'pint.delegates.txt_defparser.plain.UnitDefinition'>)
2026-09-26 22:54:51 | WARNING | Process-26[47604] | pint.util | Redefining 'Ah' (<class 'pint.delegates.txt_defparser.plain.UnitDefinition'>)
2026-09-26 22:54:51 | WARNING | Process-26[47604] | pint.util | Redefining 'watt_hour' (<class 'pint.delegates.txt_defparser.plain.UnitDefinition'>)
2026-09-26 22:54:51 | WARNING | Process-26[47604] | pint.util | Redefining 'Wh' (<class 'pint.delegates.txt_defparser.plain.UnitDefinition'>)
2026-09-26 22:54:52 | INFO | Process-26[47604] | charge_discharge.cycle_executor | CH0 - Cycle 3 starting
2026-09-26 22:54:52 | INFO | Process-26[47604] | charge_discharge.cycle_executor | CH0 - Cycle settings: [{'cycle_type': 'step', 'cycle_display': 'Discharge', 'drive_style': 'current_a', 'drive_value': -10.0, 'drive_value_other': 0.0, 'end_style': 'time_s', 'end_condition': 'greater', 'end_value': 0.05, 'meas_log_int_s': 0.01, 'safety_min_voltage_v': 2.0, 'safety_max_voltage_v': 4.3, 'safety_min_current_a': -10.0, 'safety_max_current_a': 10.0, 'safety_max_time_s': 2.0}]
2026-09-26 22:54:52 | INFO | Process-26[47604] | charge_discharge.cycle_executor | CH0 - Cycle 3 step 0 starting
2026-09-26 22:54:52 | INFO | Process-26[47604] | charge_discharge.cycle_executor | CH0 - Step settings: {'cycle_type': 'step', 'cycle_display': 'Discharge', 'drive_style': 'current_a', 'drive_value': -10.0, 'drive_value_other': 0.0, 'end_style': 'time_s', 'end_condition': 'greater', 'end_value': 0.05, 'meas_log_int_s': 0.01, 'safety_min_voltage_v': 2.0, 'safety_max_voltage_v': 4.3, 'safety_min_current_a': -10.0, 'safety_max_current_a': 10.0, 'safety_max_time_s': 2.0}
2026-09-26 22:54:52 | INFO | Process-26[47604] | charge_discharge.runner | Voltage measurement equipment chosen
2026-09-26 22:54:52 | INFO | Process-26[47604] | charge_discharge.runner | Current measurement equipment chosen
2026-09-26 22:54:52 | INFO | Process-26[47604] | charge_discharge.runner | Current-driven step setup
2026-09-26 22:54:53 | INFO | Process-26[47604] | charge_discharge.runner | Start step successful
2026-09-26 22:54:53 | INFO | Process-26[47604] | charge_discharge.runner | End condition before measurement loop: none
2026-09-26 22:54:53 | INFO | Process-26[47604] | charge_discharge.cycle_executor | CH0 - Cycle 3 step 0 ending; reason: end_condition
2026-09-26 22:54:53 | INFO | Process-26[47604] | charge_discharge.cycle_executor | CH0 - Cycle 3 ending
2026-09-26 22:54:53 | INFO | Process-26[47604] | charge_discharge.cycle_executor | CH0 - All cycles completed
2026-09-26 22:54:55 | INFO | Process-28[29124] | equipment | Virtual device connected: Fake Test PSU
2026-09-26 22:54:56 | INFO | Process-29[10424] | equipment | Virtual device connected: Fake Test Eload
2026-09-26 22:54:58 | INFO | Process-30[20624] | equipment | Virtual device connected: Fake Test DMM
2026-09-26 22:54:59 | INFO | Process-31[23344] | equipment | Virtual device connected: Fake Test DMM
2026-09-26 22:55:00 | INFO | Process-32[43708] | equipment | Virtual device connected: Fake Test DMM
2026-09-26 22:55:02 | WARNING | Process-33[21184] | pint.util | Redefining 'ampere_hour' (<class 'pint.delegates.txt_defparser.plain.UnitDefinition'>)
2026-09-26 22:55:02 | WARNING | Process-33[21184] | pint.util | Redefining 'Ah' (<class 'pint.delegates.txt_defparser.plain.UnitDefinition'>)
2026-09-26 22:55:02 | WARNING | Process-33[21184] | pint.util | Redefining 'watt_hour' (<class 'pint.delegates.txt_defparser.plain.UnitDefinition'>)
2026-09-26 22:55:02 | WARNING | Process-33[21184] | pint.util | Redefining 'Wh' (<class 'pint.delegates.txt_defparser.plain.UnitDefinition'>)
2026-09-26 22:55:04 | INFO | Process-33[21184] | charge_discharge.cycle_executor | CH0 - Cycle 1 starting
2026-09-26 22:55:04 | INFO | Process-33[21184] | charge_discharge.cycle_executor | CH0 - Cycle settings: [{'cycle_type': 'step', 'drive_value_other': 4.2, 'end_style': 'time_s', 'end_condition': 'greater', 'end_value': 0.03, 'meas_log_int_s': 0.01, 'safety_min_voltage_v': 2.0, 'safety_max_voltage_v': 4.3, 'safety_min_current_a': -10.0, 'safety_max_current_a': 10.0, 'safety_max_time_s': 2.0, 'cycle_display': 'Charge', 'drive_style': 'current_a', 'drive_value': 1.0}, {'cycle_type': 'step', 'drive_value_other': 0.0, 'end_style': 'time_s', 'end_condition': 'greater', 'end_value': 0.03, 'meas_log_int_s': 0.01, 'safety_min_voltage_v': 2.0, 'safety_max_voltage_v': 4.3, 'safety_min_current_a': -10.0, 'safety_max_current_a': 10.0, 'safety_max_time_s': 2.0, 'cycle_display': 'Rest', 'drive_style': 'none', 'drive_value': 0.0}]
2026-09-26 22:55:04 | INFO | Process-33[21184] | charge_discharge.cycle_executor | CH0 - Cycle 1 step 0 starting
2026-09-26 22:55:04 | INFO | Process-33[21184] | charge_discharge.cycle_executor | CH0 - Step settings: {'cycle_type': 'step', 'drive_value_other': 4.2, 'end_style': 'time_s', 'end_condition': 'greater', 'end_value': 0.03, 'meas_log_int_s': 0.01, 'safety_min_voltage_v': 2.0, 'safety_max_voltage_v': 4.3, 'safety_min_current_a': -10.0, 'safety_max_current_a': 10.0, 'safety_max_time_s': 2.0, 'cycle_display': 'Charge', 'drive_style': 'current_a', 'drive_value': 1.0}
2026-09-26 22:55:04 | INFO | Process-33[21184] | charge_discharge.runner | Voltage measurement equipment chosen
2026-09-26 22:55:04 | INFO | Process-33[21184] | charge_discharge.runner | Current measurement equipment chosen
2026-09-26 22:55:04 | INFO | Process-33[21184] | charge_discharge.runner | Current-driven step setup
2026-09-26 22:55:04 | INFO | Process-33[21184] | charge_discharge.runner | Start step successful
2026-09-26 22:55:04 | INFO | Process-33[21184] | charge_discharge.runner | End condition before measurement loop: none
2026-09-26 22:55:04 | INFO | Process-33[21184] | charge_discharge.cycle_executor | CH0 - Cycle 1 step 0 ending; reason: end_condition
2026-09-26 22:55:04 | INFO | Process-33[21184] | charge_discharge.cycle_executor | CH0 - Cycle 1 step 1 starting
2026-09-26 22:55:04 | INFO | Process-33[21184] | charge_discharge.cycle_executor | CH0 - Step settings: {'cycle_type': 'step', 'drive_value_other': 0.0, 'end_style': 'time_s', 'end_condition': 'greater', 'end_value': 0.03, 'meas_log_int_s': 0.01, 'safety_min_voltage_v': 2.0, 'safety_max_voltage_v': 4.3, 'safety_min_current_a': -10.0, 'safety_max_current_a': 10.0, 'safety_max_time_s': 2.0, 'cycle_display': 'Rest', 'drive_style': 'none', 'drive_value': 0.0}
2026-09-26 22:55:04 | INFO | Process-33[21184] | charge_discharge.runner | Voltage measurement equipment chosen
2026-09-26 22:55:04 | INFO | Process-33[21184] | charge_discharge.runner | Current measurement equipment chosen
2026-09-26 22:55:04 | INFO | Process-33[21184] | charge_discharge.runner | Non-driven (rest) step setup
2026-09-26 22:55:04 | INFO | Process-33[21184] | charge_discharge.runner | Start step successful
2026-09-26 22:55:04 | INFO | Process-33[21184] | charge_discharge.runner | End condition before measurement loop: none
2026-09-26 22:55:04 | INFO | Process-33[21184] | charge_discharge.cycle_executor | CH0 - Cycle 1 step 1 ending; reason: end_condition
2026-09-26 22:55:04 | INFO | Process-33[21184] | charge_discharge.cycle_executor | CH0 - Cycle 1 ending
2026-09-26 22:55:04 | INFO | Process-33[21184] | charge_discharge.cycle_executor | CH0 - All cycles completed
2026-09-26 22:55:07 | INFO | Process-35[35964] | equipment | Virtual device connected: Fake Test PSU
2026-09-26 22:55:08 | INFO | Process-36[28204] | equipment | Virtual device connected: Fake Test Eload
2026-09-26 22:55:09 | INFO | Process-37[34712] | equipment | Virtual device connected: Fake Test DMM
2026-09-26 22:55:10 | INFO | Process-38[14932] | equipment | Virtual device connected: Fake Test DMM
2026-09-26 22:55:11 | INFO | Process-39[1240] | equipment | Virtual device connected: Fake Test DMM
2026-09-26 22:55:13 | WARNING | Process-40[45040] | pint.util | Redefining 'ampere_hour' (<class 'pint.delegates.txt_defparser.plain.UnitDefinition'>)
2026-09-26 22:55:13 | WARNING | Process-40[45040] | pint.util | Redefining 'Ah' (<class 'pint.delegates.txt_defparser.plain.UnitDefinition'>)
2026-09-26 22:55:13 | WARNING | Process-40[45040] | pint.util | Redefining 'watt_hour' (<class 'pint.delegates.txt_defparser.plain.UnitDefinition'>)
2026-09-26 22:55:13 | WARNING | Process-40[45040] | pint.util | Redefining 'Wh' (<class 'pint.delegates.txt_defparser.plain.UnitDefinition'>)
2026-09-26 22:55:15 | INFO | Process-40[45040] | charge_discharge.cycle_executor | CH0 - Cycle 1 starting
2026-09-26 22:55:15 | INFO | Process-40[45040] | charge_discharge.cycle_executor | CH0 - Cycle settings: [{'cycle_type': 'step', 'cycle_display': 'Discharge', 'drive_style': 'current_a', 'drive_value': -1.0, 'drive_value_other': 0, 'end_style': 'voltage_v', 'end_condition': 'lesser', 'end_value': 4.19, 'meas_log_int_s': 1, 'safety_min_voltage_v': 2.45, 'safety_max_voltage_v': 4.25, 'safety_min_current_a': -10, 'safety_max_current_a': 10, 'safety_max_time_s': 2.0}]
2026-09-26 22:55:15 | INFO | Process-40[45040] | charge_discharge.cycle_executor | CH0 - Cycle 1 step 0 starting
2026-09-26 22:55:15 | INFO | Process-40[45040] | charge_discharge.cycle_executor | CH0 - Step settings: {'cycle_type': 'step', 'cycle_display': 'Discharge', 'drive_style': 'current_a', 'drive_value': -1.0, 'drive_value_other': 0, 'end_style': 'voltage_v', 'end_condition': 'lesser', 'end_value': 4.19, 'meas_log_int_s': 1, 'safety_min_voltage_v': 2.45, 'safety_max_voltage_v': 4.25, 'safety_min_current_a': -10, 'safety_max_current_a': 10, 'safety_max_time_s': 2.0}
2026-09-26 22:55:15 | INFO | Process-40[45040] | charge_discharge.runner | Voltage measurement equipment chosen
2026-09-26 22:55:15 | INFO | Process-40[45040] | charge_discharge.runner | Current measurement equipment chosen
2026-09-26 22:55:15 | INFO | Process-40[45040] | charge_discharge.runner | Current-driven step setup
2026-09-26 22:55:15 | INFO | Process-40[45040] | charge_discharge.runner | Start step successful
2026-09-26 22:55:15 | INFO | Process-40[45040] | charge_discharge.runner | End condition before measurement loop: end_condition
2026-09-26 22:55:15 | INFO | Process-40[45040] | charge_discharge.cycle_executor | CH0 - Cycle 1 step 0 ending; reason: end_condition
2026-09-26 22:55:15 | INFO | Process-40[45040] | charge_discharge.cycle_executor | CH0 - Cycle 1 ending
2026-09-26 22:55:16 | INFO | Process-40[45040] | charge_discharge.cycle_executor | CH0 - All cycles completed
2026-09-26 23:01:48 | INFO | Process-7[32324] | equipment | Virtual device connected: Fake Test PSU
2026-09-26 23:01:49 | INFO | Process-8[8644] | equipment | Virtual device connected: Fake Test Eload
2026-09-26 23:01:50 | INFO | Process-9[2684] | equipment | Virtual device connected: Fake Test DMM
2026-09-26 23:01:51 | INFO | Process-10[47908] | equipment | Virtual device connected: Fake Test DMM
2026-09-26 23:01:52 | INFO | Process-11[7868] | equipment | Virtual device connected: Fake Test DMM
2026-09-26 23:01:53 | ERROR | Process-10[47908] | equipment | Virtual device operation failed: measure_current
Traceback (most recent call last):
  File "D:\Documents\GitHub\Test_Equipment_Control\equipment.py", line 262, in virtual_device_management_process
    return_data = _dispatch_virtual_device_method(device, operation, args, kwargs)
  File "D:\Documents\GitHub\Test_Equipment_Control\equipment.py", line 152, in _dispatch_virtual_device_method
    return method(*args, **kwargs)
  File "D:\Documents\GitHub\Test_Equipment_Control\lab_equipment\DMM_Fake.py", line 15, in measure_current
    return require_simulation_link(self.battery_link, "Fake DMM").measure_current()
           ~~~~~~~~~~~~~~~~~~~~~~~^^^^^^^^^^^^^^^^^^^^^^^^^^^^^^^
  File "D:\Documents\GitHub\Test_Equipment_Control\battery_app\simulation.py", line 25, in require_simulation_link
    raise FakeInstrumentNotAttachedError(
        f"{instrument_name} requires an attached SIMULATED_LG_MJ1 battery link"
    )
battery_app.simulation.FakeInstrumentNotAttachedError: Fake DMM requires an attached SIMULATED_LG_MJ1 battery link
2026-09-26 23:01:55 | INFO | Process-14[31672] | equipment | Virtual device connected: Fake Test PSU
2026-09-26 23:01:56 | INFO | Process-15[30672] | equipment | Virtual device connected: Fake Test Eload
2026-09-26 23:01:57 | INFO | Process-16[25104] | equipment | Virtual device connected: Fake Test DMM
2026-09-26 23:01:58 | INFO | Process-17[40708] | equipment | Virtual device connected: Fake Test DMM
2026-09-26 23:01:59 | INFO | Process-18[40696] | equipment | Virtual device connected: Fake Test DMM
2026-09-26 23:02:01 | WARNING | Process-19[14772] | pint.util | Redefining 'ampere_hour' (<class 'pint.delegates.txt_defparser.plain.UnitDefinition'>)
2026-09-26 23:02:01 | WARNING | Process-19[14772] | pint.util | Redefining 'Ah' (<class 'pint.delegates.txt_defparser.plain.UnitDefinition'>)
2026-09-26 23:02:01 | WARNING | Process-19[14772] | pint.util | Redefining 'watt_hour' (<class 'pint.delegates.txt_defparser.plain.UnitDefinition'>)
2026-09-26 23:02:01 | WARNING | Process-19[14772] | pint.util | Redefining 'Wh' (<class 'pint.delegates.txt_defparser.plain.UnitDefinition'>)
2026-09-26 23:02:03 | INFO | Process-19[14772] | charge_discharge.cycle_executor | CH0 - Cycle 1 starting
2026-09-26 23:02:03 | INFO | Process-19[14772] | charge_discharge.cycle_executor | CH0 - Cycle settings: [{'cycle_type': 'step', 'cycle_display': 'Discharge', 'drive_style': 'current_a', 'drive_value': -10.0, 'drive_value_other': 0.0, 'end_style': 'time_s', 'end_condition': 'greater', 'end_value': 0.05, 'meas_log_int_s': 0.01, 'safety_min_voltage_v': 2.0, 'safety_max_voltage_v': 4.3, 'safety_min_current_a': -10.0, 'safety_max_current_a': 10.0, 'safety_max_time_s': 2.0}]
2026-09-26 23:02:03 | INFO | Process-19[14772] | charge_discharge.cycle_executor | CH0 - Cycle 1 step 0 starting
2026-09-26 23:02:03 | INFO | Process-19[14772] | charge_discharge.cycle_executor | CH0 - Step settings: {'cycle_type': 'step', 'cycle_display': 'Discharge', 'drive_style': 'current_a', 'drive_value': -10.0, 'drive_value_other': 0.0, 'end_style': 'time_s', 'end_condition': 'greater', 'end_value': 0.05, 'meas_log_int_s': 0.01, 'safety_min_voltage_v': 2.0, 'safety_max_voltage_v': 4.3, 'safety_min_current_a': -10.0, 'safety_max_current_a': 10.0, 'safety_max_time_s': 2.0}
2026-09-26 23:02:03 | INFO | Process-19[14772] | charge_discharge.runner | Voltage measurement equipment chosen
2026-09-26 23:02:03 | INFO | Process-19[14772] | charge_discharge.runner | Current measurement equipment chosen
2026-09-26 23:02:03 | INFO | Process-19[14772] | charge_discharge.runner | Current-driven step setup
2026-09-26 23:02:03 | INFO | Process-19[14772] | charge_discharge.runner | Start step successful
2026-09-26 23:02:03 | INFO | Process-19[14772] | charge_discharge.runner | End condition before measurement loop: none
2026-09-26 23:02:03 | INFO | Process-19[14772] | charge_discharge.cycle_executor | CH0 - Cycle 1 step 0 ending; reason: end_condition
2026-09-26 23:02:03 | INFO | Process-19[14772] | charge_discharge.cycle_executor | CH0 - Cycle 1 ending
2026-09-26 23:02:03 | INFO | Process-19[14772] | charge_discharge.cycle_executor | CH0 - Cycle 2 starting
2026-09-26 23:02:03 | INFO | Process-19[14772] | charge_discharge.cycle_executor | CH0 - Cycle settings: [{'cycle_type': 'step', 'cycle_display': 'Discharge', 'drive_style': 'current_a', 'drive_value': -10.0, 'drive_value_other': 0.0, 'end_style': 'time_s', 'end_condition': 'greater', 'end_value': 0.05, 'meas_log_int_s': 0.01, 'safety_min_voltage_v': 2.0, 'safety_max_voltage_v': 4.3, 'safety_min_current_a': -10.0, 'safety_max_current_a': 10.0, 'safety_max_time_s': 2.0}]
2026-09-26 23:02:03 | INFO | Process-19[14772] | charge_discharge.cycle_executor | CH0 - Cycle 2 step 0 starting
2026-09-26 23:02:03 | INFO | Process-19[14772] | charge_discharge.cycle_executor | CH0 - Step settings: {'cycle_type': 'step', 'cycle_display': 'Discharge', 'drive_style': 'current_a', 'drive_value': -10.0, 'drive_value_other': 0.0, 'end_style': 'time_s', 'end_condition': 'greater', 'end_value': 0.05, 'meas_log_int_s': 0.01, 'safety_min_voltage_v': 2.0, 'safety_max_voltage_v': 4.3, 'safety_min_current_a': -10.0, 'safety_max_current_a': 10.0, 'safety_max_time_s': 2.0}
2026-09-26 23:02:03 | INFO | Process-19[14772] | charge_discharge.runner | Voltage measurement equipment chosen
2026-09-26 23:02:03 | INFO | Process-19[14772] | charge_discharge.runner | Current measurement equipment chosen
2026-09-26 23:02:03 | INFO | Process-19[14772] | charge_discharge.runner | Current-driven step setup
2026-09-26 23:02:03 | INFO | Process-19[14772] | charge_discharge.runner | Start step successful
2026-09-26 23:02:04 | INFO | Process-19[14772] | charge_discharge.runner | End condition before measurement loop: none
2026-09-26 23:02:04 | INFO | Process-19[14772] | charge_discharge.cycle_executor | CH0 - Cycle 2 step 0 ending; reason: end_condition
2026-09-26 23:02:04 | INFO | Process-19[14772] | charge_discharge.cycle_executor | CH0 - Cycle 2 ending
2026-09-26 23:02:04 | INFO | Process-19[14772] | charge_discharge.cycle_executor | CH0 - All cycles completed
2026-09-26 23:02:06 | INFO | Process-21[32108] | equipment | Virtual device connected: Fake Test PSU
2026-09-26 23:02:07 | INFO | Process-22[27024] | equipment | Virtual device connected: Fake Test Eload
2026-09-26 23:02:08 | INFO | Process-23[45384] | equipment | Virtual device connected: Fake Test DMM
2026-09-26 23:02:10 | INFO | Process-24[42816] | equipment | Virtual device connected: Fake Test DMM
2026-09-26 23:02:11 | INFO | Process-25[45396] | equipment | Virtual device connected: Fake Test DMM
2026-09-26 23:02:13 | WARNING | Process-26[30164] | pint.util | Redefining 'ampere_hour' (<class 'pint.delegates.txt_defparser.plain.UnitDefinition'>)
2026-09-26 23:02:13 | WARNING | Process-26[30164] | pint.util | Redefining 'Ah' (<class 'pint.delegates.txt_defparser.plain.UnitDefinition'>)
2026-09-26 23:02:13 | WARNING | Process-26[30164] | pint.util | Redefining 'watt_hour' (<class 'pint.delegates.txt_defparser.plain.UnitDefinition'>)
2026-09-26 23:02:13 | WARNING | Process-26[30164] | pint.util | Redefining 'Wh' (<class 'pint.delegates.txt_defparser.plain.UnitDefinition'>)
2026-09-26 23:02:14 | INFO | Process-26[30164] | charge_discharge.cycle_executor | CH0 - Cycle 3 starting
2026-09-26 23:02:14 | INFO | Process-26[30164] | charge_discharge.cycle_executor | CH0 - Cycle settings: [{'cycle_type': 'step', 'cycle_display': 'Discharge', 'drive_style': 'current_a', 'drive_value': -10.0, 'drive_value_other': 0.0, 'end_style': 'time_s', 'end_condition': 'greater', 'end_value': 0.05, 'meas_log_int_s': 0.01, 'safety_min_voltage_v': 2.0, 'safety_max_voltage_v': 4.3, 'safety_min_current_a': -10.0, 'safety_max_current_a': 10.0, 'safety_max_time_s': 2.0}]
2026-09-26 23:02:14 | INFO | Process-26[30164] | charge_discharge.cycle_executor | CH0 - Cycle 3 step 0 starting
2026-09-26 23:02:14 | INFO | Process-26[30164] | charge_discharge.cycle_executor | CH0 - Step settings: {'cycle_type': 'step', 'cycle_display': 'Discharge', 'drive_style': 'current_a', 'drive_value': -10.0, 'drive_value_other': 0.0, 'end_style': 'time_s', 'end_condition': 'greater', 'end_value': 0.05, 'meas_log_int_s': 0.01, 'safety_min_voltage_v': 2.0, 'safety_max_voltage_v': 4.3, 'safety_min_current_a': -10.0, 'safety_max_current_a': 10.0, 'safety_max_time_s': 2.0}
2026-09-26 23:02:14 | INFO | Process-26[30164] | charge_discharge.runner | Voltage measurement equipment chosen
2026-09-26 23:02:14 | INFO | Process-26[30164] | charge_discharge.runner | Current measurement equipment chosen
2026-09-26 23:02:14 | INFO | Process-26[30164] | charge_discharge.runner | Current-driven step setup
2026-09-26 23:02:15 | INFO | Process-26[30164] | charge_discharge.runner | Start step successful
2026-09-26 23:02:15 | INFO | Process-26[30164] | charge_discharge.runner | End condition before measurement loop: none
2026-09-26 23:02:15 | INFO | Process-26[30164] | charge_discharge.cycle_executor | CH0 - Cycle 3 step 0 ending; reason: end_condition
2026-09-26 23:02:15 | INFO | Process-26[30164] | charge_discharge.cycle_executor | CH0 - Cycle 3 ending
2026-09-26 23:02:15 | INFO | Process-26[30164] | charge_discharge.cycle_executor | CH0 - All cycles completed
2026-09-26 23:02:17 | INFO | Process-28[39260] | equipment | Virtual device connected: Fake Test PSU
2026-09-26 23:02:18 | INFO | Process-29[43056] | equipment | Virtual device connected: Fake Test Eload
2026-09-26 23:02:20 | INFO | Process-30[9912] | equipment | Virtual device connected: Fake Test DMM
2026-09-26 23:02:21 | INFO | Process-31[44244] | equipment | Virtual device connected: Fake Test DMM
2026-09-26 23:02:22 | INFO | Process-32[18772] | equipment | Virtual device connected: Fake Test DMM
2026-09-26 23:02:24 | WARNING | Process-33[42540] | pint.util | Redefining 'ampere_hour' (<class 'pint.delegates.txt_defparser.plain.UnitDefinition'>)
2026-09-26 23:02:24 | WARNING | Process-33[42540] | pint.util | Redefining 'Ah' (<class 'pint.delegates.txt_defparser.plain.UnitDefinition'>)
2026-09-26 23:02:24 | WARNING | Process-33[42540] | pint.util | Redefining 'watt_hour' (<class 'pint.delegates.txt_defparser.plain.UnitDefinition'>)
2026-09-26 23:02:24 | WARNING | Process-33[42540] | pint.util | Redefining 'Wh' (<class 'pint.delegates.txt_defparser.plain.UnitDefinition'>)
2026-09-26 23:02:26 | INFO | Process-33[42540] | charge_discharge.cycle_executor | CH0 - Cycle 1 starting
2026-09-26 23:02:26 | INFO | Process-33[42540] | charge_discharge.cycle_executor | CH0 - Cycle settings: [{'cycle_type': 'step', 'drive_value_other': 4.2, 'end_style': 'time_s', 'end_condition': 'greater', 'end_value': 0.03, 'meas_log_int_s': 0.01, 'safety_min_voltage_v': 2.0, 'safety_max_voltage_v': 4.3, 'safety_min_current_a': -10.0, 'safety_max_current_a': 10.0, 'safety_max_time_s': 2.0, 'cycle_display': 'Charge', 'drive_style': 'current_a', 'drive_value': 1.0}, {'cycle_type': 'step', 'drive_value_other': 0.0, 'end_style': 'time_s', 'end_condition': 'greater', 'end_value': 0.03, 'meas_log_int_s': 0.01, 'safety_min_voltage_v': 2.0, 'safety_max_voltage_v': 4.3, 'safety_min_current_a': -10.0, 'safety_max_current_a': 10.0, 'safety_max_time_s': 2.0, 'cycle_display': 'Rest', 'drive_style': 'none', 'drive_value': 0.0}]
2026-09-26 23:02:26 | INFO | Process-33[42540] | charge_discharge.cycle_executor | CH0 - Cycle 1 step 0 starting
2026-09-26 23:02:26 | INFO | Process-33[42540] | charge_discharge.cycle_executor | CH0 - Step settings: {'cycle_type': 'step', 'drive_value_other': 4.2, 'end_style': 'time_s', 'end_condition': 'greater', 'end_value': 0.03, 'meas_log_int_s': 0.01, 'safety_min_voltage_v': 2.0, 'safety_max_voltage_v': 4.3, 'safety_min_current_a': -10.0, 'safety_max_current_a': 10.0, 'safety_max_time_s': 2.0, 'cycle_display': 'Charge', 'drive_style': 'current_a', 'drive_value': 1.0}
2026-09-26 23:02:26 | INFO | Process-33[42540] | charge_discharge.runner | Voltage measurement equipment chosen
2026-09-26 23:02:26 | INFO | Process-33[42540] | charge_discharge.runner | Current measurement equipment chosen
2026-09-26 23:02:26 | INFO | Process-33[42540] | charge_discharge.runner | Current-driven step setup
2026-09-26 23:02:26 | INFO | Process-33[42540] | charge_discharge.runner | Start step successful
2026-09-26 23:02:26 | INFO | Process-33[42540] | charge_discharge.runner | End condition before measurement loop: none
2026-09-26 23:02:26 | INFO | Process-33[42540] | charge_discharge.cycle_executor | CH0 - Cycle 1 step 0 ending; reason: end_condition
2026-09-26 23:02:26 | INFO | Process-33[42540] | charge_discharge.cycle_executor | CH0 - Cycle 1 step 1 starting
2026-09-26 23:02:26 | INFO | Process-33[42540] | charge_discharge.cycle_executor | CH0 - Step settings: {'cycle_type': 'step', 'drive_value_other': 0.0, 'end_style': 'time_s', 'end_condition': 'greater', 'end_value': 0.03, 'meas_log_int_s': 0.01, 'safety_min_voltage_v': 2.0, 'safety_max_voltage_v': 4.3, 'safety_min_current_a': -10.0, 'safety_max_current_a': 10.0, 'safety_max_time_s': 2.0, 'cycle_display': 'Rest', 'drive_style': 'none', 'drive_value': 0.0}
2026-09-26 23:02:26 | INFO | Process-33[42540] | charge_discharge.runner | Voltage measurement equipment chosen
2026-09-26 23:02:26 | INFO | Process-33[42540] | charge_discharge.runner | Current measurement equipment chosen
2026-09-26 23:02:26 | INFO | Process-33[42540] | charge_discharge.runner | Non-driven (rest) step setup
2026-09-26 23:02:26 | INFO | Process-33[42540] | charge_discharge.runner | Start step successful
2026-09-26 23:02:26 | INFO | Process-33[42540] | charge_discharge.runner | End condition before measurement loop: none
2026-09-26 23:02:26 | INFO | Process-33[42540] | charge_discharge.cycle_executor | CH0 - Cycle 1 step 1 ending; reason: end_condition
2026-09-26 23:02:26 | INFO | Process-33[42540] | charge_discharge.cycle_executor | CH0 - Cycle 1 ending
2026-09-26 23:02:26 | INFO | Process-33[42540] | charge_discharge.cycle_executor | CH0 - All cycles completed
2026-09-26 23:02:29 | INFO | Process-35[43976] | equipment | Virtual device connected: Fake Test PSU
2026-09-26 23:02:30 | INFO | Process-36[17052] | equipment | Virtual device connected: Fake Test Eload
2026-09-26 23:02:31 | INFO | Process-37[47908] | equipment | Virtual device connected: Fake Test DMM
2026-09-26 23:02:32 | INFO | Process-38[29480] | equipment | Virtual device connected: Fake Test DMM
2026-09-26 23:02:34 | INFO | Process-39[23224] | equipment | Virtual device connected: Fake Test DMM
2026-09-26 23:02:36 | WARNING | Process-40[38000] | pint.util | Redefining 'ampere_hour' (<class 'pint.delegates.txt_defparser.plain.UnitDefinition'>)
2026-09-26 23:02:36 | WARNING | Process-40[38000] | pint.util | Redefining 'Ah' (<class 'pint.delegates.txt_defparser.plain.UnitDefinition'>)
2026-09-26 23:02:36 | WARNING | Process-40[38000] | pint.util | Redefining 'watt_hour' (<class 'pint.delegates.txt_defparser.plain.UnitDefinition'>)
2026-09-26 23:02:36 | WARNING | Process-40[38000] | pint.util | Redefining 'Wh' (<class 'pint.delegates.txt_defparser.plain.UnitDefinition'>)
2026-09-26 23:02:37 | INFO | Process-40[38000] | charge_discharge.cycle_executor | CH0 - Cycle 1 starting
2026-09-26 23:02:37 | INFO | Process-40[38000] | charge_discharge.cycle_executor | CH0 - Cycle settings: [{'cycle_type': 'step', 'cycle_display': 'Discharge', 'drive_style': 'current_a', 'drive_value': -1.0, 'drive_value_other': 0, 'end_style': 'voltage_v', 'end_condition': 'lesser', 'end_value': 4.19, 'meas_log_int_s': 1, 'safety_min_voltage_v': 2.45, 'safety_max_voltage_v': 4.25, 'safety_min_current_a': -10, 'safety_max_current_a': 10, 'safety_max_time_s': 2.0}]
2026-09-26 23:02:37 | INFO | Process-40[38000] | charge_discharge.cycle_executor | CH0 - Cycle 1 step 0 starting
2026-09-26 23:02:37 | INFO | Process-40[38000] | charge_discharge.cycle_executor | CH0 - Step settings: {'cycle_type': 'step', 'cycle_display': 'Discharge', 'drive_style': 'current_a', 'drive_value': -1.0, 'drive_value_other': 0, 'end_style': 'voltage_v', 'end_condition': 'lesser', 'end_value': 4.19, 'meas_log_int_s': 1, 'safety_min_voltage_v': 2.45, 'safety_max_voltage_v': 4.25, 'safety_min_current_a': -10, 'safety_max_current_a': 10, 'safety_max_time_s': 2.0}
2026-09-26 23:02:37 | INFO | Process-40[38000] | charge_discharge.runner | Voltage measurement equipment chosen
2026-09-26 23:02:37 | INFO | Process-40[38000] | charge_discharge.runner | Current measurement equipment chosen
2026-09-26 23:02:37 | INFO | Process-40[38000] | charge_discharge.runner | Current-driven step setup
2026-09-26 23:02:38 | INFO | Process-40[38000] | charge_discharge.runner | Start step successful
2026-09-26 23:02:38 | INFO | Process-40[38000] | charge_discharge.runner | End condition before measurement loop: end_condition
2026-09-26 23:02:38 | INFO | Process-40[38000] | charge_discharge.cycle_executor | CH0 - Cycle 1 step 0 ending; reason: end_condition
2026-09-26 23:02:38 | INFO | Process-40[38000] | charge_discharge.cycle_executor | CH0 - Cycle 1 ending
2026-09-26 23:02:38 | INFO | Process-40[38000] | charge_discharge.cycle_executor | CH0 - All cycles completed
2026-09-26 23:05:36 | INFO | Process-7[35696] | equipment | Virtual device connected: Fake Test PSU
2026-09-26 23:05:38 | INFO | Process-8[28292] | equipment | Virtual device connected: Fake Test Eload
2026-09-26 23:05:39 | INFO | Process-9[18260] | equipment | Virtual device connected: Fake Test DMM
2026-09-26 23:05:40 | INFO | Process-10[20212] | equipment | Virtual device connected: Fake Test DMM
2026-09-26 23:05:41 | INFO | Process-11[26240] | equipment | Virtual device connected: Fake Test DMM
2026-09-26 23:05:41 | ERROR | Process-10[20212] | equipment | Virtual device operation failed: measure_current
Traceback (most recent call last):
  File "D:\Documents\GitHub\Test_Equipment_Control\equipment.py", line 262, in virtual_device_management_process
    return_data = _dispatch_virtual_device_method(device, operation, args, kwargs)
  File "D:\Documents\GitHub\Test_Equipment_Control\equipment.py", line 152, in _dispatch_virtual_device_method
    return method(*args, **kwargs)
  File "D:\Documents\GitHub\Test_Equipment_Control\lab_equipment\DMM_Fake.py", line 15, in measure_current
    return require_simulation_link(self.battery_link, "Fake DMM").measure_current()
           ~~~~~~~~~~~~~~~~~~~~~~~^^^^^^^^^^^^^^^^^^^^^^^^^^^^^^^
  File "D:\Documents\GitHub\Test_Equipment_Control\battery_app\simulation.py", line 25, in require_simulation_link
    raise FakeInstrumentNotAttachedError(
        f"{instrument_name} requires an attached SIMULATED_LG_MJ1 battery link"
    )
battery_app.simulation.FakeInstrumentNotAttachedError: Fake DMM requires an attached SIMULATED_LG_MJ1 battery link
2026-09-26 23:05:43 | INFO | Process-14[11632] | equipment | Virtual device connected: Fake Test PSU
2026-09-26 23:05:44 | INFO | Process-15[21220] | equipment | Virtual device connected: Fake Test Eload
2026-09-26 23:05:46 | INFO | Process-16[44084] | equipment | Virtual device connected: Fake Test DMM
2026-09-26 23:05:47 | INFO | Process-17[3284] | equipment | Virtual device connected: Fake Test DMM
2026-09-26 23:05:48 | INFO | Process-18[38332] | equipment | Virtual device connected: Fake Test DMM
2026-09-26 23:05:50 | WARNING | Process-19[30784] | pint.util | Redefining 'ampere_hour' (<class 'pint.delegates.txt_defparser.plain.UnitDefinition'>)
2026-09-26 23:05:50 | WARNING | Process-19[30784] | pint.util | Redefining 'Ah' (<class 'pint.delegates.txt_defparser.plain.UnitDefinition'>)
2026-09-26 23:05:50 | WARNING | Process-19[30784] | pint.util | Redefining 'watt_hour' (<class 'pint.delegates.txt_defparser.plain.UnitDefinition'>)
2026-09-26 23:05:50 | WARNING | Process-19[30784] | pint.util | Redefining 'Wh' (<class 'pint.delegates.txt_defparser.plain.UnitDefinition'>)
2026-09-26 23:05:52 | INFO | Process-19[30784] | charge_discharge.cycle_executor | CH0 - Cycle 1 starting
2026-09-26 23:05:52 | INFO | Process-19[30784] | charge_discharge.cycle_executor | CH0 - Cycle settings: [{'cycle_type': 'step', 'cycle_display': 'Discharge', 'drive_style': 'current_a', 'drive_value': -10.0, 'drive_value_other': 0.0, 'end_style': 'time_s', 'end_condition': 'greater', 'end_value': 0.05, 'meas_log_int_s': 0.01, 'safety_min_voltage_v': 2.0, 'safety_max_voltage_v': 4.3, 'safety_min_current_a': -10.0, 'safety_max_current_a': 10.0, 'safety_max_time_s': 2.0}]
2026-09-26 23:05:52 | INFO | Process-19[30784] | charge_discharge.cycle_executor | CH0 - Cycle 1 step 0 starting
2026-09-26 23:05:52 | INFO | Process-19[30784] | charge_discharge.cycle_executor | CH0 - Step settings: {'cycle_type': 'step', 'cycle_display': 'Discharge', 'drive_style': 'current_a', 'drive_value': -10.0, 'drive_value_other': 0.0, 'end_style': 'time_s', 'end_condition': 'greater', 'end_value': 0.05, 'meas_log_int_s': 0.01, 'safety_min_voltage_v': 2.0, 'safety_max_voltage_v': 4.3, 'safety_min_current_a': -10.0, 'safety_max_current_a': 10.0, 'safety_max_time_s': 2.0}
2026-09-26 23:05:52 | INFO | Process-19[30784] | charge_discharge.runner | Voltage measurement equipment chosen
2026-09-26 23:05:52 | INFO | Process-19[30784] | charge_discharge.runner | Current measurement equipment chosen
2026-09-26 23:05:52 | INFO | Process-19[30784] | charge_discharge.runner | Current-driven step setup
2026-09-26 23:05:52 | INFO | Process-19[30784] | charge_discharge.runner | Start step successful
2026-09-26 23:05:52 | INFO | Process-19[30784] | charge_discharge.runner | End condition before measurement loop: none
2026-09-26 23:05:52 | INFO | Process-19[30784] | charge_discharge.cycle_executor | CH0 - Cycle 1 step 0 ending; reason: end_condition
2026-09-26 23:05:52 | INFO | Process-19[30784] | charge_discharge.cycle_executor | CH0 - Cycle 1 ending
2026-09-26 23:05:52 | INFO | Process-19[30784] | charge_discharge.cycle_executor | CH0 - Cycle 2 starting
2026-09-26 23:05:52 | INFO | Process-19[30784] | charge_discharge.cycle_executor | CH0 - Cycle settings: [{'cycle_type': 'step', 'cycle_display': 'Discharge', 'drive_style': 'current_a', 'drive_value': -10.0, 'drive_value_other': 0.0, 'end_style': 'time_s', 'end_condition': 'greater', 'end_value': 0.05, 'meas_log_int_s': 0.01, 'safety_min_voltage_v': 2.0, 'safety_max_voltage_v': 4.3, 'safety_min_current_a': -10.0, 'safety_max_current_a': 10.0, 'safety_max_time_s': 2.0}]
2026-09-26 23:05:52 | INFO | Process-19[30784] | charge_discharge.cycle_executor | CH0 - Cycle 2 step 0 starting
2026-09-26 23:05:52 | INFO | Process-19[30784] | charge_discharge.cycle_executor | CH0 - Step settings: {'cycle_type': 'step', 'cycle_display': 'Discharge', 'drive_style': 'current_a', 'drive_value': -10.0, 'drive_value_other': 0.0, 'end_style': 'time_s', 'end_condition': 'greater', 'end_value': 0.05, 'meas_log_int_s': 0.01, 'safety_min_voltage_v': 2.0, 'safety_max_voltage_v': 4.3, 'safety_min_current_a': -10.0, 'safety_max_current_a': 10.0, 'safety_max_time_s': 2.0}
2026-09-26 23:05:52 | INFO | Process-19[30784] | charge_discharge.runner | Voltage measurement equipment chosen
2026-09-26 23:05:52 | INFO | Process-19[30784] | charge_discharge.runner | Current measurement equipment chosen
2026-09-26 23:05:52 | INFO | Process-19[30784] | charge_discharge.runner | Current-driven step setup
2026-09-26 23:05:52 | INFO | Process-19[30784] | charge_discharge.runner | Start step successful
2026-09-26 23:05:52 | INFO | Process-19[30784] | charge_discharge.runner | End condition before measurement loop: none
2026-09-26 23:05:52 | INFO | Process-19[30784] | charge_discharge.cycle_executor | CH0 - Cycle 2 step 0 ending; reason: end_condition
2026-09-26 23:05:52 | INFO | Process-19[30784] | charge_discharge.cycle_executor | CH0 - Cycle 2 ending
2026-09-26 23:05:52 | INFO | Process-19[30784] | charge_discharge.cycle_executor | CH0 - All cycles completed
2026-09-26 23:05:55 | INFO | Process-21[43600] | equipment | Virtual device connected: Fake Test PSU
2026-09-26 23:05:56 | INFO | Process-22[17148] | equipment | Virtual device connected: Fake Test Eload
2026-09-26 23:05:57 | INFO | Process-23[42704] | equipment | Virtual device connected: Fake Test DMM
2026-09-26 23:05:58 | INFO | Process-24[4296] | equipment | Virtual device connected: Fake Test DMM
2026-09-26 23:05:59 | INFO | Process-25[15196] | equipment | Virtual device connected: Fake Test DMM
2026-09-26 23:06:01 | WARNING | Process-26[13640] | pint.util | Redefining 'ampere_hour' (<class 'pint.delegates.txt_defparser.plain.UnitDefinition'>)
2026-09-26 23:06:01 | WARNING | Process-26[13640] | pint.util | Redefining 'Ah' (<class 'pint.delegates.txt_defparser.plain.UnitDefinition'>)
2026-09-26 23:06:01 | WARNING | Process-26[13640] | pint.util | Redefining 'watt_hour' (<class 'pint.delegates.txt_defparser.plain.UnitDefinition'>)
2026-09-26 23:06:01 | WARNING | Process-26[13640] | pint.util | Redefining 'Wh' (<class 'pint.delegates.txt_defparser.plain.UnitDefinition'>)
2026-09-26 23:06:03 | INFO | Process-26[13640] | charge_discharge.cycle_executor | CH0 - Cycle 3 starting
2026-09-26 23:06:03 | INFO | Process-26[13640] | charge_discharge.cycle_executor | CH0 - Cycle settings: [{'cycle_type': 'step', 'cycle_display': 'Discharge', 'drive_style': 'current_a', 'drive_value': -10.0, 'drive_value_other': 0.0, 'end_style': 'time_s', 'end_condition': 'greater', 'end_value': 0.05, 'meas_log_int_s': 0.01, 'safety_min_voltage_v': 2.0, 'safety_max_voltage_v': 4.3, 'safety_min_current_a': -10.0, 'safety_max_current_a': 10.0, 'safety_max_time_s': 2.0}]
2026-09-26 23:06:03 | INFO | Process-26[13640] | charge_discharge.cycle_executor | CH0 - Cycle 3 step 0 starting
2026-09-26 23:06:03 | INFO | Process-26[13640] | charge_discharge.cycle_executor | CH0 - Step settings: {'cycle_type': 'step', 'cycle_display': 'Discharge', 'drive_style': 'current_a', 'drive_value': -10.0, 'drive_value_other': 0.0, 'end_style': 'time_s', 'end_condition': 'greater', 'end_value': 0.05, 'meas_log_int_s': 0.01, 'safety_min_voltage_v': 2.0, 'safety_max_voltage_v': 4.3, 'safety_min_current_a': -10.0, 'safety_max_current_a': 10.0, 'safety_max_time_s': 2.0}
2026-09-26 23:06:03 | INFO | Process-26[13640] | charge_discharge.runner | Voltage measurement equipment chosen
2026-09-26 23:06:03 | INFO | Process-26[13640] | charge_discharge.runner | Current measurement equipment chosen
2026-09-26 23:06:03 | INFO | Process-26[13640] | charge_discharge.runner | Current-driven step setup
2026-09-26 23:06:03 | INFO | Process-26[13640] | charge_discharge.runner | Start step successful
2026-09-26 23:06:03 | INFO | Process-26[13640] | charge_discharge.runner | End condition before measurement loop: none
2026-09-26 23:06:03 | INFO | Process-26[13640] | charge_discharge.cycle_executor | CH0 - Cycle 3 step 0 ending; reason: end_condition
2026-09-26 23:06:03 | INFO | Process-26[13640] | charge_discharge.cycle_executor | CH0 - Cycle 3 ending
2026-09-26 23:06:03 | INFO | Process-26[13640] | charge_discharge.cycle_executor | CH0 - All cycles completed
2026-09-26 23:06:06 | INFO | Process-28[22496] | equipment | Virtual device connected: Fake Test PSU
2026-09-26 23:06:07 | INFO | Process-29[26408] | equipment | Virtual device connected: Fake Test Eload
2026-09-26 23:06:08 | INFO | Process-30[47516] | equipment | Virtual device connected: Fake Test DMM
2026-09-26 23:06:09 | INFO | Process-31[23540] | equipment | Virtual device connected: Fake Test DMM
2026-09-26 23:06:11 | INFO | Process-32[12996] | equipment | Virtual device connected: Fake Test DMM
2026-09-26 23:06:13 | WARNING | Process-33[19276] | pint.util | Redefining 'ampere_hour' (<class 'pint.delegates.txt_defparser.plain.UnitDefinition'>)
2026-09-26 23:06:13 | WARNING | Process-33[19276] | pint.util | Redefining 'Ah' (<class 'pint.delegates.txt_defparser.plain.UnitDefinition'>)
2026-09-26 23:06:13 | WARNING | Process-33[19276] | pint.util | Redefining 'watt_hour' (<class 'pint.delegates.txt_defparser.plain.UnitDefinition'>)
2026-09-26 23:06:13 | WARNING | Process-33[19276] | pint.util | Redefining 'Wh' (<class 'pint.delegates.txt_defparser.plain.UnitDefinition'>)
2026-09-26 23:06:14 | INFO | Process-33[19276] | charge_discharge.cycle_executor | CH0 - Cycle 1 starting
2026-09-26 23:06:14 | INFO | Process-33[19276] | charge_discharge.cycle_executor | CH0 - Cycle settings: [{'cycle_type': 'step', 'drive_value_other': 4.2, 'end_style': 'time_s', 'end_condition': 'greater', 'end_value': 0.03, 'meas_log_int_s': 0.01, 'safety_min_voltage_v': 2.0, 'safety_max_voltage_v': 4.3, 'safety_min_current_a': -10.0, 'safety_max_current_a': 10.0, 'safety_max_time_s': 2.0, 'cycle_display': 'Charge', 'drive_style': 'current_a', 'drive_value': 1.0}, {'cycle_type': 'step', 'drive_value_other': 0.0, 'end_style': 'time_s', 'end_condition': 'greater', 'end_value': 0.03, 'meas_log_int_s': 0.01, 'safety_min_voltage_v': 2.0, 'safety_max_voltage_v': 4.3, 'safety_min_current_a': -10.0, 'safety_max_current_a': 10.0, 'safety_max_time_s': 2.0, 'cycle_display': 'Rest', 'drive_style': 'none', 'drive_value': 0.0}]
2026-09-26 23:06:14 | INFO | Process-33[19276] | charge_discharge.cycle_executor | CH0 - Cycle 1 step 0 starting
2026-09-26 23:06:14 | INFO | Process-33[19276] | charge_discharge.cycle_executor | CH0 - Step settings: {'cycle_type': 'step', 'drive_value_other': 4.2, 'end_style': 'time_s', 'end_condition': 'greater', 'end_value': 0.03, 'meas_log_int_s': 0.01, 'safety_min_voltage_v': 2.0, 'safety_max_voltage_v': 4.3, 'safety_min_current_a': -10.0, 'safety_max_current_a': 10.0, 'safety_max_time_s': 2.0, 'cycle_display': 'Charge', 'drive_style': 'current_a', 'drive_value': 1.0}
2026-09-26 23:06:14 | INFO | Process-33[19276] | charge_discharge.runner | Voltage measurement equipment chosen
2026-09-26 23:06:14 | INFO | Process-33[19276] | charge_discharge.runner | Current measurement equipment chosen
2026-09-26 23:06:14 | INFO | Process-33[19276] | charge_discharge.runner | Current-driven step setup
2026-09-26 23:06:14 | INFO | Process-33[19276] | charge_discharge.runner | Start step successful
2026-09-26 23:06:14 | INFO | Process-33[19276] | charge_discharge.runner | End condition before measurement loop: none
2026-09-26 23:06:14 | INFO | Process-33[19276] | charge_discharge.cycle_executor | CH0 - Cycle 1 step 0 ending; reason: end_condition
2026-09-26 23:06:14 | INFO | Process-33[19276] | charge_discharge.cycle_executor | CH0 - Cycle 1 step 1 starting
2026-09-26 23:06:14 | INFO | Process-33[19276] | charge_discharge.cycle_executor | CH0 - Step settings: {'cycle_type': 'step', 'drive_value_other': 0.0, 'end_style': 'time_s', 'end_condition': 'greater', 'end_value': 0.03, 'meas_log_int_s': 0.01, 'safety_min_voltage_v': 2.0, 'safety_max_voltage_v': 4.3, 'safety_min_current_a': -10.0, 'safety_max_current_a': 10.0, 'safety_max_time_s': 2.0, 'cycle_display': 'Rest', 'drive_style': 'none', 'drive_value': 0.0}
2026-09-26 23:06:14 | INFO | Process-33[19276] | charge_discharge.runner | Voltage measurement equipment chosen
2026-09-26 23:06:14 | INFO | Process-33[19276] | charge_discharge.runner | Current measurement equipment chosen
2026-09-26 23:06:14 | INFO | Process-33[19276] | charge_discharge.runner | Non-driven (rest) step setup
2026-09-26 23:06:15 | INFO | Process-33[19276] | charge_discharge.runner | Start step successful
2026-09-26 23:06:15 | INFO | Process-33[19276] | charge_discharge.runner | End condition before measurement loop: none
2026-09-26 23:06:15 | INFO | Process-33[19276] | charge_discharge.cycle_executor | CH0 - Cycle 1 step 1 ending; reason: end_condition
2026-09-26 23:06:15 | INFO | Process-33[19276] | charge_discharge.cycle_executor | CH0 - Cycle 1 ending
2026-09-26 23:06:15 | INFO | Process-33[19276] | charge_discharge.cycle_executor | CH0 - All cycles completed
2026-09-26 23:06:17 | INFO | Process-35[23828] | equipment | Virtual device connected: Fake Test PSU
2026-09-26 23:06:18 | INFO | Process-36[5452] | equipment | Virtual device connected: Fake Test Eload
2026-09-26 23:06:20 | INFO | Process-37[30744] | equipment | Virtual device connected: Fake Test DMM
2026-09-26 23:06:21 | INFO | Process-38[33592] | equipment | Virtual device connected: Fake Test DMM
2026-09-26 23:06:22 | INFO | Process-39[23008] | equipment | Virtual device connected: Fake Test DMM
2026-09-26 23:06:24 | WARNING | Process-40[31756] | pint.util | Redefining 'ampere_hour' (<class 'pint.delegates.txt_defparser.plain.UnitDefinition'>)
2026-09-26 23:06:24 | WARNING | Process-40[31756] | pint.util | Redefining 'Ah' (<class 'pint.delegates.txt_defparser.plain.UnitDefinition'>)
2026-09-26 23:06:24 | WARNING | Process-40[31756] | pint.util | Redefining 'watt_hour' (<class 'pint.delegates.txt_defparser.plain.UnitDefinition'>)
2026-09-26 23:06:24 | WARNING | Process-40[31756] | pint.util | Redefining 'Wh' (<class 'pint.delegates.txt_defparser.plain.UnitDefinition'>)
2026-09-26 23:06:26 | INFO | Process-40[31756] | charge_discharge.cycle_executor | CH0 - Cycle 1 starting
2026-09-26 23:06:26 | INFO | Process-40[31756] | charge_discharge.cycle_executor | CH0 - Cycle settings: [{'cycle_type': 'step', 'cycle_display': 'Discharge', 'drive_style': 'current_a', 'drive_value': -1.0, 'drive_value_other': 0, 'end_style': 'voltage_v', 'end_condition': 'lesser', 'end_value': 4.19, 'meas_log_int_s': 1, 'safety_min_voltage_v': 2.45, 'safety_max_voltage_v': 4.25, 'safety_min_current_a': -10, 'safety_max_current_a': 10, 'safety_max_time_s': 2.0}]
2026-09-26 23:06:26 | INFO | Process-40[31756] | charge_discharge.cycle_executor | CH0 - Cycle 1 step 0 starting
2026-09-26 23:06:26 | INFO | Process-40[31756] | charge_discharge.cycle_executor | CH0 - Step settings: {'cycle_type': 'step', 'cycle_display': 'Discharge', 'drive_style': 'current_a', 'drive_value': -1.0, 'drive_value_other': 0, 'end_style': 'voltage_v', 'end_condition': 'lesser', 'end_value': 4.19, 'meas_log_int_s': 1, 'safety_min_voltage_v': 2.45, 'safety_max_voltage_v': 4.25, 'safety_min_current_a': -10, 'safety_max_current_a': 10, 'safety_max_time_s': 2.0}
2026-09-26 23:06:26 | INFO | Process-40[31756] | charge_discharge.runner | Voltage measurement equipment chosen
2026-09-26 23:06:26 | INFO | Process-40[31756] | charge_discharge.runner | Current measurement equipment chosen
2026-09-26 23:06:26 | INFO | Process-40[31756] | charge_discharge.runner | Current-driven step setup
2026-09-26 23:06:26 | INFO | Process-40[31756] | charge_discharge.runner | Start step successful
2026-09-26 23:06:26 | INFO | Process-40[31756] | charge_discharge.runner | End condition before measurement loop: end_condition
2026-09-26 23:06:26 | INFO | Process-40[31756] | charge_discharge.cycle_executor | CH0 - Cycle 1 step 0 ending; reason: end_condition
2026-09-26 23:06:26 | INFO | Process-40[31756] | charge_discharge.cycle_executor | CH0 - Cycle 1 ending
2026-09-26 23:06:26 | INFO | Process-40[31756] | charge_discharge.cycle_executor | CH0 - All cycles completed
2026-09-26 23:20:55 | INFO | Process-2[29320] | equipment | Virtual device connected: SPD1000
2026-09-26 23:20:57 | WARNING | Process-3[39600] | pint.util | Redefining 'ampere_hour' (<class 'pint.delegates.txt_defparser.plain.UnitDefinition'>)
2026-09-26 23:20:57 | WARNING | Process-3[39600] | pint.util | Redefining 'Ah' (<class 'pint.delegates.txt_defparser.plain.UnitDefinition'>)
2026-09-26 23:20:57 | WARNING | Process-3[39600] | pint.util | Redefining 'watt_hour' (<class 'pint.delegates.txt_defparser.plain.UnitDefinition'>)
2026-09-26 23:20:57 | WARNING | Process-3[39600] | pint.util | Redefining 'Wh' (<class 'pint.delegates.txt_defparser.plain.UnitDefinition'>)
2026-09-26 23:20:59 | INFO | Process-3[39600] | charge_discharge.cycle_executor | CH0 - Cycle 1 starting
2026-09-26 23:20:59 | INFO | Process-3[39600] | charge_discharge.cycle_executor | CH0 - Cycle settings: [{'cycle_type': 'step', 'cycle_display': 'CC charge 1 A for 30 s', 'drive_style': 'current_a', 'drive_value': 1.0, 'drive_value_other': 4.2, 'end_style': 'time_s', 'end_condition': 'greater', 'end_value': 30.0, 'meas_log_int_s': 1.0, 'safety_min_voltage_v': 2.8, 'safety_max_voltage_v': 4.2, 'safety_min_current_a': -10.0, 'safety_max_current_a': 8.0, 'safety_max_time_s': 40.0}]
2026-09-26 23:20:59 | INFO | Process-3[39600] | charge_discharge.cycle_executor | CH0 - Cycle 1 step 0 starting
2026-09-26 23:20:59 | INFO | Process-3[39600] | charge_discharge.cycle_executor | CH0 - Step settings: {'cycle_type': 'step', 'cycle_display': 'CC charge 1 A for 30 s', 'drive_style': 'current_a', 'drive_value': 1.0, 'drive_value_other': 4.2, 'end_style': 'time_s', 'end_condition': 'greater', 'end_value': 30.0, 'meas_log_int_s': 1.0, 'safety_min_voltage_v': 2.8, 'safety_max_voltage_v': 4.2, 'safety_min_current_a': -10.0, 'safety_max_current_a': 8.0, 'safety_max_time_s': 40.0}
2026-09-26 23:20:59 | INFO | Process-3[39600] | charge_discharge.runner | Voltage measurement equipment chosen
2026-09-26 23:20:59 | INFO | Process-3[39600] | charge_discharge.runner | Current measurement equipment chosen
2026-09-26 23:20:59 | INFO | Process-3[39600] | charge_discharge.runner | Current-driven step setup
2026-09-26 23:20:59 | INFO | Process-3[39600] | charge_discharge.runner | Start step successful
2026-09-26 23:20:59 | WARNING | Process-3[39600] | charge_discharge.runner | Safety limit reached: {'Voltage': 0.0, 'Current': 0.0, 'Step ID': 1, 'Data_Timestamp': 427683.012828, 'Unix_Timestamp': 1790479259.9240885, 'Cycle Charging Capacity / Ah': 0.0, 'Cycle Discharging Capacity / Ah': 0.0, 'Cycle Charging Energy / Wh': 0.0, 'Cycle Discharging Energy / Wh': 0.0, 'Data_Timestamp_From_Step_Start': 0.10030859999824315}
2026-09-26 23:20:59 | INFO | Process-3[39600] | charge_discharge.runner | End condition before measurement loop: safety_condition
2026-09-26 23:20:59 | INFO | Process-3[39600] | charge_discharge.cycle_executor | CH0 - Cycle 1 step 0 ending; reason: safety_condition
2026-09-26 23:20:59 | INFO | Process-3[39600] | charge_discharge.cycle_executor | CH0 - Ending all cycles
2026-09-26 23:21:00 | WARNING | Process-3[39600] | charge_discharge.cycle_executor | CH0 - Safety limit hit
2026-09-26 23:27:01 | INFO | Process-2[27908] | equipment | Virtual device connected: SPD1000
2026-09-26 23:27:02 | WARNING | Process-3[25052] | pint.util | Redefining 'ampere_hour' (<class 'pint.delegates.txt_defparser.plain.UnitDefinition'>)
2026-09-26 23:27:02 | WARNING | Process-3[25052] | pint.util | Redefining 'Ah' (<class 'pint.delegates.txt_defparser.plain.UnitDefinition'>)
2026-09-26 23:27:02 | WARNING | Process-3[25052] | pint.util | Redefining 'watt_hour' (<class 'pint.delegates.txt_defparser.plain.UnitDefinition'>)
2026-09-26 23:27:02 | WARNING | Process-3[25052] | pint.util | Redefining 'Wh' (<class 'pint.delegates.txt_defparser.plain.UnitDefinition'>)
2026-09-26 23:27:04 | INFO | Process-3[25052] | charge_discharge.cycle_executor | CH0 - Cycle 1 starting
2026-09-26 23:27:04 | INFO | Process-3[25052] | charge_discharge.cycle_executor | CH0 - Cycle settings: [{'cycle_type': 'step', 'cycle_display': 'CC charge 1 A for 30 s', 'drive_style': 'current_a', 'drive_value': 1.0, 'drive_value_other': 4.2, 'end_style': 'time_s', 'end_condition': 'greater', 'end_value': 30.0, 'meas_log_int_s': 1.0, 'safety_min_voltage_v': 2.8, 'safety_max_voltage_v': 4.2, 'safety_min_current_a': -10.0, 'safety_max_current_a': 8.0, 'safety_max_time_s': 40.0}]
2026-09-26 23:27:04 | INFO | Process-3[25052] | charge_discharge.cycle_executor | CH0 - Cycle 1 step 0 starting
2026-09-26 23:27:04 | INFO | Process-3[25052] | charge_discharge.cycle_executor | CH0 - Step settings: {'cycle_type': 'step', 'cycle_display': 'CC charge 1 A for 30 s', 'drive_style': 'current_a', 'drive_value': 1.0, 'drive_value_other': 4.2, 'end_style': 'time_s', 'end_condition': 'greater', 'end_value': 30.0, 'meas_log_int_s': 1.0, 'safety_min_voltage_v': 2.8, 'safety_max_voltage_v': 4.2, 'safety_min_current_a': -10.0, 'safety_max_current_a': 8.0, 'safety_max_time_s': 40.0}
2026-09-26 23:27:04 | INFO | Process-3[25052] | charge_discharge.runner | Voltage measurement equipment chosen
2026-09-26 23:27:04 | INFO | Process-3[25052] | charge_discharge.runner | Current measurement equipment chosen
2026-09-26 23:27:04 | INFO | Process-3[25052] | charge_discharge.runner | Current-driven step setup
2026-09-26 23:27:04 | INFO | Process-3[25052] | charge_discharge.runner | Start step successful
2026-09-26 23:27:05 | INFO | Process-3[25052] | charge_discharge.runner | End condition before measurement loop: none
2026-09-26 23:27:35 | INFO | Process-3[25052] | charge_discharge.cycle_executor | CH0 - Cycle 1 step 0 ending; reason: end_condition
2026-09-26 23:27:35 | INFO | Process-3[25052] | charge_discharge.cycle_executor | CH0 - Cycle 1 ending
2026-09-26 23:27:35 | INFO | Process-3[25052] | charge_discharge.cycle_executor | CH0 - All cycles completed
2026-09-26 23:36:50 | INFO | Process-2[47012] | lab_equipment.PSU_SPD1000 | SPD1168X error queue after initialize: select CH1: +0, No error
2026-09-26 23:36:50 | INFO | Process-2[47012] | lab_equipment.PSU_SPD1000 | SPD1168X error queue after initialize: query selected channel: +0, No error
2026-09-26 23:36:50 | INFO | Process-2[47012] | lab_equipment.PSU_SPD1000 | SPD1168X error queue after set command lock off: +0, No error
2026-09-26 23:36:50 | INFO | Process-2[47012] | lab_equipment.PSU_SPD1000 | SPD1168X error queue after set output off: +0, No error
2026-09-26 23:36:50 | INFO | Process-2[47012] | lab_equipment.PSU_SPD1000 | SPD1168X error queue after initialize: disable timer: +0, No error
2026-09-26 23:36:50 | INFO | Process-2[47012] | lab_equipment.PSU_SPD1000 | SPD1168X error queue after initialize: disable waveform: +0, No error
2026-09-26 23:36:50 | INFO | Process-2[47012] | lab_equipment.PSU_SPD1000 | SPD1168X error queue after set current to 0: +0, No error
2026-09-26 23:36:50 | INFO | Process-2[47012] | lab_equipment.PSU_SPD1000 | SPD1168X error queue after query current setpoint: +0, No error
2026-09-26 23:36:50 | INFO | Process-2[47012] | lab_equipment.PSU_SPD1000 | SPD1168X error queue after set voltage to 0: +0, No error
2026-09-26 23:36:51 | INFO | Process-2[47012] | lab_equipment.PSU_SPD1000 | SPD1168X error queue after query voltage setpoint: +0, No error
2026-09-26 23:36:51 | INFO | Process-2[47012] | lab_equipment.PSU_SPD1000 | SPD1168X error queue after set remote sense off: +0, No error
2026-09-26 23:36:51 | INFO | Process-2[47012] | lab_equipment.PSU_SPD1000 | SPD1168X error queue after check instrument status: +0, No error
2026-09-26 23:36:51 | INFO | Process-2[47012] | lab_equipment.PSU_SPD1000 | SPD1168X error queue after set remote sense off: +0, No error
2026-09-26 23:36:51 | INFO | Process-2[47012] | equipment | Virtual device connected: SPD1000
2026-09-26 23:36:53 | INFO | Process-2[47012] | lab_equipment.PSU_SPD1000 | SPD1168X error queue after set output off: +0, No error
2026-09-26 23:36:53 | INFO | Process-2[47012] | lab_equipment.PSU_SPD1000 | SPD1168X error queue after set voltage to 0: +0, No error
2026-09-26 23:36:53 | INFO | Process-2[47012] | lab_equipment.PSU_SPD1000 | SPD1168X error queue after query voltage setpoint: +0, No error
2026-09-26 23:36:53 | INFO | Process-2[47012] | lab_equipment.PSU_SPD1000 | SPD1168X error queue after set current to 0: +0, No error
2026-09-26 23:36:53 | INFO | Process-2[47012] | lab_equipment.PSU_SPD1000 | SPD1168X error queue after query current setpoint: +0, No error
2026-09-26 23:36:53 | INFO | Process-2[47012] | lab_equipment.PSU_SPD1000 | SPD1168X error queue after check instrument status: +0, No error
2026-09-26 23:36:54 | WARNING | Process-3[15248] | pint.util | Redefining 'ampere_hour' (<class 'pint.delegates.txt_defparser.plain.UnitDefinition'>)
2026-09-26 23:36:54 | WARNING | Process-3[15248] | pint.util | Redefining 'Ah' (<class 'pint.delegates.txt_defparser.plain.UnitDefinition'>)
2026-09-26 23:36:54 | WARNING | Process-3[15248] | pint.util | Redefining 'watt_hour' (<class 'pint.delegates.txt_defparser.plain.UnitDefinition'>)
2026-09-26 23:36:54 | WARNING | Process-3[15248] | pint.util | Redefining 'Wh' (<class 'pint.delegates.txt_defparser.plain.UnitDefinition'>)
2026-09-26 23:37:10 | INFO | Process-3[15248] | charge_discharge.cycle_executor | CH0 - Cycle 1 starting
2026-09-26 23:37:10 | INFO | Process-3[15248] | charge_discharge.cycle_executor | CH0 - Cycle settings: [{'cycle_type': 'step', 'cycle_display': 'CC charge 1 A for 30 s', 'drive_style': 'current_a', 'drive_value': 1.0, 'drive_value_other': 4.2, 'end_style': 'time_s', 'end_condition': 'greater', 'end_value': 30.0, 'meas_log_int_s': 1.0, 'safety_min_voltage_v': 2.8, 'safety_max_voltage_v': 4.2, 'safety_min_current_a': -10.0, 'safety_max_current_a': 8.0, 'safety_max_time_s': 40.0}]
2026-09-26 23:37:10 | INFO | Process-3[15248] | charge_discharge.cycle_executor | CH0 - Cycle 1 step 0 starting
2026-09-26 23:37:10 | INFO | Process-3[15248] | charge_discharge.cycle_executor | CH0 - Step settings: {'cycle_type': 'step', 'cycle_display': 'CC charge 1 A for 30 s', 'drive_style': 'current_a', 'drive_value': 1.0, 'drive_value_other': 4.2, 'end_style': 'time_s', 'end_condition': 'greater', 'end_value': 30.0, 'meas_log_int_s': 1.0, 'safety_min_voltage_v': 2.8, 'safety_max_voltage_v': 4.2, 'safety_min_current_a': -10.0, 'safety_max_current_a': 8.0, 'safety_max_time_s': 40.0}
2026-09-26 23:37:10 | INFO | Process-3[15248] | charge_discharge.runner | Voltage measurement equipment chosen
2026-09-26 23:37:10 | INFO | Process-3[15248] | charge_discharge.runner | Current measurement equipment chosen
2026-09-26 23:37:10 | INFO | Process-3[15248] | charge_discharge.runner | Current-driven step setup
2026-09-26 23:37:10 | INFO | Process-2[47012] | lab_equipment.PSU_SPD1000 | SPD1168X error queue after set current to 0: +0, No error
2026-09-26 23:37:10 | INFO | Process-2[47012] | lab_equipment.PSU_SPD1000 | SPD1168X error queue after query current setpoint: +0, No error
2026-09-26 23:37:10 | INFO | Process-2[47012] | lab_equipment.PSU_SPD1000 | SPD1168X error queue after set output off: +0, No error
2026-09-26 23:37:10 | INFO | Process-2[47012] | lab_equipment.PSU_SPD1000 | SPD1168X error queue after set current to 1.0: +0, No error
2026-09-26 23:37:10 | INFO | Process-2[47012] | lab_equipment.PSU_SPD1000 | SPD1168X error queue after query current setpoint: +0, No error
2026-09-26 23:37:10 | INFO | Process-2[47012] | lab_equipment.PSU_SPD1000 | SPD1168X error queue after set voltage to 4.2: +0, No error
2026-09-26 23:37:10 | INFO | Process-2[47012] | lab_equipment.PSU_SPD1000 | SPD1168X error queue after query voltage setpoint: +0, No error
2026-09-26 23:37:10 | INFO | Process-2[47012] | lab_equipment.PSU_SPD1000 | SPD1168X error queue after set output on: +0, No error
2026-09-26 23:37:10 | INFO | Process-3[15248] | charge_discharge.runner | Start step successful
2026-09-26 23:37:10 | INFO | Process-2[47012] | lab_equipment.PSU_SPD1000 | SPD1168X error queue after check instrument status: +0, No error
2026-09-26 23:37:11 | INFO | Process-2[47012] | lab_equipment.PSU_SPD1000 | SPD1168X error queue after measure voltage: +0, No error
2026-09-26 23:37:11 | INFO | Process-2[47012] | lab_equipment.PSU_SPD1000 | SPD1168X error queue after measure current: +0, No error
2026-09-26 23:37:11 | INFO | Process-3[15248] | charge_discharge.runner | End condition before measurement loop: none
2026-09-26 23:37:11 | INFO | Process-2[47012] | lab_equipment.PSU_SPD1000 | SPD1168X error queue after check instrument status: +0, No error
2026-09-26 23:37:12 | INFO | Process-2[47012] | lab_equipment.PSU_SPD1000 | SPD1168X error queue after measure voltage: +0, No error
2026-09-26 23:37:12 | INFO | Process-2[47012] | lab_equipment.PSU_SPD1000 | SPD1168X error queue after measure current: +0, No error
2026-09-26 23:37:12 | INFO | Process-2[47012] | lab_equipment.PSU_SPD1000 | SPD1168X error queue after measure voltage: +0, No error
2026-09-26 23:37:12 | INFO | Process-2[47012] | lab_equipment.PSU_SPD1000 | SPD1168X error queue after measure current: +0, No error
2026-09-26 23:37:12 | INFO | Process-2[47012] | lab_equipment.PSU_SPD1000 | SPD1168X error queue after check instrument status: +0, No error
2026-09-26 23:37:13 | INFO | Process-2[47012] | lab_equipment.PSU_SPD1000 | SPD1168X error queue after measure voltage: +0, No error
2026-09-26 23:37:13 | INFO | Process-2[47012] | lab_equipment.PSU_SPD1000 | SPD1168X error queue after measure current: +0, No error
2026-09-26 23:37:13 | INFO | Process-2[47012] | lab_equipment.PSU_SPD1000 | SPD1168X error queue after measure voltage: +0, No error
2026-09-26 23:37:13 | INFO | Process-2[47012] | lab_equipment.PSU_SPD1000 | SPD1168X error queue after measure current: +0, No error
2026-09-26 23:37:13 | INFO | Process-2[47012] | lab_equipment.PSU_SPD1000 | SPD1168X error queue after check instrument status: +0, No error
2026-09-26 23:37:14 | INFO | Process-2[47012] | lab_equipment.PSU_SPD1000 | SPD1168X error queue after measure voltage: +0, No error
2026-09-26 23:37:14 | INFO | Process-2[47012] | lab_equipment.PSU_SPD1000 | SPD1168X error queue after measure current: +0, No error
2026-09-26 23:37:14 | INFO | Process-2[47012] | lab_equipment.PSU_SPD1000 | SPD1168X error queue after measure voltage: +0, No error
2026-09-26 23:37:14 | INFO | Process-2[47012] | lab_equipment.PSU_SPD1000 | SPD1168X error queue after measure current: +0, No error
2026-09-26 23:37:14 | INFO | Process-2[47012] | lab_equipment.PSU_SPD1000 | SPD1168X error queue after check instrument status: +0, No error
2026-09-26 23:37:15 | INFO | Process-2[47012] | lab_equipment.PSU_SPD1000 | SPD1168X error queue after measure voltage: +0, No error
2026-09-26 23:37:15 | INFO | Process-2[47012] | lab_equipment.PSU_SPD1000 | SPD1168X error queue after measure current: +0, No error
2026-09-26 23:37:15 | INFO | Process-2[47012] | lab_equipment.PSU_SPD1000 | SPD1168X error queue after measure voltage: +0, No error
2026-09-26 23:37:15 | INFO | Process-2[47012] | lab_equipment.PSU_SPD1000 | SPD1168X error queue after measure current: +0, No error
2026-09-26 23:37:15 | INFO | Process-2[47012] | lab_equipment.PSU_SPD1000 | SPD1168X error queue after check instrument status: +0, No error
2026-09-26 23:37:16 | INFO | Process-2[47012] | lab_equipment.PSU_SPD1000 | SPD1168X error queue after measure voltage: +0, No error
2026-09-26 23:37:16 | INFO | Process-2[47012] | lab_equipment.PSU_SPD1000 | SPD1168X error queue after measure current: +0, No error
2026-09-26 23:37:16 | INFO | Process-2[47012] | lab_equipment.PSU_SPD1000 | SPD1168X error queue after check instrument status: +0, No error
2026-09-26 23:37:17 | INFO | Process-2[47012] | lab_equipment.PSU_SPD1000 | SPD1168X error queue after measure voltage: +0, No error
2026-09-26 23:37:17 | INFO | Process-2[47012] | lab_equipment.PSU_SPD1000 | SPD1168X error queue after measure current: +0, No error
2026-09-26 23:37:17 | INFO | Process-2[47012] | lab_equipment.PSU_SPD1000 | SPD1168X error queue after measure voltage: +0, No error
2026-09-26 23:37:18 | INFO | Process-2[47012] | lab_equipment.PSU_SPD1000 | SPD1168X error queue after measure current: +0, No error
2026-09-26 23:37:18 | INFO | Process-2[47012] | lab_equipment.PSU_SPD1000 | SPD1168X error queue after check instrument status: +0, No error
2026-09-26 23:37:18 | INFO | Process-2[47012] | lab_equipment.PSU_SPD1000 | SPD1168X error queue after measure voltage: +0, No error
2026-09-26 23:37:18 | INFO | Process-2[47012] | lab_equipment.PSU_SPD1000 | SPD1168X error queue after measure current: +0, No error
2026-09-26 23:37:19 | INFO | Process-2[47012] | lab_equipment.PSU_SPD1000 | SPD1168X error queue after check instrument status: +0, No error
2026-09-26 23:37:19 | INFO | Process-2[47012] | lab_equipment.PSU_SPD1000 | SPD1168X error queue after measure voltage: +0, No error
2026-09-26 23:37:19 | INFO | Process-2[47012] | lab_equipment.PSU_SPD1000 | SPD1168X error queue after measure current: +0, No error
2026-09-26 23:37:19 | INFO | Process-2[47012] | lab_equipment.PSU_SPD1000 | SPD1168X error queue after measure voltage: +0, No error
2026-09-26 23:37:19 | INFO | Process-2[47012] | lab_equipment.PSU_SPD1000 | SPD1168X error queue after measure current: +0, No error
2026-09-26 23:37:20 | INFO | Process-2[47012] | lab_equipment.PSU_SPD1000 | SPD1168X error queue after check instrument status: +0, No error
2026-09-26 23:37:20 | INFO | Process-2[47012] | lab_equipment.PSU_SPD1000 | SPD1168X error queue after measure voltage: +0, No error
2026-09-26 23:37:20 | INFO | Process-2[47012] | lab_equipment.PSU_SPD1000 | SPD1168X error queue after measure current: +0, No error
2026-09-26 23:37:20 | INFO | Process-2[47012] | lab_equipment.PSU_SPD1000 | SPD1168X error queue after measure voltage: +0, No error
2026-09-26 23:37:20 | INFO | Process-2[47012] | lab_equipment.PSU_SPD1000 | SPD1168X error queue after measure current: +0, No error
2026-09-26 23:37:21 | INFO | Process-2[47012] | lab_equipment.PSU_SPD1000 | SPD1168X error queue after check instrument status: +0, No error
2026-09-26 23:37:21 | INFO | Process-2[47012] | lab_equipment.PSU_SPD1000 | SPD1168X error queue after measure voltage: +0, No error
2026-09-26 23:37:21 | INFO | Process-2[47012] | lab_equipment.PSU_SPD1000 | SPD1168X error queue after measure current: +0, No error
2026-09-26 23:37:21 | INFO | Process-2[47012] | lab_equipment.PSU_SPD1000 | SPD1168X error queue after measure voltage: +0, No error
2026-09-26 23:37:21 | INFO | Process-2[47012] | lab_equipment.PSU_SPD1000 | SPD1168X error queue after measure current: +0, No error
2026-09-26 23:37:22 | INFO | Process-2[47012] | lab_equipment.PSU_SPD1000 | SPD1168X error queue after check instrument status: +0, No error
2026-09-26 23:37:22 | INFO | Process-2[47012] | lab_equipment.PSU_SPD1000 | SPD1168X error queue after measure voltage: +0, No error
2026-09-26 23:37:22 | INFO | Process-2[47012] | lab_equipment.PSU_SPD1000 | SPD1168X error queue after measure current: +0, No error
2026-09-26 23:37:22 | INFO | Process-2[47012] | lab_equipment.PSU_SPD1000 | SPD1168X error queue after measure voltage: +0, No error
2026-09-26 23:37:22 | INFO | Process-2[47012] | lab_equipment.PSU_SPD1000 | SPD1168X error queue after measure current: +0, No error
2026-09-26 23:37:23 | INFO | Process-2[47012] | lab_equipment.PSU_SPD1000 | SPD1168X error queue after check instrument status: +0, No error
2026-09-26 23:37:23 | INFO | Process-2[47012] | lab_equipment.PSU_SPD1000 | SPD1168X error queue after measure voltage: +0, No error
2026-09-26 23:37:23 | INFO | Process-2[47012] | lab_equipment.PSU_SPD1000 | SPD1168X error queue after measure current: +0, No error
2026-09-26 23:37:23 | INFO | Process-2[47012] | lab_equipment.PSU_SPD1000 | SPD1168X error queue after measure voltage: +0, No error
2026-09-26 23:37:23 | INFO | Process-2[47012] | lab_equipment.PSU_SPD1000 | SPD1168X error queue after measure current: +0, No error
2026-09-26 23:37:24 | INFO | Process-2[47012] | lab_equipment.PSU_SPD1000 | SPD1168X error queue after check instrument status: +0, No error
2026-09-26 23:37:24 | INFO | Process-2[47012] | lab_equipment.PSU_SPD1000 | SPD1168X error queue after measure voltage: +0, No error
2026-09-26 23:37:24 | INFO | Process-2[47012] | lab_equipment.PSU_SPD1000 | SPD1168X error queue after measure current: +0, No error
2026-09-26 23:37:24 | INFO | Process-2[47012] | lab_equipment.PSU_SPD1000 | SPD1168X error queue after measure voltage: +0, No error
2026-09-26 23:37:24 | INFO | Process-2[47012] | lab_equipment.PSU_SPD1000 | SPD1168X error queue after measure current: +0, No error
2026-09-26 23:37:25 | INFO | Process-2[47012] | lab_equipment.PSU_SPD1000 | SPD1168X error queue after check instrument status: +0, No error
2026-09-26 23:37:25 | INFO | Process-2[47012] | lab_equipment.PSU_SPD1000 | SPD1168X error queue after measure voltage: +0, No error
2026-09-26 23:37:25 | INFO | Process-2[47012] | lab_equipment.PSU_SPD1000 | SPD1168X error queue after measure current: +0, No error
2026-09-26 23:37:25 | INFO | Process-2[47012] | lab_equipment.PSU_SPD1000 | SPD1168X error queue after measure voltage: +0, No error
2026-09-26 23:37:26 | INFO | Process-2[47012] | lab_equipment.PSU_SPD1000 | SPD1168X error queue after measure current: +0, No error
2026-09-26 23:37:26 | INFO | Process-2[47012] | lab_equipment.PSU_SPD1000 | SPD1168X error queue after check instrument status: +0, No error
2026-09-26 23:37:26 | INFO | Process-2[47012] | lab_equipment.PSU_SPD1000 | SPD1168X error queue after measure voltage: +0, No error
2026-09-26 23:37:27 | INFO | Process-2[47012] | lab_equipment.PSU_SPD1000 | SPD1168X error queue after measure current: +0, No error
2026-09-26 23:37:27 | INFO | Process-2[47012] | lab_equipment.PSU_SPD1000 | SPD1168X error queue after measure voltage: +0, No error
2026-09-26 23:37:27 | INFO | Process-2[47012] | lab_equipment.PSU_SPD1000 | SPD1168X error queue after measure current: +0, No error
2026-09-26 23:37:27 | INFO | Process-2[47012] | lab_equipment.PSU_SPD1000 | SPD1168X error queue after check instrument status: +0, No error
2026-09-26 23:37:28 | INFO | Process-2[47012] | lab_equipment.PSU_SPD1000 | SPD1168X error queue after measure voltage: +0, No error
2026-09-26 23:37:28 | INFO | Process-2[47012] | lab_equipment.PSU_SPD1000 | SPD1168X error queue after measure current: +0, No error
2026-09-26 23:37:28 | INFO | Process-2[47012] | lab_equipment.PSU_SPD1000 | SPD1168X error queue after check instrument status: +0, No error
2026-09-26 23:37:28 | INFO | Process-2[47012] | lab_equipment.PSU_SPD1000 | SPD1168X error queue after measure voltage: +0, No error
2026-09-26 23:37:28 | INFO | Process-2[47012] | lab_equipment.PSU_SPD1000 | SPD1168X error queue after measure current: +0, No error
2026-09-26 23:37:29 | INFO | Process-2[47012] | lab_equipment.PSU_SPD1000 | SPD1168X error queue after measure voltage: +0, No error
2026-09-26 23:37:29 | INFO | Process-2[47012] | lab_equipment.PSU_SPD1000 | SPD1168X error queue after measure current: +0, No error
2026-09-26 23:37:29 | INFO | Process-2[47012] | lab_equipment.PSU_SPD1000 | SPD1168X error queue after check instrument status: +0, No error
2026-09-26 23:37:29 | INFO | Process-2[47012] | lab_equipment.PSU_SPD1000 | SPD1168X error queue after measure voltage: +0, No error
2026-09-26 23:37:29 | INFO | Process-2[47012] | lab_equipment.PSU_SPD1000 | SPD1168X error queue after measure current: +0, No error
2026-09-26 23:37:30 | INFO | Process-2[47012] | lab_equipment.PSU_SPD1000 | SPD1168X error queue after check instrument status: +0, No error
2026-09-26 23:37:30 | INFO | Process-2[47012] | lab_equipment.PSU_SPD1000 | SPD1168X error queue after measure voltage: +0, No error
2026-09-26 23:37:30 | INFO | Process-2[47012] | lab_equipment.PSU_SPD1000 | SPD1168X error queue after measure current: +0, No error
2026-09-26 23:37:30 | INFO | Process-2[47012] | lab_equipment.PSU_SPD1000 | SPD1168X error queue after measure voltage: +0, No error
2026-09-26 23:37:30 | INFO | Process-2[47012] | lab_equipment.PSU_SPD1000 | SPD1168X error queue after measure current: +0, No error
2026-09-26 23:37:31 | INFO | Process-2[47012] | lab_equipment.PSU_SPD1000 | SPD1168X error queue after check instrument status: +0, No error
2026-09-26 23:37:31 | INFO | Process-2[47012] | lab_equipment.PSU_SPD1000 | SPD1168X error queue after measure voltage: +0, No error
2026-09-26 23:37:31 | INFO | Process-2[47012] | lab_equipment.PSU_SPD1000 | SPD1168X error queue after measure current: +0, No error
2026-09-26 23:37:31 | INFO | Process-2[47012] | lab_equipment.PSU_SPD1000 | SPD1168X error queue after measure voltage: +0, No error
2026-09-26 23:37:31 | INFO | Process-2[47012] | lab_equipment.PSU_SPD1000 | SPD1168X error queue after measure current: +0, No error
2026-09-26 23:37:32 | INFO | Process-2[47012] | lab_equipment.PSU_SPD1000 | SPD1168X error queue after check instrument status: +0, No error
2026-09-26 23:37:32 | INFO | Process-2[47012] | lab_equipment.PSU_SPD1000 | SPD1168X error queue after measure voltage: +0, No error
2026-09-26 23:37:32 | INFO | Process-2[47012] | lab_equipment.PSU_SPD1000 | SPD1168X error queue after measure current: +0, No error
2026-09-26 23:37:32 | INFO | Process-2[47012] | lab_equipment.PSU_SPD1000 | SPD1168X error queue after measure voltage: +0, No error
2026-09-26 23:37:32 | INFO | Process-2[47012] | lab_equipment.PSU_SPD1000 | SPD1168X error queue after measure current: +0, No error
2026-09-26 23:37:33 | INFO | Process-2[47012] | lab_equipment.PSU_SPD1000 | SPD1168X error queue after check instrument status: +0, No error
2026-09-26 23:37:33 | INFO | Process-2[47012] | lab_equipment.PSU_SPD1000 | SPD1168X error queue after measure voltage: +0, No error
2026-09-26 23:37:33 | INFO | Process-2[47012] | lab_equipment.PSU_SPD1000 | SPD1168X error queue after measure current: +0, No error
2026-09-26 23:37:33 | INFO | Process-2[47012] | lab_equipment.PSU_SPD1000 | SPD1168X error queue after measure voltage: +0, No error
2026-09-26 23:37:33 | INFO | Process-2[47012] | lab_equipment.PSU_SPD1000 | SPD1168X error queue after measure current: +0, No error
2026-09-26 23:37:34 | INFO | Process-2[47012] | lab_equipment.PSU_SPD1000 | SPD1168X error queue after check instrument status: +0, No error
2026-09-26 23:37:34 | INFO | Process-2[47012] | lab_equipment.PSU_SPD1000 | SPD1168X error queue after measure voltage: +0, No error
2026-09-26 23:37:34 | INFO | Process-2[47012] | lab_equipment.PSU_SPD1000 | SPD1168X error queue after measure current: +0, No error
2026-09-26 23:37:34 | INFO | Process-2[47012] | lab_equipment.PSU_SPD1000 | SPD1168X error queue after measure voltage: +0, No error
2026-09-26 23:37:35 | INFO | Process-2[47012] | lab_equipment.PSU_SPD1000 | SPD1168X error queue after measure current: +0, No error
2026-09-26 23:37:35 | INFO | Process-2[47012] | lab_equipment.PSU_SPD1000 | SPD1168X error queue after check instrument status: +0, No error
2026-09-26 23:37:35 | INFO | Process-2[47012] | lab_equipment.PSU_SPD1000 | SPD1168X error queue after measure voltage: +0, No error
2026-09-26 23:37:36 | INFO | Process-2[47012] | lab_equipment.PSU_SPD1000 | SPD1168X error queue after measure current: +0, No error
2026-09-26 23:37:36 | INFO | Process-2[47012] | lab_equipment.PSU_SPD1000 | SPD1168X error queue after measure voltage: +0, No error
2026-09-26 23:37:36 | INFO | Process-2[47012] | lab_equipment.PSU_SPD1000 | SPD1168X error queue after measure current: +0, No error
2026-09-26 23:37:36 | INFO | Process-2[47012] | lab_equipment.PSU_SPD1000 | SPD1168X error queue after check instrument status: +0, No error
2026-09-26 23:37:37 | INFO | Process-2[47012] | lab_equipment.PSU_SPD1000 | SPD1168X error queue after measure voltage: +0, No error
2026-09-26 23:37:37 | INFO | Process-2[47012] | lab_equipment.PSU_SPD1000 | SPD1168X error queue after measure current: +0, No error
2026-09-26 23:37:37 | INFO | Process-2[47012] | lab_equipment.PSU_SPD1000 | SPD1168X error queue after measure voltage: +0, No error
2026-09-26 23:37:37 | INFO | Process-2[47012] | lab_equipment.PSU_SPD1000 | SPD1168X error queue after measure current: +0, No error
2026-09-26 23:37:37 | INFO | Process-2[47012] | lab_equipment.PSU_SPD1000 | SPD1168X error queue after check instrument status: +0, No error
2026-09-26 23:37:38 | INFO | Process-2[47012] | lab_equipment.PSU_SPD1000 | SPD1168X error queue after measure voltage: +0, No error
2026-09-26 23:37:38 | INFO | Process-2[47012] | lab_equipment.PSU_SPD1000 | SPD1168X error queue after measure current: +0, No error
2026-09-26 23:37:38 | INFO | Process-2[47012] | lab_equipment.PSU_SPD1000 | SPD1168X error queue after measure voltage: +0, No error
2026-09-26 23:37:38 | INFO | Process-2[47012] | lab_equipment.PSU_SPD1000 | SPD1168X error queue after measure current: +0, No error
2026-09-26 23:37:38 | INFO | Process-2[47012] | lab_equipment.PSU_SPD1000 | SPD1168X error queue after check instrument status: +0, No error
2026-09-26 23:37:39 | INFO | Process-2[47012] | lab_equipment.PSU_SPD1000 | SPD1168X error queue after measure voltage: +0, No error
2026-09-26 23:37:39 | INFO | Process-2[47012] | lab_equipment.PSU_SPD1000 | SPD1168X error queue after measure current: +0, No error
2026-09-26 23:37:39 | INFO | Process-2[47012] | lab_equipment.PSU_SPD1000 | SPD1168X error queue after check instrument status: +0, No error
2026-09-26 23:37:39 | INFO | Process-2[47012] | lab_equipment.PSU_SPD1000 | SPD1168X error queue after measure voltage: +0, No error
2026-09-26 23:37:39 | INFO | Process-2[47012] | lab_equipment.PSU_SPD1000 | SPD1168X error queue after measure current: +0, No error
2026-09-26 23:37:40 | INFO | Process-2[47012] | lab_equipment.PSU_SPD1000 | SPD1168X error queue after measure voltage: +0, No error
2026-09-26 23:37:40 | INFO | Process-2[47012] | lab_equipment.PSU_SPD1000 | SPD1168X error queue after measure current: +0, No error
2026-09-26 23:37:40 | INFO | Process-2[47012] | lab_equipment.PSU_SPD1000 | SPD1168X error queue after check instrument status: +0, No error
2026-09-26 23:37:40 | INFO | Process-3[15248] | charge_discharge.cycle_executor | CH0 - Cycle 1 step 0 ending; reason: end_request
2026-09-26 23:37:40 | INFO | Process-3[15248] | charge_discharge.cycle_executor | CH0 - Ending all cycles
2026-09-26 23:37:40 | INFO | Process-2[47012] | lab_equipment.PSU_SPD1000 | SPD1168X error queue after set current to 0: +0, No error
2026-09-26 23:37:40 | INFO | Process-2[47012] | lab_equipment.PSU_SPD1000 | SPD1168X error queue after query current setpoint: +0, No error
2026-09-26 23:37:40 | INFO | Process-2[47012] | lab_equipment.PSU_SPD1000 | SPD1168X error queue after set output off: +0, No error
2026-09-26 23:37:40 | INFO | Process-3[15248] | charge_discharge.cycle_executor | CH0 - All cycles completed
2026-09-26 23:37:41 | INFO | Process-2[47012] | lab_equipment.PSU_SPD1000 | SPD1168X error queue after set output off: +0, No error
2026-09-26 23:37:41 | INFO | Process-2[47012] | lab_equipment.PSU_SPD1000 | SPD1168X error queue after set command lock off: +0, No error
2026-09-26 23:42:35 | INFO | Process-2[8680] | lab_equipment.PSU_SPD1000 | SPD1168X error queue after initialize: select CH1: +0, No error
2026-09-26 23:42:35 | INFO | Process-2[8680] | lab_equipment.PSU_SPD1000 | SPD1168X error queue after initialize: query selected channel: +0, No error
2026-09-26 23:42:35 | INFO | Process-2[8680] | lab_equipment.PSU_SPD1000 | SPD1168X error queue after set command lock off: +0, No error
2026-09-26 23:42:36 | INFO | Process-2[8680] | lab_equipment.PSU_SPD1000 | SPD1168X error queue after set output off: +0, No error
2026-09-26 23:42:36 | INFO | Process-2[8680] | lab_equipment.PSU_SPD1000 | SPD1168X error queue after initialize: disable timer: +0, No error
2026-09-26 23:42:36 | INFO | Process-2[8680] | lab_equipment.PSU_SPD1000 | SPD1168X error queue after initialize: disable waveform: +0, No error
2026-09-26 23:42:36 | INFO | Process-2[8680] | lab_equipment.PSU_SPD1000 | SPD1168X error queue after set current to 0: +0, No error
2026-09-26 23:42:36 | INFO | Process-2[8680] | lab_equipment.PSU_SPD1000 | SPD1168X error queue after query current setpoint: +0, No error
2026-09-26 23:42:36 | INFO | Process-2[8680] | lab_equipment.PSU_SPD1000 | SPD1168X error queue after set voltage to 0: +0, No error
2026-09-26 23:42:36 | INFO | Process-2[8680] | lab_equipment.PSU_SPD1000 | SPD1168X error queue after query voltage setpoint: +0, No error
2026-09-26 23:42:36 | INFO | Process-2[8680] | lab_equipment.PSU_SPD1000 | SPD1168X error queue after set remote sense off: +0, No error
2026-09-26 23:42:37 | INFO | Process-2[8680] | lab_equipment.PSU_SPD1000 | SPD1168X error queue after check instrument status: +0, No error
2026-09-26 23:42:37 | INFO | Process-2[8680] | lab_equipment.PSU_SPD1000 | SPD1168X error queue after set remote sense off: +0, No error
2026-09-26 23:42:37 | INFO | Process-2[8680] | equipment | Virtual device connected: SPD1000
2026-09-26 23:42:39 | INFO | Process-2[8680] | lab_equipment.PSU_SPD1000 | SPD1168X error queue after set output off: +0, No error
2026-09-26 23:42:39 | INFO | Process-2[8680] | lab_equipment.PSU_SPD1000 | SPD1168X error queue after set voltage to 0: +0, No error
2026-09-26 23:42:39 | INFO | Process-2[8680] | lab_equipment.PSU_SPD1000 | SPD1168X error queue after query voltage setpoint: +0, No error
2026-09-26 23:42:39 | INFO | Process-2[8680] | lab_equipment.PSU_SPD1000 | SPD1168X error queue after set current to 0: +0, No error
2026-09-26 23:42:39 | INFO | Process-2[8680] | lab_equipment.PSU_SPD1000 | SPD1168X error queue after query current setpoint: +0, No error
2026-09-26 23:42:39 | INFO | Process-2[8680] | lab_equipment.PSU_SPD1000 | SPD1168X error queue after check instrument status: +0, No error
2026-09-26 23:42:40 | WARNING | Process-3[23176] | pint.util | Redefining 'ampere_hour' (<class 'pint.delegates.txt_defparser.plain.UnitDefinition'>)
2026-09-26 23:42:40 | WARNING | Process-3[23176] | pint.util | Redefining 'Ah' (<class 'pint.delegates.txt_defparser.plain.UnitDefinition'>)
2026-09-26 23:42:40 | WARNING | Process-3[23176] | pint.util | Redefining 'watt_hour' (<class 'pint.delegates.txt_defparser.plain.UnitDefinition'>)
2026-09-26 23:42:40 | WARNING | Process-3[23176] | pint.util | Redefining 'Wh' (<class 'pint.delegates.txt_defparser.plain.UnitDefinition'>)
2026-09-26 23:42:41 | INFO | Process-3[23176] | charge_discharge.cycle_executor | CH0 - Cycle 1 starting
2026-09-26 23:42:41 | INFO | Process-3[23176] | charge_discharge.cycle_executor | CH0 - Cycle settings: [{'cycle_type': 'step', 'cycle_display': 'CC charge 1 A for 30 s', 'drive_style': 'current_a', 'drive_value': 1.0, 'drive_value_other': 4.2, 'end_style': 'time_s', 'end_condition': 'greater', 'end_value': 30.0, 'meas_log_int_s': 1.0, 'safety_min_voltage_v': 2.8, 'safety_max_voltage_v': 4.2, 'safety_min_current_a': -10.0, 'safety_max_current_a': 8.0, 'safety_max_time_s': 40.0}]
2026-09-26 23:42:41 | INFO | Process-3[23176] | charge_discharge.cycle_executor | CH0 - Cycle 1 step 0 starting
2026-09-26 23:42:41 | INFO | Process-3[23176] | charge_discharge.cycle_executor | CH0 - Step settings: {'cycle_type': 'step', 'cycle_display': 'CC charge 1 A for 30 s', 'drive_style': 'current_a', 'drive_value': 1.0, 'drive_value_other': 4.2, 'end_style': 'time_s', 'end_condition': 'greater', 'end_value': 30.0, 'meas_log_int_s': 1.0, 'safety_min_voltage_v': 2.8, 'safety_max_voltage_v': 4.2, 'safety_min_current_a': -10.0, 'safety_max_current_a': 8.0, 'safety_max_time_s': 40.0}
2026-09-26 23:42:41 | INFO | Process-3[23176] | charge_discharge.runner | Voltage measurement equipment chosen
2026-09-26 23:42:41 | INFO | Process-3[23176] | charge_discharge.runner | Current measurement equipment chosen
2026-09-26 23:42:41 | INFO | Process-3[23176] | charge_discharge.runner | Current-driven step setup
2026-09-26 23:42:41 | INFO | Process-2[8680] | lab_equipment.PSU_SPD1000 | SPD1168X error queue after set current to 0: +0, No error
2026-09-26 23:42:41 | INFO | Process-2[8680] | lab_equipment.PSU_SPD1000 | SPD1168X error queue after query current setpoint: +0, No error
2026-09-26 23:42:41 | INFO | Process-2[8680] | lab_equipment.PSU_SPD1000 | SPD1168X error queue after set output off: +0, No error
2026-09-26 23:42:41 | INFO | Process-2[8680] | lab_equipment.PSU_SPD1000 | SPD1168X error queue after set current to 1.0: +0, No error
2026-09-26 23:42:42 | INFO | Process-2[8680] | lab_equipment.PSU_SPD1000 | SPD1168X error queue after query current setpoint: +0, No error
2026-09-26 23:42:42 | INFO | Process-2[8680] | lab_equipment.PSU_SPD1000 | SPD1168X error queue after set voltage to 4.2: +0, No error
2026-09-26 23:42:42 | INFO | Process-2[8680] | lab_equipment.PSU_SPD1000 | SPD1168X error queue after query voltage setpoint: +0, No error
2026-09-26 23:42:42 | INFO | Process-2[8680] | lab_equipment.PSU_SPD1000 | SPD1168X error queue after set output on: +0, No error
2026-09-26 23:42:42 | INFO | Process-3[23176] | charge_discharge.runner | Start step successful
2026-09-26 23:42:42 | INFO | Process-2[8680] | lab_equipment.PSU_SPD1000 | SPD1168X error queue after check instrument status: +0, No error
2026-09-26 23:42:42 | INFO | Process-2[8680] | lab_equipment.PSU_SPD1000 | SPD1168X error queue after measure voltage: +0, No error
2026-09-26 23:42:42 | INFO | Process-2[8680] | lab_equipment.PSU_SPD1000 | SPD1168X error queue after measure current: +0, No error
2026-09-26 23:42:42 | INFO | Process-3[23176] | charge_discharge.runner | End condition before measurement loop: none
2026-09-26 23:42:43 | INFO | Process-2[8680] | lab_equipment.PSU_SPD1000 | SPD1168X error queue after check instrument status: +0, No error
2026-09-26 23:42:43 | INFO | Process-2[8680] | lab_equipment.PSU_SPD1000 | SPD1168X error queue after measure voltage: +0, No error
2026-09-26 23:42:43 | INFO | Process-2[8680] | lab_equipment.PSU_SPD1000 | SPD1168X error queue after measure current: +0, No error
2026-09-26 23:42:43 | INFO | Process-2[8680] | lab_equipment.PSU_SPD1000 | SPD1168X error queue after measure voltage: +0, No error
2026-09-26 23:42:43 | INFO | Process-2[8680] | lab_equipment.PSU_SPD1000 | SPD1168X error queue after measure current: +0, No error
2026-09-26 23:42:44 | INFO | Process-2[8680] | lab_equipment.PSU_SPD1000 | SPD1168X error queue after check instrument status: +0, No error
2026-09-26 23:42:44 | INFO | Process-2[8680] | lab_equipment.PSU_SPD1000 | SPD1168X error queue after measure voltage: +0, No error
2026-09-26 23:42:44 | INFO | Process-2[8680] | lab_equipment.PSU_SPD1000 | SPD1168X error queue after measure current: +0, No error
2026-09-26 23:42:45 | INFO | Process-2[8680] | lab_equipment.PSU_SPD1000 | SPD1168X error queue after measure voltage: +0, No error
2026-09-26 23:42:45 | INFO | Process-2[8680] | lab_equipment.PSU_SPD1000 | SPD1168X error queue after measure current: +0, No error
2026-09-26 23:42:45 | INFO | Process-2[8680] | lab_equipment.PSU_SPD1000 | SPD1168X error queue after check instrument status: +0, No error
2026-09-26 23:42:46 | INFO | Process-2[8680] | lab_equipment.PSU_SPD1000 | SPD1168X error queue after measure voltage: +0, No error
2026-09-26 23:42:46 | INFO | Process-2[8680] | lab_equipment.PSU_SPD1000 | SPD1168X error queue after measure current: +0, No error
2026-09-26 23:42:46 | INFO | Process-2[8680] | lab_equipment.PSU_SPD1000 | SPD1168X error queue after measure voltage: +0, No error
2026-09-26 23:42:46 | INFO | Process-2[8680] | lab_equipment.PSU_SPD1000 | SPD1168X error queue after measure current: +0, No error
2026-09-26 23:42:46 | INFO | Process-2[8680] | lab_equipment.PSU_SPD1000 | SPD1168X error queue after check instrument status: +0, No error
2026-09-26 23:42:47 | INFO | Process-2[8680] | lab_equipment.PSU_SPD1000 | SPD1168X error queue after measure voltage: +0, No error
2026-09-26 23:42:47 | INFO | Process-2[8680] | lab_equipment.PSU_SPD1000 | SPD1168X error queue after measure current: +0, No error
2026-09-26 23:42:47 | INFO | Process-2[8680] | lab_equipment.PSU_SPD1000 | SPD1168X error queue after measure voltage: +0, No error
2026-09-26 23:42:47 | INFO | Process-2[8680] | lab_equipment.PSU_SPD1000 | SPD1168X error queue after measure current: +0, No error
2026-09-26 23:42:47 | INFO | Process-2[8680] | lab_equipment.PSU_SPD1000 | SPD1168X error queue after check instrument status: +0, No error
2026-09-26 23:42:48 | INFO | Process-2[8680] | lab_equipment.PSU_SPD1000 | SPD1168X error queue after measure voltage: +0, No error
2026-09-26 23:42:48 | INFO | Process-2[8680] | lab_equipment.PSU_SPD1000 | SPD1168X error queue after measure current: +0, No error
2026-09-26 23:42:48 | INFO | Process-2[8680] | lab_equipment.PSU_SPD1000 | SPD1168X error queue after check instrument status: +0, No error
2026-09-26 23:42:48 | INFO | Process-2[8680] | lab_equipment.PSU_SPD1000 | SPD1168X error queue after measure voltage: +0, No error
2026-09-26 23:42:48 | INFO | Process-2[8680] | lab_equipment.PSU_SPD1000 | SPD1168X error queue after measure current: +0, No error
2026-09-26 23:42:49 | INFO | Process-2[8680] | lab_equipment.PSU_SPD1000 | SPD1168X error queue after check instrument status: +0, No error
2026-09-26 23:42:49 | INFO | Process-2[8680] | lab_equipment.PSU_SPD1000 | SPD1168X error queue after measure voltage: +0, No error
2026-09-26 23:42:49 | INFO | Process-2[8680] | lab_equipment.PSU_SPD1000 | SPD1168X error queue after measure current: +0, No error
2026-09-26 23:42:49 | INFO | Process-2[8680] | lab_equipment.PSU_SPD1000 | SPD1168X error queue after measure voltage: +0, No error
2026-09-26 23:42:49 | INFO | Process-2[8680] | lab_equipment.PSU_SPD1000 | SPD1168X error queue after measure current: +0, No error
2026-09-26 23:42:50 | INFO | Process-2[8680] | lab_equipment.PSU_SPD1000 | SPD1168X error queue after check instrument status: +0, No error
2026-09-26 23:42:50 | INFO | Process-2[8680] | lab_equipment.PSU_SPD1000 | SPD1168X error queue after measure voltage: +0, No error
2026-09-26 23:42:50 | INFO | Process-2[8680] | lab_equipment.PSU_SPD1000 | SPD1168X error queue after measure current: +0, No error
2026-09-26 23:42:50 | INFO | Process-2[8680] | lab_equipment.PSU_SPD1000 | SPD1168X error queue after measure voltage: +0, No error
2026-09-26 23:42:50 | INFO | Process-2[8680] | lab_equipment.PSU_SPD1000 | SPD1168X error queue after measure current: +0, No error
2026-09-26 23:42:51 | INFO | Process-2[8680] | lab_equipment.PSU_SPD1000 | SPD1168X error queue after check instrument status: +0, No error
2026-09-26 23:42:51 | INFO | Process-2[8680] | lab_equipment.PSU_SPD1000 | SPD1168X error queue after measure voltage: +0, No error
2026-09-26 23:42:51 | INFO | Process-2[8680] | lab_equipment.PSU_SPD1000 | SPD1168X error queue after measure current: +0, No error
2026-09-26 23:42:51 | INFO | Process-2[8680] | lab_equipment.PSU_SPD1000 | SPD1168X error queue after measure voltage: +0, No error
2026-09-26 23:42:51 | INFO | Process-2[8680] | lab_equipment.PSU_SPD1000 | SPD1168X error queue after measure current: +0, No error
2026-09-26 23:42:52 | INFO | Process-2[8680] | lab_equipment.PSU_SPD1000 | SPD1168X error queue after check instrument status: +0, No error
2026-09-26 23:42:52 | INFO | Process-2[8680] | lab_equipment.PSU_SPD1000 | SPD1168X error queue after measure voltage: +0, No error
2026-09-26 23:42:52 | INFO | Process-2[8680] | lab_equipment.PSU_SPD1000 | SPD1168X error queue after measure current: +0, No error
2026-09-26 23:42:52 | INFO | Process-2[8680] | lab_equipment.PSU_SPD1000 | SPD1168X error queue after measure voltage: +0, No error
2026-09-26 23:42:52 | INFO | Process-2[8680] | lab_equipment.PSU_SPD1000 | SPD1168X error queue after measure current: +0, No error
2026-09-26 23:42:53 | INFO | Process-2[8680] | lab_equipment.PSU_SPD1000 | SPD1168X error queue after check instrument status: +0, No error
2026-09-26 23:42:53 | INFO | Process-2[8680] | lab_equipment.PSU_SPD1000 | SPD1168X error queue after measure voltage: +0, No error
2026-09-26 23:42:53 | INFO | Process-2[8680] | lab_equipment.PSU_SPD1000 | SPD1168X error queue after measure current: +0, No error
2026-09-26 23:42:54 | INFO | Process-2[8680] | lab_equipment.PSU_SPD1000 | SPD1168X error queue after measure voltage: +0, No error
2026-09-26 23:42:54 | INFO | Process-2[8680] | lab_equipment.PSU_SPD1000 | SPD1168X error queue after measure current: +0, No error
2026-09-26 23:42:54 | INFO | Process-2[8680] | lab_equipment.PSU_SPD1000 | SPD1168X error queue after check instrument status: +0, No error
2026-09-26 23:42:55 | INFO | Process-2[8680] | lab_equipment.PSU_SPD1000 | SPD1168X error queue after measure voltage: +0, No error
2026-09-26 23:42:55 | INFO | Process-2[8680] | lab_equipment.PSU_SPD1000 | SPD1168X error queue after measure current: +0, No error
2026-09-26 23:42:55 | INFO | Process-2[8680] | lab_equipment.PSU_SPD1000 | SPD1168X error queue after measure voltage: +0, No error
2026-09-26 23:42:55 | INFO | Process-2[8680] | lab_equipment.PSU_SPD1000 | SPD1168X error queue after measure current: +0, No error
2026-09-26 23:42:55 | INFO | Process-2[8680] | lab_equipment.PSU_SPD1000 | SPD1168X error queue after check instrument status: +0, No error
2026-09-26 23:42:56 | INFO | Process-2[8680] | lab_equipment.PSU_SPD1000 | SPD1168X error queue after measure voltage: +0, No error
2026-09-26 23:42:56 | INFO | Process-2[8680] | lab_equipment.PSU_SPD1000 | SPD1168X error queue after measure current: +0, No error
2026-09-26 23:42:56 | INFO | Process-2[8680] | lab_equipment.PSU_SPD1000 | SPD1168X error queue after measure voltage: +0, No error
2026-09-26 23:42:56 | INFO | Process-2[8680] | lab_equipment.PSU_SPD1000 | SPD1168X error queue after measure current: +0, No error
2026-09-26 23:42:56 | INFO | Process-2[8680] | lab_equipment.PSU_SPD1000 | SPD1168X error queue after check instrument status: +0, No error
2026-09-26 23:42:57 | INFO | Process-2[8680] | lab_equipment.PSU_SPD1000 | SPD1168X error queue after measure voltage: +0, No error
2026-09-26 23:42:57 | INFO | Process-2[8680] | lab_equipment.PSU_SPD1000 | SPD1168X error queue after measure current: +0, No error
2026-09-26 23:42:57 | INFO | Process-2[8680] | lab_equipment.PSU_SPD1000 | SPD1168X error queue after measure voltage: +0, No error
2026-09-26 23:42:57 | INFO | Process-2[8680] | lab_equipment.PSU_SPD1000 | SPD1168X error queue after measure current: +0, No error
2026-09-26 23:42:57 | INFO | Process-2[8680] | lab_equipment.PSU_SPD1000 | SPD1168X error queue after check instrument status: +0, No error
2026-09-26 23:42:58 | INFO | Process-2[8680] | lab_equipment.PSU_SPD1000 | SPD1168X error queue after measure voltage: +0, No error
2026-09-26 23:42:58 | INFO | Process-2[8680] | lab_equipment.PSU_SPD1000 | SPD1168X error queue after measure current: +0, No error
2026-09-26 23:42:58 | INFO | Process-2[8680] | lab_equipment.PSU_SPD1000 | SPD1168X error queue after check instrument status: +0, No error
2026-09-26 23:42:58 | INFO | Process-2[8680] | lab_equipment.PSU_SPD1000 | SPD1168X error queue after measure voltage: +0, No error
2026-09-26 23:42:58 | INFO | Process-2[8680] | lab_equipment.PSU_SPD1000 | SPD1168X error queue after measure current: +0, No error
2026-09-26 23:42:59 | INFO | Process-2[8680] | lab_equipment.PSU_SPD1000 | SPD1168X error queue after check instrument status: +0, No error
2026-09-26 23:42:59 | INFO | Process-2[8680] | lab_equipment.PSU_SPD1000 | SPD1168X error queue after measure voltage: +0, No error
2026-09-26 23:42:59 | INFO | Process-2[8680] | lab_equipment.PSU_SPD1000 | SPD1168X error queue after measure current: +0, No error
2026-09-26 23:42:59 | INFO | Process-2[8680] | lab_equipment.PSU_SPD1000 | SPD1168X error queue after measure voltage: +0, No error
2026-09-26 23:42:59 | INFO | Process-2[8680] | lab_equipment.PSU_SPD1000 | SPD1168X error queue after measure current: +0, No error
2026-09-26 23:43:00 | INFO | Process-2[8680] | lab_equipment.PSU_SPD1000 | SPD1168X error queue after check instrument status: +0, No error
2026-09-26 23:43:00 | INFO | Process-2[8680] | lab_equipment.PSU_SPD1000 | SPD1168X error queue after measure voltage: +0, No error
2026-09-26 23:43:00 | INFO | Process-2[8680] | lab_equipment.PSU_SPD1000 | SPD1168X error queue after measure current: +0, No error
2026-09-26 23:43:00 | INFO | Process-2[8680] | lab_equipment.PSU_SPD1000 | SPD1168X error queue after measure voltage: +0, No error
2026-09-26 23:43:00 | INFO | Process-2[8680] | lab_equipment.PSU_SPD1000 | SPD1168X error queue after measure current: +0, No error
2026-09-26 23:43:01 | INFO | Process-2[8680] | lab_equipment.PSU_SPD1000 | SPD1168X error queue after check instrument status: +0, No error
2026-09-26 23:43:01 | INFO | Process-2[8680] | lab_equipment.PSU_SPD1000 | SPD1168X error queue after measure voltage: +0, No error
2026-09-26 23:43:01 | INFO | Process-2[8680] | lab_equipment.PSU_SPD1000 | SPD1168X error queue after measure current: +0, No error
2026-09-26 23:43:01 | INFO | Process-2[8680] | lab_equipment.PSU_SPD1000 | SPD1168X error queue after measure voltage: +0, No error
2026-09-26 23:43:01 | INFO | Process-2[8680] | lab_equipment.PSU_SPD1000 | SPD1168X error queue after measure current: +0, No error
2026-09-26 23:43:02 | INFO | Process-2[8680] | lab_equipment.PSU_SPD1000 | SPD1168X error queue after check instrument status: +0, No error
2026-09-26 23:43:02 | INFO | Process-2[8680] | lab_equipment.PSU_SPD1000 | SPD1168X error queue after measure voltage: +0, No error
2026-09-26 23:43:02 | INFO | Process-2[8680] | lab_equipment.PSU_SPD1000 | SPD1168X error queue after measure current: +0, No error
2026-09-26 23:43:02 | INFO | Process-2[8680] | lab_equipment.PSU_SPD1000 | SPD1168X error queue after measure voltage: +0, No error
2026-09-26 23:43:03 | INFO | Process-2[8680] | lab_equipment.PSU_SPD1000 | SPD1168X error queue after measure current: +0, No error
2026-09-26 23:43:03 | INFO | Process-2[8680] | lab_equipment.PSU_SPD1000 | SPD1168X error queue after check instrument status: +0, No error
2026-09-26 23:43:03 | INFO | Process-2[8680] | lab_equipment.PSU_SPD1000 | SPD1168X error queue after measure voltage: +0, No error
2026-09-26 23:43:04 | INFO | Process-2[8680] | lab_equipment.PSU_SPD1000 | SPD1168X error queue after measure current: +0, No error
2026-09-26 23:43:04 | INFO | Process-2[8680] | lab_equipment.PSU_SPD1000 | SPD1168X error queue after measure voltage: +0, No error
2026-09-26 23:43:04 | INFO | Process-2[8680] | lab_equipment.PSU_SPD1000 | SPD1168X error queue after measure current: +0, No error
2026-09-26 23:43:04 | INFO | Process-2[8680] | lab_equipment.PSU_SPD1000 | SPD1168X error queue after check instrument status: +0, No error
2026-09-26 23:43:05 | INFO | Process-2[8680] | lab_equipment.PSU_SPD1000 | SPD1168X error queue after measure voltage: +0, No error
2026-09-26 23:43:05 | INFO | Process-2[8680] | lab_equipment.PSU_SPD1000 | SPD1168X error queue after measure current: +0, No error
2026-09-26 23:43:05 | INFO | Process-2[8680] | lab_equipment.PSU_SPD1000 | SPD1168X error queue after measure voltage: +0, No error
2026-09-26 23:43:05 | INFO | Process-2[8680] | lab_equipment.PSU_SPD1000 | SPD1168X error queue after measure current: +0, No error
2026-09-26 23:43:05 | INFO | Process-2[8680] | lab_equipment.PSU_SPD1000 | SPD1168X error queue after check instrument status: +0, No error
2026-09-26 23:43:06 | INFO | Process-2[8680] | lab_equipment.PSU_SPD1000 | SPD1168X error queue after measure voltage: +0, No error
2026-09-26 23:43:06 | INFO | Process-2[8680] | lab_equipment.PSU_SPD1000 | SPD1168X error queue after measure current: +0, No error
2026-09-26 23:43:06 | INFO | Process-2[8680] | lab_equipment.PSU_SPD1000 | SPD1168X error queue after measure voltage: +0, No error
2026-09-26 23:43:06 | INFO | Process-2[8680] | lab_equipment.PSU_SPD1000 | SPD1168X error queue after measure current: +0, No error
2026-09-26 23:43:06 | INFO | Process-2[8680] | lab_equipment.PSU_SPD1000 | SPD1168X error queue after check instrument status: +0, No error
2026-09-26 23:43:07 | INFO | Process-2[8680] | lab_equipment.PSU_SPD1000 | SPD1168X error queue after measure voltage: +0, No error
2026-09-26 23:43:07 | INFO | Process-2[8680] | lab_equipment.PSU_SPD1000 | SPD1168X error queue after measure current: +0, No error
2026-09-26 23:43:07 | INFO | Process-2[8680] | lab_equipment.PSU_SPD1000 | SPD1168X error queue after measure voltage: +0, No error
2026-09-26 23:43:07 | INFO | Process-2[8680] | lab_equipment.PSU_SPD1000 | SPD1168X error queue after measure current: +0, No error
2026-09-26 23:43:07 | INFO | Process-2[8680] | lab_equipment.PSU_SPD1000 | SPD1168X error queue after check instrument status: +0, No error
2026-09-26 23:43:08 | INFO | Process-2[8680] | lab_equipment.PSU_SPD1000 | SPD1168X error queue after measure voltage: +0, No error
2026-09-26 23:43:08 | INFO | Process-2[8680] | lab_equipment.PSU_SPD1000 | SPD1168X error queue after measure current: +0, No error
2026-09-26 23:43:08 | INFO | Process-2[8680] | lab_equipment.PSU_SPD1000 | SPD1168X error queue after check instrument status: +0, No error
2026-09-26 23:43:08 | INFO | Process-2[8680] | lab_equipment.PSU_SPD1000 | SPD1168X error queue after measure voltage: +0, No error
2026-09-26 23:43:08 | INFO | Process-2[8680] | lab_equipment.PSU_SPD1000 | SPD1168X error queue after measure current: +0, No error
2026-09-26 23:43:09 | INFO | Process-2[8680] | lab_equipment.PSU_SPD1000 | SPD1168X error queue after measure voltage: +0, No error
2026-09-26 23:43:09 | INFO | Process-2[8680] | lab_equipment.PSU_SPD1000 | SPD1168X error queue after measure current: +0, No error
2026-09-26 23:43:09 | INFO | Process-2[8680] | lab_equipment.PSU_SPD1000 | SPD1168X error queue after check instrument status: +0, No error
2026-09-26 23:43:09 | INFO | Process-2[8680] | lab_equipment.PSU_SPD1000 | SPD1168X error queue after measure voltage: +0, No error
2026-09-26 23:43:09 | INFO | Process-2[8680] | lab_equipment.PSU_SPD1000 | SPD1168X error queue after measure current: +0, No error
2026-09-26 23:43:10 | INFO | Process-2[8680] | lab_equipment.PSU_SPD1000 | SPD1168X error queue after check instrument status: +0, No error
2026-09-26 23:43:10 | INFO | Process-2[8680] | lab_equipment.PSU_SPD1000 | SPD1168X error queue after measure voltage: +0, No error
2026-09-26 23:43:10 | INFO | Process-2[8680] | lab_equipment.PSU_SPD1000 | SPD1168X error queue after measure current: +0, No error
2026-09-26 23:43:10 | INFO | Process-2[8680] | lab_equipment.PSU_SPD1000 | SPD1168X error queue after measure voltage: +0, No error
2026-09-26 23:43:10 | INFO | Process-2[8680] | lab_equipment.PSU_SPD1000 | SPD1168X error queue after measure current: +0, No error
2026-09-26 23:43:11 | INFO | Process-2[8680] | lab_equipment.PSU_SPD1000 | SPD1168X error queue after check instrument status: +0, No error
2026-09-26 23:43:11 | INFO | Process-2[8680] | lab_equipment.PSU_SPD1000 | SPD1168X error queue after measure voltage: +0, No error
2026-09-26 23:43:11 | INFO | Process-2[8680] | lab_equipment.PSU_SPD1000 | SPD1168X error queue after measure current: +0, No error
2026-09-26 23:43:11 | INFO | Process-2[8680] | lab_equipment.PSU_SPD1000 | SPD1168X error queue after measure voltage: +0, No error
2026-09-26 23:43:12 | INFO | Process-2[8680] | lab_equipment.PSU_SPD1000 | SPD1168X error queue after measure current: +0, No error
2026-09-26 23:43:12 | INFO | Process-2[8680] | lab_equipment.PSU_SPD1000 | SPD1168X error queue after check instrument status: +0, No error
2026-09-26 23:43:12 | INFO | Process-2[8680] | lab_equipment.PSU_SPD1000 | SPD1168X error queue after measure voltage: +0, No error
2026-09-26 23:43:13 | INFO | Process-2[8680] | lab_equipment.PSU_SPD1000 | SPD1168X error queue after measure current: +0, No error
2026-09-26 23:43:13 | INFO | Process-3[23176] | charge_discharge.cycle_executor | CH0 - Cycle 1 step 0 ending; reason: end_condition
2026-09-26 23:43:13 | INFO | Process-3[23176] | charge_discharge.cycle_executor | CH0 - Cycle 1 ending
2026-09-26 23:43:13 | INFO | Process-2[8680] | lab_equipment.PSU_SPD1000 | SPD1168X error queue after set current to 0: +0, No error
2026-09-26 23:43:13 | INFO | Process-2[8680] | lab_equipment.PSU_SPD1000 | SPD1168X error queue after query current setpoint: +0, No error
2026-09-26 23:43:13 | INFO | Process-2[8680] | lab_equipment.PSU_SPD1000 | SPD1168X error queue after set output off: +0, No error
2026-09-26 23:43:13 | INFO | Process-3[23176] | charge_discharge.cycle_executor | CH0 - All cycles completed
2026-09-26 23:43:13 | INFO | Process-2[8680] | lab_equipment.PSU_SPD1000 | SPD1168X error queue after set output off: +0, No error
2026-09-26 23:43:13 | INFO | Process-2[8680] | lab_equipment.PSU_SPD1000 | SPD1168X error queue after set command lock off: +0, No error
2026-09-26 23:52:26 | INFO | Process-2[36776] | lab_equipment.PSU_SPD1000 | SPD1168X error queue after initialize: select CH1: +0, No error
2026-09-26 23:52:26 | INFO | Process-2[36776] | lab_equipment.PSU_SPD1000 | SPD1168X error queue after initialize: query selected channel: +0, No error
2026-09-26 23:52:26 | INFO | Process-2[36776] | lab_equipment.PSU_SPD1000 | SPD1168X error queue after set command lock off: +0, No error
2026-09-26 23:52:26 | INFO | Process-2[36776] | lab_equipment.PSU_SPD1000 | SPD1168X error queue after set output off: +0, No error
2026-09-26 23:52:26 | INFO | Process-2[36776] | lab_equipment.PSU_SPD1000 | SPD1168X error queue after initialize: disable timer: +0, No error
2026-09-26 23:52:26 | INFO | Process-2[36776] | lab_equipment.PSU_SPD1000 | SPD1168X error queue after initialize: disable waveform: +0, No error
2026-09-26 23:52:26 | INFO | Process-2[36776] | lab_equipment.PSU_SPD1000 | SPD1168X error queue after set current to 0: +0, No error
2026-09-26 23:52:26 | INFO | Process-2[36776] | lab_equipment.PSU_SPD1000 | SPD1168X error queue after query current setpoint: +0, No error
2026-09-26 23:52:26 | INFO | Process-2[36776] | lab_equipment.PSU_SPD1000 | SPD1168X error queue after set voltage to 0: +0, No error
2026-09-26 23:52:27 | INFO | Process-2[36776] | lab_equipment.PSU_SPD1000 | SPD1168X error queue after query voltage setpoint: +0, No error
2026-09-26 23:52:27 | INFO | Process-2[36776] | lab_equipment.PSU_SPD1000 | SPD1168X error queue after set remote sense off: +0, No error
2026-09-26 23:52:27 | INFO | Process-2[36776] | lab_equipment.PSU_SPD1000 | SPD1168X error queue after check instrument status: +0, No error
2026-09-26 23:52:27 | INFO | Process-2[36776] | lab_equipment.PSU_SPD1000 | SPD1168X error queue after set remote sense off: +0, No error
2026-09-26 23:52:28 | INFO | Process-2[36776] | equipment | Virtual device connected: SPD1000
2026-09-26 23:52:28 | INFO | Process-2[36776] | lab_equipment.PSU_SPD1000 | SPD1168X error queue after set output off: +0, No error
2026-09-26 23:52:28 | INFO | Process-2[36776] | lab_equipment.PSU_SPD1000 | SPD1168X error queue after set command lock off: +0, No error
2026-09-26 23:56:55 | INFO | Process-2[21884] | lab_equipment.PSU_SPD1000 | SPD1168X error queue after initialize: select CH1: +0, No error
2026-09-26 23:56:55 | INFO | Process-2[21884] | lab_equipment.PSU_SPD1000 | SPD1168X error queue after initialize: query selected channel: +0, No error
2026-09-26 23:56:55 | INFO | Process-2[21884] | lab_equipment.PSU_SPD1000 | SPD1168X error queue after set command lock off: +0, No error
2026-09-26 23:56:55 | INFO | Process-2[21884] | lab_equipment.PSU_SPD1000 | SPD1168X error queue after set output off: +0, No error
2026-09-26 23:56:55 | INFO | Process-2[21884] | lab_equipment.PSU_SPD1000 | SPD1168X error queue after initialize: disable timer: +0, No error
2026-09-26 23:56:55 | INFO | Process-2[21884] | lab_equipment.PSU_SPD1000 | SPD1168X error queue after initialize: disable waveform: +0, No error
2026-09-26 23:56:55 | INFO | Process-2[21884] | lab_equipment.PSU_SPD1000 | SPD1168X error queue after set current to 0: +0, No error
2026-09-26 23:56:56 | INFO | Process-2[21884] | lab_equipment.PSU_SPD1000 | SPD1168X error queue after query current setpoint: +0, No error
2026-09-26 23:56:56 | INFO | Process-2[21884] | lab_equipment.PSU_SPD1000 | SPD1168X error queue after set voltage to 0: +0, No error
2026-09-26 23:56:56 | INFO | Process-2[21884] | lab_equipment.PSU_SPD1000 | SPD1168X error queue after query voltage setpoint: +0, No error
2026-09-26 23:56:56 | INFO | Process-2[21884] | lab_equipment.PSU_SPD1000 | SPD1168X error queue after set remote sense off: +0, No error
2026-09-26 23:56:56 | INFO | Process-2[21884] | lab_equipment.PSU_SPD1000 | SPD1168X error queue after check instrument status: +0, No error
2026-09-26 23:56:57 | INFO | Process-2[21884] | lab_equipment.PSU_SPD1000 | SPD1168X error queue after set remote sense off: +0, No error
2026-09-26 23:56:57 | INFO | Process-2[21884] | equipment | Virtual device connected: SPD1000
2026-09-26 23:57:09 | INFO | Process-2[21884] | lab_equipment.PSU_SPD1000 | SPD1168X error queue after set output off: +0, No error
2026-09-26 23:57:09 | INFO | Process-2[21884] | lab_equipment.PSU_SPD1000 | SPD1168X error queue after set command lock off: +0, No error
2026-09-27 00:06:38 | INFO | Process-2[43332] | lab_equipment.PSU_SPD1000 | SPD1168X error queue after initialize: select CH1: +0, No error
2026-09-27 00:06:38 | INFO | Process-2[43332] | lab_equipment.PSU_SPD1000 | SPD1168X error queue after initialize: query selected channel: +0, No error
2026-09-27 00:06:38 | INFO | Process-2[43332] | lab_equipment.PSU_SPD1000 | SPD1168X error queue after set command lock off: +0, No error
2026-09-27 00:06:38 | INFO | Process-2[43332] | lab_equipment.PSU_SPD1000 | SPD1168X error queue after set output off: +0, No error
2026-09-27 00:06:38 | INFO | Process-2[43332] | lab_equipment.PSU_SPD1000 | SPD1168X error queue after initialize: disable timer: +0, No error
2026-09-27 00:06:38 | INFO | Process-2[43332] | lab_equipment.PSU_SPD1000 | SPD1168X error queue after set current to 0: +0, No error
2026-09-27 00:06:38 | INFO | Process-2[43332] | lab_equipment.PSU_SPD1000 | SPD1168X error queue after query current setpoint: +0, No error
2026-09-27 00:06:39 | INFO | Process-2[43332] | lab_equipment.PSU_SPD1000 | SPD1168X error queue after set voltage to 0: +0, No error
2026-09-27 00:06:39 | INFO | Process-2[43332] | lab_equipment.PSU_SPD1000 | SPD1168X error queue after query voltage setpoint: +0, No error
2026-09-27 00:06:39 | INFO | Process-2[43332] | lab_equipment.PSU_SPD1000 | SPD1168X error queue after set remote sense off: +0, No error
2026-09-27 00:06:39 | INFO | Process-2[43332] | lab_equipment.PSU_SPD1000 | SPD1168X error queue after check instrument status: +0, No error
2026-09-27 00:06:39 | INFO | Process-2[43332] | lab_equipment.PSU_SPD1000 | SPD1168X error queue after set remote sense off: +0, No error
2026-09-27 00:06:40 | INFO | Process-2[43332] | equipment | Virtual device connected: SPD1000
2026-09-27 00:06:56 | INFO | Process-2[43332] | lab_equipment.PSU_SPD1000 | SPD1168X error queue after set output off: +0, No error
2026-09-27 00:06:56 | INFO | Process-2[43332] | lab_equipment.PSU_SPD1000 | SPD1168X error queue after set command lock off: +0, No error
2026-09-27 00:13:18 | INFO | Process-2[43072] | lab_equipment.PSU_SPD1000 | SPD1168X error queue after initialize: select CH1: +0, No error
2026-09-27 00:13:18 | INFO | Process-2[43072] | lab_equipment.PSU_SPD1000 | SPD1168X error queue after initialize: query selected channel: +0, No error
2026-09-27 00:13:18 | INFO | Process-2[43072] | lab_equipment.PSU_SPD1000 | SPD1168X error queue after set command lock off: +0, No error
2026-09-27 00:13:18 | INFO | Process-2[43072] | lab_equipment.PSU_SPD1000 | SPD1168X error queue after set output off: +0, No error
2026-09-27 00:13:18 | INFO | Process-2[43072] | lab_equipment.PSU_SPD1000 | SPD1168X error queue after initialize: disable timer: +0, No error
2026-09-27 00:13:18 | INFO | Process-2[43072] | lab_equipment.PSU_SPD1000 | SPD1168X error queue after set current to 0: +0, No error
2026-09-27 00:13:18 | INFO | Process-2[43072] | lab_equipment.PSU_SPD1000 | SPD1168X error queue after query current setpoint: +0, No error
2026-09-27 00:13:18 | INFO | Process-2[43072] | lab_equipment.PSU_SPD1000 | SPD1168X error queue after set voltage to 0: +0, No error
2026-09-27 00:13:18 | INFO | Process-2[43072] | lab_equipment.PSU_SPD1000 | SPD1168X error queue after query voltage setpoint: +0, No error
2026-09-27 00:13:19 | INFO | Process-2[43072] | lab_equipment.PSU_SPD1000 | SPD1168X error queue after set remote sense off: +0, No error
2026-09-27 00:13:19 | INFO | Process-2[43072] | lab_equipment.PSU_SPD1000 | SPD1168X error queue after check instrument status: +0, No error
2026-09-27 00:13:19 | INFO | Process-2[43072] | lab_equipment.PSU_SPD1000 | SPD1168X error queue after set remote sense off: +0, No error
2026-09-27 00:13:19 | INFO | Process-2[43072] | equipment | Virtual device connected: SPD1000
2026-09-27 00:13:21 | INFO | Process-2[43072] | lab_equipment.PSU_SPD1000 | SPD1168X error queue after set output off: +0, No error
2026-09-27 00:13:21 | INFO | Process-2[43072] | lab_equipment.PSU_SPD1000 | SPD1168X error queue after set voltage to 0: +0, No error
2026-09-27 00:13:21 | INFO | Process-2[43072] | lab_equipment.PSU_SPD1000 | SPD1168X error queue after query voltage setpoint: +0, No error
2026-09-27 00:13:21 | INFO | Process-2[43072] | lab_equipment.PSU_SPD1000 | SPD1168X error queue after set current to 0: +0, No error
2026-09-27 00:13:21 | INFO | Process-2[43072] | lab_equipment.PSU_SPD1000 | SPD1168X error queue after query current setpoint: +0, No error
2026-09-27 00:13:21 | INFO | Process-2[43072] | lab_equipment.PSU_SPD1000 | SPD1168X error queue after check instrument status: +0, No error
2026-09-27 00:13:22 | WARNING | Process-3[45452] | pint.util | Redefining 'ampere_hour' (<class 'pint.delegates.txt_defparser.plain.UnitDefinition'>)
2026-09-27 00:13:22 | WARNING | Process-3[45452] | pint.util | Redefining 'Ah' (<class 'pint.delegates.txt_defparser.plain.UnitDefinition'>)
2026-09-27 00:13:22 | WARNING | Process-3[45452] | pint.util | Redefining 'watt_hour' (<class 'pint.delegates.txt_defparser.plain.UnitDefinition'>)
2026-09-27 00:13:22 | WARNING | Process-3[45452] | pint.util | Redefining 'Wh' (<class 'pint.delegates.txt_defparser.plain.UnitDefinition'>)
2026-09-27 00:13:23 | INFO | Process-3[45452] | charge_discharge.cycle_executor | CH0 - Cycle 1 starting
2026-09-27 00:13:23 | INFO | Process-3[45452] | charge_discharge.cycle_executor | CH0 - Cycle settings: [{'cycle_type': 'step', 'cycle_display': 'CC charge 1 A for 30 s', 'drive_style': 'current_a', 'drive_value': 1.0, 'drive_value_other': 4.2, 'end_style': 'time_s', 'end_condition': 'greater', 'end_value': 30.0, 'meas_log_int_s': 1.0, 'safety_min_voltage_v': 2.8, 'safety_max_voltage_v': 4.2, 'safety_min_current_a': -10.0, 'safety_max_current_a': 8.0, 'safety_max_time_s': 40.0}]
2026-09-27 00:13:23 | INFO | Process-3[45452] | charge_discharge.cycle_executor | CH0 - Cycle 1 step 0 starting
2026-09-27 00:13:23 | INFO | Process-3[45452] | charge_discharge.cycle_executor | CH0 - Step settings: {'cycle_type': 'step', 'cycle_display': 'CC charge 1 A for 30 s', 'drive_style': 'current_a', 'drive_value': 1.0, 'drive_value_other': 4.2, 'end_style': 'time_s', 'end_condition': 'greater', 'end_value': 30.0, 'meas_log_int_s': 1.0, 'safety_min_voltage_v': 2.8, 'safety_max_voltage_v': 4.2, 'safety_min_current_a': -10.0, 'safety_max_current_a': 8.0, 'safety_max_time_s': 40.0}
2026-09-27 00:13:23 | INFO | Process-3[45452] | charge_discharge.runner | Voltage measurement equipment chosen
2026-09-27 00:13:23 | INFO | Process-3[45452] | charge_discharge.runner | Current measurement equipment chosen
2026-09-27 00:13:23 | INFO | Process-3[45452] | charge_discharge.runner | Current-driven step setup
2026-09-27 00:13:23 | INFO | Process-2[43072] | lab_equipment.PSU_SPD1000 | SPD1168X error queue after set current to 0: +0, No error
2026-09-27 00:13:23 | INFO | Process-2[43072] | lab_equipment.PSU_SPD1000 | SPD1168X error queue after query current setpoint: +0, No error
2026-09-27 00:13:24 | INFO | Process-2[43072] | lab_equipment.PSU_SPD1000 | SPD1168X error queue after set output off: +0, No error
2026-09-27 00:13:24 | INFO | Process-2[43072] | lab_equipment.PSU_SPD1000 | SPD1168X error queue after set current to 1.0: +0, No error
2026-09-27 00:13:24 | INFO | Process-2[43072] | lab_equipment.PSU_SPD1000 | SPD1168X error queue after query current setpoint: +0, No error
2026-09-27 00:13:24 | INFO | Process-2[43072] | lab_equipment.PSU_SPD1000 | SPD1168X error queue after set voltage to 4.2: +0, No error
2026-09-27 00:13:24 | INFO | Process-2[43072] | lab_equipment.PSU_SPD1000 | SPD1168X error queue after query voltage setpoint: +0, No error
2026-09-27 00:13:24 | INFO | Process-2[43072] | lab_equipment.PSU_SPD1000 | SPD1168X error queue after set output on: +0, No error
2026-09-27 00:13:24 | INFO | Process-3[45452] | charge_discharge.runner | Start step successful
2026-09-27 00:13:24 | INFO | Process-2[43072] | lab_equipment.PSU_SPD1000 | SPD1168X error queue after check instrument status: +0, No error
2026-09-27 00:13:24 | INFO | Process-2[43072] | lab_equipment.PSU_SPD1000 | SPD1168X error queue after measure voltage: +0, No error
2026-09-27 00:13:24 | INFO | Process-2[43072] | lab_equipment.PSU_SPD1000 | SPD1168X error queue after measure current: +0, No error
2026-09-27 00:13:24 | INFO | Process-3[45452] | charge_discharge.runner | End condition before measurement loop: none
2026-09-27 00:13:25 | INFO | Process-2[43072] | lab_equipment.PSU_SPD1000 | SPD1168X error queue after check instrument status: +0, No error
2026-09-27 00:13:25 | INFO | Process-2[43072] | lab_equipment.PSU_SPD1000 | SPD1168X error queue after measure voltage: +0, No error
2026-09-27 00:13:25 | INFO | Process-2[43072] | lab_equipment.PSU_SPD1000 | SPD1168X error queue after measure current: +0, No error
2026-09-27 00:13:26 | INFO | Process-2[43072] | lab_equipment.PSU_SPD1000 | SPD1168X error queue after measure voltage: +0, No error
2026-09-27 00:13:26 | INFO | Process-2[43072] | lab_equipment.PSU_SPD1000 | SPD1168X error queue after measure current: +0, No error
2026-09-27 00:13:26 | INFO | Process-2[43072] | lab_equipment.PSU_SPD1000 | SPD1168X error queue after check instrument status: +0, No error
2026-09-27 00:13:27 | INFO | Process-2[43072] | lab_equipment.PSU_SPD1000 | SPD1168X error queue after measure voltage: +0, No error
2026-09-27 00:13:27 | INFO | Process-2[43072] | lab_equipment.PSU_SPD1000 | SPD1168X error queue after measure current: +0, No error
2026-09-27 00:13:27 | INFO | Process-2[43072] | lab_equipment.PSU_SPD1000 | SPD1168X error queue after measure voltage: +0, No error
2026-09-27 00:13:27 | INFO | Process-2[43072] | lab_equipment.PSU_SPD1000 | SPD1168X error queue after measure current: +0, No error
2026-09-27 00:13:27 | INFO | Process-2[43072] | lab_equipment.PSU_SPD1000 | SPD1168X error queue after check instrument status: +0, No error
2026-09-27 00:13:28 | INFO | Process-2[43072] | lab_equipment.PSU_SPD1000 | SPD1168X error queue after measure voltage: +0, No error
2026-09-27 00:13:28 | INFO | Process-2[43072] | lab_equipment.PSU_SPD1000 | SPD1168X error queue after measure current: +0, No error
2026-09-27 00:13:28 | INFO | Process-2[43072] | lab_equipment.PSU_SPD1000 | SPD1168X error queue after measure voltage: +0, No error
2026-09-27 00:13:28 | INFO | Process-2[43072] | lab_equipment.PSU_SPD1000 | SPD1168X error queue after measure current: +0, No error
2026-09-27 00:13:28 | INFO | Process-2[43072] | lab_equipment.PSU_SPD1000 | SPD1168X error queue after check instrument status: +0, No error
2026-09-27 00:13:29 | INFO | Process-2[43072] | lab_equipment.PSU_SPD1000 | SPD1168X error queue after measure voltage: +0, No error
2026-09-27 00:13:29 | INFO | Process-2[43072] | lab_equipment.PSU_SPD1000 | SPD1168X error queue after measure current: +0, No error
2026-09-27 00:13:29 | INFO | Process-2[43072] | lab_equipment.PSU_SPD1000 | SPD1168X error queue after measure voltage: +0, No error
2026-09-27 00:13:29 | INFO | Process-2[43072] | lab_equipment.PSU_SPD1000 | SPD1168X error queue after measure current: +0, No error
2026-09-27 00:13:29 | INFO | Process-2[43072] | lab_equipment.PSU_SPD1000 | SPD1168X error queue after check instrument status: +0, No error
2026-09-27 00:13:30 | INFO | Process-2[43072] | lab_equipment.PSU_SPD1000 | SPD1168X error queue after measure voltage: +0, No error
2026-09-27 00:13:30 | INFO | Process-2[43072] | lab_equipment.PSU_SPD1000 | SPD1168X error queue after measure current: +0, No error
2026-09-27 00:13:30 | INFO | Process-2[43072] | lab_equipment.PSU_SPD1000 | SPD1168X error queue after check instrument status: +0, No error
2026-09-27 00:13:30 | INFO | Process-2[43072] | lab_equipment.PSU_SPD1000 | SPD1168X error queue after measure voltage: +0, No error
2026-09-27 00:13:30 | INFO | Process-2[43072] | lab_equipment.PSU_SPD1000 | SPD1168X error queue after measure current: +0, No error
2026-09-27 00:13:31 | INFO | Process-2[43072] | lab_equipment.PSU_SPD1000 | SPD1168X error queue after check instrument status: +0, No error
2026-09-27 00:13:31 | INFO | Process-2[43072] | lab_equipment.PSU_SPD1000 | SPD1168X error queue after measure voltage: +0, No error
2026-09-27 00:13:31 | INFO | Process-2[43072] | lab_equipment.PSU_SPD1000 | SPD1168X error queue after measure current: +0, No error
2026-09-27 00:13:31 | INFO | Process-2[43072] | lab_equipment.PSU_SPD1000 | SPD1168X error queue after measure voltage: +0, No error
2026-09-27 00:13:31 | INFO | Process-2[43072] | lab_equipment.PSU_SPD1000 | SPD1168X error queue after measure current: +0, No error
2026-09-27 00:13:32 | INFO | Process-2[43072] | lab_equipment.PSU_SPD1000 | SPD1168X error queue after check instrument status: +0, No error
2026-09-27 00:13:32 | INFO | Process-2[43072] | lab_equipment.PSU_SPD1000 | SPD1168X error queue after measure voltage: +0, No error
2026-09-27 00:13:32 | INFO | Process-2[43072] | lab_equipment.PSU_SPD1000 | SPD1168X error queue after measure current: +0, No error
2026-09-27 00:13:32 | INFO | Process-2[43072] | lab_equipment.PSU_SPD1000 | SPD1168X error queue after measure voltage: +0, No error
2026-09-27 00:13:32 | INFO | Process-2[43072] | lab_equipment.PSU_SPD1000 | SPD1168X error queue after measure current: +0, No error
2026-09-27 00:13:33 | INFO | Process-2[43072] | lab_equipment.PSU_SPD1000 | SPD1168X error queue after check instrument status: +0, No error
2026-09-27 00:13:33 | INFO | Process-2[43072] | lab_equipment.PSU_SPD1000 | SPD1168X error queue after measure voltage: +0, No error
2026-09-27 00:13:33 | INFO | Process-2[43072] | lab_equipment.PSU_SPD1000 | SPD1168X error queue after measure current: +0, No error
2026-09-27 00:13:33 | INFO | Process-2[43072] | lab_equipment.PSU_SPD1000 | SPD1168X error queue after measure voltage: +0, No error
2026-09-27 00:13:33 | INFO | Process-2[43072] | lab_equipment.PSU_SPD1000 | SPD1168X error queue after measure current: +0, No error
2026-09-27 00:13:34 | INFO | Process-2[43072] | lab_equipment.PSU_SPD1000 | SPD1168X error queue after check instrument status: +0, No error
2026-09-27 00:13:34 | INFO | Process-2[43072] | lab_equipment.PSU_SPD1000 | SPD1168X error queue after measure voltage: +0, No error
2026-09-27 00:13:34 | INFO | Process-2[43072] | lab_equipment.PSU_SPD1000 | SPD1168X error queue after measure current: +0, No error
2026-09-27 00:13:35 | INFO | Process-2[43072] | lab_equipment.PSU_SPD1000 | SPD1168X error queue after measure voltage: +0, No error
2026-09-27 00:13:35 | INFO | Process-2[43072] | lab_equipment.PSU_SPD1000 | SPD1168X error queue after measure current: +0, No error
2026-09-27 00:13:35 | INFO | Process-2[43072] | lab_equipment.PSU_SPD1000 | SPD1168X error queue after check instrument status: +0, No error
2026-09-27 00:13:36 | INFO | Process-2[43072] | lab_equipment.PSU_SPD1000 | SPD1168X error queue after measure voltage: +0, No error
2026-09-27 00:13:36 | INFO | Process-2[43072] | lab_equipment.PSU_SPD1000 | SPD1168X error queue after measure current: +0, No error
2026-09-27 00:13:36 | INFO | Process-2[43072] | lab_equipment.PSU_SPD1000 | SPD1168X error queue after measure voltage: +0, No error
2026-09-27 00:13:36 | INFO | Process-2[43072] | lab_equipment.PSU_SPD1000 | SPD1168X error queue after measure current: +0, No error
2026-09-27 00:13:36 | INFO | Process-2[43072] | lab_equipment.PSU_SPD1000 | SPD1168X error queue after check instrument status: +0, No error
2026-09-27 00:13:37 | INFO | Process-2[43072] | lab_equipment.PSU_SPD1000 | SPD1168X error queue after measure voltage: +0, No error
2026-09-27 00:13:37 | INFO | Process-2[43072] | lab_equipment.PSU_SPD1000 | SPD1168X error queue after measure current: +0, No error
2026-09-27 00:13:37 | INFO | Process-2[43072] | lab_equipment.PSU_SPD1000 | SPD1168X error queue after measure voltage: +0, No error
2026-09-27 00:13:37 | INFO | Process-2[43072] | lab_equipment.PSU_SPD1000 | SPD1168X error queue after measure current: +0, No error
2026-09-27 00:13:37 | INFO | Process-2[43072] | lab_equipment.PSU_SPD1000 | SPD1168X error queue after check instrument status: +0, No error
2026-09-27 00:13:38 | INFO | Process-2[43072] | lab_equipment.PSU_SPD1000 | SPD1168X error queue after measure voltage: +0, No error
2026-09-27 00:13:38 | INFO | Process-2[43072] | lab_equipment.PSU_SPD1000 | SPD1168X error queue after measure current: +0, No error
2026-09-27 00:13:38 | INFO | Process-2[43072] | lab_equipment.PSU_SPD1000 | SPD1168X error queue after measure voltage: +0, No error
2026-09-27 00:13:38 | INFO | Process-2[43072] | lab_equipment.PSU_SPD1000 | SPD1168X error queue after measure current: +0, No error
2026-09-27 00:13:38 | INFO | Process-2[43072] | lab_equipment.PSU_SPD1000 | SPD1168X error queue after check instrument status: +0, No error
2026-09-27 00:13:39 | INFO | Process-2[43072] | lab_equipment.PSU_SPD1000 | SPD1168X error queue after measure voltage: +0, No error
2026-09-27 00:13:39 | INFO | Process-2[43072] | lab_equipment.PSU_SPD1000 | SPD1168X error queue after measure current: +0, No error
2026-09-27 00:13:39 | INFO | Process-2[43072] | lab_equipment.PSU_SPD1000 | SPD1168X error queue after measure voltage: +0, No error
2026-09-27 00:13:39 | INFO | Process-2[43072] | lab_equipment.PSU_SPD1000 | SPD1168X error queue after measure current: +0, No error
2026-09-27 00:13:39 | INFO | Process-2[43072] | lab_equipment.PSU_SPD1000 | SPD1168X error queue after check instrument status: +0, No error
2026-09-27 00:13:40 | INFO | Process-2[43072] | lab_equipment.PSU_SPD1000 | SPD1168X error queue after measure voltage: +0, No error
2026-09-27 00:13:40 | INFO | Process-2[43072] | lab_equipment.PSU_SPD1000 | SPD1168X error queue after measure current: +0, No error
2026-09-27 00:13:40 | INFO | Process-2[43072] | lab_equipment.PSU_SPD1000 | SPD1168X error queue after check instrument status: +0, No error
2026-09-27 00:13:40 | INFO | Process-2[43072] | lab_equipment.PSU_SPD1000 | SPD1168X error queue after measure voltage: +0, No error
2026-09-27 00:13:40 | INFO | Process-2[43072] | lab_equipment.PSU_SPD1000 | SPD1168X error queue after measure current: +0, No error
2026-09-27 00:13:41 | INFO | Process-2[43072] | lab_equipment.PSU_SPD1000 | SPD1168X error queue after measure voltage: +0, No error
2026-09-27 00:13:41 | INFO | Process-2[43072] | lab_equipment.PSU_SPD1000 | SPD1168X error queue after measure current: +0, No error
2026-09-27 00:13:41 | INFO | Process-2[43072] | lab_equipment.PSU_SPD1000 | SPD1168X error queue after check instrument status: +0, No error
2026-09-27 00:13:41 | INFO | Process-2[43072] | lab_equipment.PSU_SPD1000 | SPD1168X error queue after measure voltage: +0, No error
2026-09-27 00:13:41 | INFO | Process-2[43072] | lab_equipment.PSU_SPD1000 | SPD1168X error queue after measure current: +0, No error
2026-09-27 00:13:42 | INFO | Process-2[43072] | lab_equipment.PSU_SPD1000 | SPD1168X error queue after check instrument status: +0, No error
2026-09-27 00:13:42 | INFO | Process-2[43072] | lab_equipment.PSU_SPD1000 | SPD1168X error queue after measure voltage: +0, No error
2026-09-27 00:13:42 | INFO | Process-2[43072] | lab_equipment.PSU_SPD1000 | SPD1168X error queue after measure current: +0, No error
2026-09-27 00:13:42 | INFO | Process-2[43072] | lab_equipment.PSU_SPD1000 | SPD1168X error queue after measure voltage: +0, No error
2026-09-27 00:13:42 | INFO | Process-2[43072] | lab_equipment.PSU_SPD1000 | SPD1168X error queue after measure current: +0, No error
2026-09-27 00:13:43 | INFO | Process-2[43072] | lab_equipment.PSU_SPD1000 | SPD1168X error queue after check instrument status: +0, No error
2026-09-27 00:13:43 | INFO | Process-2[43072] | lab_equipment.PSU_SPD1000 | SPD1168X error queue after measure voltage: +0, No error
2026-09-27 00:13:43 | INFO | Process-2[43072] | lab_equipment.PSU_SPD1000 | SPD1168X error queue after measure current: +0, No error
2026-09-27 00:13:44 | INFO | Process-2[43072] | lab_equipment.PSU_SPD1000 | SPD1168X error queue after measure voltage: +0, No error
2026-09-27 00:13:44 | INFO | Process-2[43072] | lab_equipment.PSU_SPD1000 | SPD1168X error queue after measure current: +0, No error
2026-09-27 00:13:44 | INFO | Process-2[43072] | lab_equipment.PSU_SPD1000 | SPD1168X error queue after check instrument status: +0, No error
2026-09-27 00:13:44 | INFO | Process-2[43072] | lab_equipment.PSU_SPD1000 | SPD1168X error queue after measure voltage: +0, No error
2026-09-27 00:13:45 | INFO | Process-2[43072] | lab_equipment.PSU_SPD1000 | SPD1168X error queue after measure current: +0, No error
2026-09-27 00:13:45 | INFO | Process-2[43072] | lab_equipment.PSU_SPD1000 | SPD1168X error queue after measure voltage: +0, No error
2026-09-27 00:13:45 | INFO | Process-2[43072] | lab_equipment.PSU_SPD1000 | SPD1168X error queue after measure current: +0, No error
2026-09-27 00:13:45 | INFO | Process-2[43072] | lab_equipment.PSU_SPD1000 | SPD1168X error queue after check instrument status: +0, No error
2026-09-27 00:13:46 | INFO | Process-2[43072] | lab_equipment.PSU_SPD1000 | SPD1168X error queue after measure voltage: +0, No error
2026-09-27 00:13:46 | INFO | Process-2[43072] | lab_equipment.PSU_SPD1000 | SPD1168X error queue after measure current: +0, No error
2026-09-27 00:13:46 | INFO | Process-2[43072] | lab_equipment.PSU_SPD1000 | SPD1168X error queue after measure voltage: +0, No error
2026-09-27 00:13:46 | INFO | Process-2[43072] | lab_equipment.PSU_SPD1000 | SPD1168X error queue after measure current: +0, No error
2026-09-27 00:13:46 | INFO | Process-2[43072] | lab_equipment.PSU_SPD1000 | SPD1168X error queue after check instrument status: +0, No error
2026-09-27 00:13:47 | INFO | Process-2[43072] | lab_equipment.PSU_SPD1000 | SPD1168X error queue after measure voltage: +0, No error
2026-09-27 00:13:47 | INFO | Process-2[43072] | lab_equipment.PSU_SPD1000 | SPD1168X error queue after measure current: +0, No error
2026-09-27 00:13:47 | INFO | Process-2[43072] | lab_equipment.PSU_SPD1000 | SPD1168X error queue after measure voltage: +0, No error
2026-09-27 00:13:47 | INFO | Process-2[43072] | lab_equipment.PSU_SPD1000 | SPD1168X error queue after measure current: +0, No error
2026-09-27 00:13:47 | INFO | Process-2[43072] | lab_equipment.PSU_SPD1000 | SPD1168X error queue after check instrument status: +0, No error
2026-09-27 00:13:48 | INFO | Process-2[43072] | lab_equipment.PSU_SPD1000 | SPD1168X error queue after measure voltage: +0, No error
2026-09-27 00:13:48 | INFO | Process-2[43072] | lab_equipment.PSU_SPD1000 | SPD1168X error queue after measure current: +0, No error
2026-09-27 00:13:48 | INFO | Process-2[43072] | lab_equipment.PSU_SPD1000 | SPD1168X error queue after measure voltage: +0, No error
2026-09-27 00:13:48 | INFO | Process-2[43072] | lab_equipment.PSU_SPD1000 | SPD1168X error queue after measure current: +0, No error
2026-09-27 00:13:48 | INFO | Process-2[43072] | lab_equipment.PSU_SPD1000 | SPD1168X error queue after check instrument status: +0, No error
2026-09-27 00:13:49 | INFO | Process-2[43072] | lab_equipment.PSU_SPD1000 | SPD1168X error queue after measure voltage: +0, No error
2026-09-27 00:13:49 | INFO | Process-2[43072] | lab_equipment.PSU_SPD1000 | SPD1168X error queue after measure current: +0, No error
2026-09-27 00:13:49 | INFO | Process-2[43072] | lab_equipment.PSU_SPD1000 | SPD1168X error queue after measure voltage: +0, No error
2026-09-27 00:13:49 | INFO | Process-2[43072] | lab_equipment.PSU_SPD1000 | SPD1168X error queue after measure current: +0, No error
2026-09-27 00:13:49 | INFO | Process-2[43072] | lab_equipment.PSU_SPD1000 | SPD1168X error queue after check instrument status: +0, No error
2026-09-27 00:13:50 | INFO | Process-2[43072] | lab_equipment.PSU_SPD1000 | SPD1168X error queue after measure voltage: +0, No error
2026-09-27 00:13:50 | INFO | Process-2[43072] | lab_equipment.PSU_SPD1000 | SPD1168X error queue after measure current: +0, No error
2026-09-27 00:13:50 | INFO | Process-2[43072] | lab_equipment.PSU_SPD1000 | SPD1168X error queue after measure voltage: +0, No error
2026-09-27 00:13:50 | INFO | Process-2[43072] | lab_equipment.PSU_SPD1000 | SPD1168X error queue after measure current: +0, No error
2026-09-27 00:13:50 | INFO | Process-2[43072] | lab_equipment.PSU_SPD1000 | SPD1168X error queue after check instrument status: +0, No error
2026-09-27 00:13:51 | INFO | Process-2[43072] | lab_equipment.PSU_SPD1000 | SPD1168X error queue after measure voltage: +0, No error
2026-09-27 00:13:51 | INFO | Process-2[43072] | lab_equipment.PSU_SPD1000 | SPD1168X error queue after measure current: +0, No error
2026-09-27 00:13:51 | INFO | Process-2[43072] | lab_equipment.PSU_SPD1000 | SPD1168X error queue after check instrument status: +0, No error
2026-09-27 00:13:51 | INFO | Process-2[43072] | lab_equipment.PSU_SPD1000 | SPD1168X error queue after measure voltage: +0, No error
2026-09-27 00:13:51 | INFO | Process-2[43072] | lab_equipment.PSU_SPD1000 | SPD1168X error queue after measure current: +0, No error
2026-09-27 00:13:52 | INFO | Process-2[43072] | lab_equipment.PSU_SPD1000 | SPD1168X error queue after measure voltage: +0, No error
2026-09-27 00:13:52 | INFO | Process-2[43072] | lab_equipment.PSU_SPD1000 | SPD1168X error queue after measure current: +0, No error
2026-09-27 00:13:52 | INFO | Process-2[43072] | lab_equipment.PSU_SPD1000 | SPD1168X error queue after check instrument status: +0, No error
2026-09-27 00:13:52 | INFO | Process-2[43072] | lab_equipment.PSU_SPD1000 | SPD1168X error queue after measure voltage: +0, No error
2026-09-27 00:13:53 | INFO | Process-2[43072] | lab_equipment.PSU_SPD1000 | SPD1168X error queue after measure current: +0, No error
2026-09-27 00:13:53 | INFO | Process-2[43072] | lab_equipment.PSU_SPD1000 | SPD1168X error queue after check instrument status: +0, No error
2026-09-27 00:13:53 | INFO | Process-2[43072] | lab_equipment.PSU_SPD1000 | SPD1168X error queue after measure voltage: +0, No error
2026-09-27 00:13:54 | INFO | Process-2[43072] | lab_equipment.PSU_SPD1000 | SPD1168X error queue after measure current: +0, No error
2026-09-27 00:13:54 | INFO | Process-2[43072] | lab_equipment.PSU_SPD1000 | SPD1168X error queue after measure voltage: +0, No error
2026-09-27 00:13:54 | INFO | Process-2[43072] | lab_equipment.PSU_SPD1000 | SPD1168X error queue after measure current: +0, No error
2026-09-27 00:13:54 | INFO | Process-2[43072] | lab_equipment.PSU_SPD1000 | SPD1168X error queue after check instrument status: +0, No error
2026-09-27 00:13:55 | INFO | Process-2[43072] | lab_equipment.PSU_SPD1000 | SPD1168X error queue after measure voltage: +0, No error
2026-09-27 00:13:55 | INFO | Process-2[43072] | lab_equipment.PSU_SPD1000 | SPD1168X error queue after measure current: +0, No error
2026-09-27 00:13:55 | INFO | Process-3[45452] | charge_discharge.cycle_executor | CH0 - Cycle 1 step 0 ending; reason: end_condition
2026-09-27 00:13:55 | INFO | Process-3[45452] | charge_discharge.cycle_executor | CH0 - Cycle 1 ending
2026-09-27 00:13:55 | INFO | Process-2[43072] | lab_equipment.PSU_SPD1000 | SPD1168X error queue after set current to 0: +0, No error
2026-09-27 00:13:55 | INFO | Process-2[43072] | lab_equipment.PSU_SPD1000 | SPD1168X error queue after query current setpoint: +0, No error
2026-09-27 00:13:55 | INFO | Process-2[43072] | lab_equipment.PSU_SPD1000 | SPD1168X error queue after set output off: +0, No error
2026-09-27 00:13:55 | INFO | Process-3[45452] | charge_discharge.cycle_executor | CH0 - All cycles completed
2026-09-27 00:13:55 | INFO | Process-2[43072] | lab_equipment.PSU_SPD1000 | SPD1168X error queue after set output off: +0, No error
2026-09-27 00:13:55 | INFO | Process-2[43072] | lab_equipment.PSU_SPD1000 | SPD1168X error queue after set command lock off: +0, No error
2026-09-27 00:19:47 | INFO | Process-2[26668] | equipment | Virtual device connected: SPD1000
2026-09-27 00:19:49 | WARNING | Process-3[43764] | pint.util | Redefining 'ampere_hour' (<class 'pint.delegates.txt_defparser.plain.UnitDefinition'>)
2026-09-27 00:19:49 | WARNING | Process-3[43764] | pint.util | Redefining 'Ah' (<class 'pint.delegates.txt_defparser.plain.UnitDefinition'>)
2026-09-27 00:19:49 | WARNING | Process-3[43764] | pint.util | Redefining 'watt_hour' (<class 'pint.delegates.txt_defparser.plain.UnitDefinition'>)
2026-09-27 00:19:49 | WARNING | Process-3[43764] | pint.util | Redefining 'Wh' (<class 'pint.delegates.txt_defparser.plain.UnitDefinition'>)
2026-09-27 00:19:51 | INFO | Process-3[43764] | charge_discharge.cycle_executor | CH0 - Cycle 1 starting
2026-09-27 00:19:51 | INFO | Process-3[43764] | charge_discharge.cycle_executor | CH0 - Cycle settings: [{'cycle_type': 'step', 'cycle_display': 'CC charge 1 A for 30 s', 'drive_style': 'current_a', 'drive_value': 1.0, 'drive_value_other': 4.2, 'end_style': 'time_s', 'end_condition': 'greater', 'end_value': 30.0, 'meas_log_int_s': 1.0, 'safety_min_voltage_v': 2.8, 'safety_max_voltage_v': 4.2, 'safety_min_current_a': -10.0, 'safety_max_current_a': 8.0, 'safety_max_time_s': 40.0}]
2026-09-27 00:19:51 | INFO | Process-3[43764] | charge_discharge.cycle_executor | CH0 - Cycle 1 step 0 starting
2026-09-27 00:19:51 | INFO | Process-3[43764] | charge_discharge.cycle_executor | CH0 - Step settings: {'cycle_type': 'step', 'cycle_display': 'CC charge 1 A for 30 s', 'drive_style': 'current_a', 'drive_value': 1.0, 'drive_value_other': 4.2, 'end_style': 'time_s', 'end_condition': 'greater', 'end_value': 30.0, 'meas_log_int_s': 1.0, 'safety_min_voltage_v': 2.8, 'safety_max_voltage_v': 4.2, 'safety_min_current_a': -10.0, 'safety_max_current_a': 8.0, 'safety_max_time_s': 40.0}
2026-09-27 00:19:51 | INFO | Process-3[43764] | charge_discharge.runner | Voltage measurement equipment chosen
2026-09-27 00:19:51 | INFO | Process-3[43764] | charge_discharge.runner | Current measurement equipment chosen
2026-09-27 00:19:51 | INFO | Process-3[43764] | charge_discharge.runner | Current-driven step setup
2026-09-27 00:19:51 | INFO | Process-3[43764] | charge_discharge.runner | Start step successful
2026-09-27 00:19:52 | INFO | Process-3[43764] | charge_discharge.runner | End condition before measurement loop: none
2026-09-27 00:20:22 | INFO | Process-3[43764] | charge_discharge.cycle_executor | CH0 - Cycle 1 step 0 ending; reason: end_condition
2026-09-27 00:20:22 | INFO | Process-3[43764] | charge_discharge.cycle_executor | CH0 - Cycle 1 ending
2026-09-27 00:20:22 | INFO | Process-3[43764] | charge_discharge.cycle_executor | CH0 - All cycles completed
2026-09-27 00:25:05 | INFO | Process-2[23648] | equipment | Virtual device connected: SPD1000
2026-09-27 00:25:07 | WARNING | Process-3[4668] | pint.util | Redefining 'ampere_hour' (<class 'pint.delegates.txt_defparser.plain.UnitDefinition'>)
2026-09-27 00:25:07 | WARNING | Process-3[4668] | pint.util | Redefining 'Ah' (<class 'pint.delegates.txt_defparser.plain.UnitDefinition'>)
2026-09-27 00:25:07 | WARNING | Process-3[4668] | pint.util | Redefining 'watt_hour' (<class 'pint.delegates.txt_defparser.plain.UnitDefinition'>)
2026-09-27 00:25:07 | WARNING | Process-3[4668] | pint.util | Redefining 'Wh' (<class 'pint.delegates.txt_defparser.plain.UnitDefinition'>)
2026-09-27 00:25:09 | INFO | Process-3[4668] | charge_discharge.cycle_executor | CH0 - Cycle 1 starting
2026-09-27 00:25:09 | INFO | Process-3[4668] | charge_discharge.cycle_executor | CH0 - Cycle settings: [{'cycle_type': 'step', 'cycle_display': 'CC charge 1 A for 30 s', 'drive_style': 'current_a', 'drive_value': 1.0, 'drive_value_other': 4.2, 'end_style': 'time_s', 'end_condition': 'greater', 'end_value': 30.0, 'meas_log_int_s': 1.0, 'safety_min_voltage_v': 2.8, 'safety_max_voltage_v': 4.2, 'safety_min_current_a': -10.0, 'safety_max_current_a': 8.0, 'safety_max_time_s': 40.0}]
2026-09-27 00:25:09 | INFO | Process-3[4668] | charge_discharge.cycle_executor | CH0 - Cycle 1 step 0 starting
2026-09-27 00:25:09 | INFO | Process-3[4668] | charge_discharge.cycle_executor | CH0 - Step settings: {'cycle_type': 'step', 'cycle_display': 'CC charge 1 A for 30 s', 'drive_style': 'current_a', 'drive_value': 1.0, 'drive_value_other': 4.2, 'end_style': 'time_s', 'end_condition': 'greater', 'end_value': 30.0, 'meas_log_int_s': 1.0, 'safety_min_voltage_v': 2.8, 'safety_max_voltage_v': 4.2, 'safety_min_current_a': -10.0, 'safety_max_current_a': 8.0, 'safety_max_time_s': 40.0}
2026-09-27 00:25:09 | INFO | Process-3[4668] | charge_discharge.runner | Voltage measurement equipment chosen
2026-09-27 00:25:09 | INFO | Process-3[4668] | charge_discharge.runner | Current measurement equipment chosen
2026-09-27 00:25:09 | INFO | Process-3[4668] | charge_discharge.runner | Current-driven step setup
2026-09-27 00:25:10 | INFO | Process-3[4668] | charge_discharge.runner | Start step successful
2026-09-27 00:25:10 | INFO | Process-3[4668] | charge_discharge.runner | End condition before measurement loop: none
2026-09-27 00:25:33 | WARNING | Process-3[4668] | charge_discharge.cycle_executor | CH0 - Keyboard interrupt
